date,channel,campaign,spend,clicks,impressions,sales_cost
2012-03-19,Google,nonbrand,184.95,137,685,22.19
2012-03-20,Google,nonbrand,217.35,161,805,26.08
2012-03-21,Google,nonbrand,257.85,191,955,30.94
2012-03-22,Google,nonbrand,238.95,177,885,28.67
2012-03-23,Google,nonbrand,210.6,156,780,25.27
2012-03-24,Google,nonbrand,99.9,74,370,11.99
2012-03-25,Google,brand,1.35,1,5,0.16
2012-03-25,Google,nonbrand,93.15,69,345,11.18
2012-03-25,direct,(direct),0.0,3,3,0.0
2012-03-26,Affiliate,(organic/referral),0.15,1,2,0.01
2012-03-26,Google,brand,2.7,2,10,0.32
2012-03-26,Google,nonbrand,229.5,170,850,27.54
2012-03-26,direct,(direct),0.0,2,2,0.0
2012-03-27,Affiliate,(organic/referral),0.45,3,6,0.02
2012-03-27,Bing,brand,1.1,1,4,0.13
2012-03-27,Google,brand,1.35,1,5,0.16
2012-03-27,Google,nonbrand,210.6,156,780,25.27
2012-03-27,direct,(direct),0.0,2,2,0.0
2012-03-28,Affiliate,(organic/referral),0.3,2,4,0.02
2012-03-28,Google,brand,1.35,1,5,0.16
2012-03-28,Google,nonbrand,216.0,160,800,25.92
2012-03-28,direct,(direct),0.0,2,2,0.0
2012-03-29,Bing,brand,1.1,1,4,0.13
2012-03-29,Google,brand,1.35,1,5,0.16
2012-03-29,Google,nonbrand,229.5,170,850,27.54
2012-03-30,Affiliate,(organic/referral),0.15,1,2,0.01
2012-03-30,Google,brand,2.7,2,10,0.32
2012-03-30,Google,nonbrand,191.7,142,710,23.0
2012-03-31,Affiliate,(organic/referral),0.15,1,2,0.01
2012-03-31,Google,nonbrand,120.15,89,445,14.42
2012-04-01,Affiliate,(organic/referral),0.3,2,4,0.02
2012-04-01,Google,nonbrand,125.55,93,465,15.07
2012-04-01,direct,(direct),0.0,2,2,0.0
2012-04-02,Affiliate,(organic/referral),0.15,1,2,0.01
2012-04-02,Bing,brand,1.1,1,4,0.13
2012-04-02,Google,brand,1.35,1,5,0.16
2012-04-02,Google,nonbrand,234.9,174,870,28.19
2012-04-02,direct,(direct),0.0,4,4,0.0
2012-04-03,Affiliate,(organic/referral),0.3,2,4,0.02
2012-04-03,Google,brand,4.05,3,15,0.49
2012-04-03,Google,nonbrand,271.35,201,1005,32.56
2012-04-03,direct,(direct),0.0,1,1,0.0
2012-04-04,Affiliate,(organic/referral),0.45,3,6,0.02
2012-04-04,Bing,brand,1.1,1,4,0.13
2012-04-04,Google,brand,4.05,3,15,0.49
2012-04-04,Google,nonbrand,257.85,191,955,30.94
2012-04-04,direct,(direct),0.0,1,1,0.0
2012-04-05,Affiliate,(organic/referral),0.15,1,2,0.01
2012-04-05,Google,brand,2.7,2,10,0.32
2012-04-05,Google,nonbrand,302.4,224,1120,36.29
2012-04-05,direct,(direct),0.0,5,5,0.0
2012-04-06,Affiliate,(organic/referral),0.6,4,8,0.03
2012-04-06,Google,nonbrand,253.8,188,940,30.46
2012-04-06,direct,(direct),0.0,1,1,0.0
2012-04-07,Affiliate,(organic/referral),0.3,2,4,0.02
2012-04-07,Google,brand,1.35,1,5,0.16
2012-04-07,Google,nonbrand,109.35,81,405,13.12
2012-04-08,Affiliate,(organic/referral),0.15,1,2,0.01
2012-04-08,Bing,brand,1.1,1,4,0.13
2012-04-08,Google,brand,4.05,3,15,0.49
2012-04-08,Google,nonbrand,106.65,79,395,12.8
2012-04-09,Affiliate,(organic/referral),0.45,3,6,0.02
2012-04-09,Bing,brand,2.2,2,8,0.26
2012-04-09,Google,brand,1.35,1,5,0.16
2012-04-09,Google,nonbrand,225.45,167,835,27.05
2012-04-10,Affiliate,(organic/referral),0.6,4,8,0.03
2012-04-10,Google,brand,1.35,1,5,0.16
2012-04-10,Google,nonbrand,230.85,171,855,27.7
2012-04-10,direct,(direct),0.0,1,1,0.0
2012-04-11,Affiliate,(organic/referral),0.45,3,6,0.02
2012-04-11,Google,brand,4.05,3,15,0.49
2012-04-11,Google,nonbrand,259.2,192,960,31.1
2012-04-11,direct,(direct),0.0,4,4,0.0
2012-04-12,Affiliate,(organic/referral),0.45,3,6,0.02
2012-04-12,Google,brand,5.4,4,20,0.65
2012-04-12,Google,nonbrand,194.4,144,720,23.33
2012-04-12,direct,(direct),0.0,4,4,0.0
2012-04-13,Affiliate,(organic/referral),0.6,4,8,0.03
2012-04-13,Google,brand,1.35,1,5,0.16
2012-04-13,Google,nonbrand,186.3,138,690,22.36
2012-04-13,direct,(direct),0.0,2,2,0.0
2012-04-14,Affiliate,(organic/referral),0.15,1,2,0.01
2012-04-14,Google,nonbrand,124.2,92,460,14.9
2012-04-15,Google,nonbrand,85.05,63,315,10.21
2012-04-15,direct,(direct),0.0,1,1,0.0
2012-04-16,Affiliate,(organic/referral),0.3,2,4,0.02
2012-04-16,Google,brand,1.35,1,5,0.16
2012-04-16,Google,nonbrand,139.05,103,515,16.69
2012-04-16,direct,(direct),0.0,4,4,0.0
2012-04-17,Affiliate,(organic/referral),0.75,5,10,0.04
2012-04-17,Bing,brand,1.1,1,4,0.13
2012-04-17,Google,brand,5.4,4,20,0.65
2012-04-17,Google,nonbrand,130.95,97,485,15.71
2012-04-17,direct,(direct),0.0,5,5,0.0
2012-04-18,Affiliate,(organic/referral),0.75,5,10,0.04
2012-04-18,Bing,brand,1.1,1,4,0.13
2012-04-18,Google,brand,6.75,5,25,0.81
2012-04-18,Google,nonbrand,155.25,115,575,18.63
2012-04-18,direct,(direct),0.0,4,4,0.0
2012-04-19,Affiliate,(organic/referral),0.9,6,12,0.04
2012-04-19,Google,brand,2.7,2,10,0.32
2012-04-19,Google,nonbrand,139.05,103,515,16.69
2012-04-19,direct,(direct),0.0,2,2,0.0
2012-04-20,Affiliate,(organic/referral),0.3,2,4,0.02
2012-04-20,Google,brand,5.4,4,20,0.65
2012-04-20,Google,nonbrand,126.9,94,470,15.23
2012-04-20,direct,(direct),0.0,3,3,0.0
2012-04-21,Google,nonbrand,62.1,46,230,7.45
2012-04-21,direct,(direct),0.0,1,1,0.0
2012-04-22,Affiliate,(organic/referral),0.3,2,4,0.02
2012-04-22,Google,brand,2.7,2,10,0.32
2012-04-22,Google,nonbrand,71.55,53,265,8.59
2012-04-22,direct,(direct),0.0,1,1,0.0
2012-04-23,Affiliate,(organic/referral),0.3,2,4,0.02
2012-04-23,Google,brand,5.4,4,20,0.65
2012-04-23,Google,nonbrand,139.05,103,515,16.69
2012-04-23,direct,(direct),0.0,8,8,0.0
2012-04-24,Affiliate,(organic/referral),0.3,2,4,0.02
2012-04-24,Bing,brand,1.1,1,4,0.13
2012-04-24,Google,brand,5.4,4,20,0.65
2012-04-24,Google,nonbrand,139.05,103,515,16.69
2012-04-24,direct,(direct),0.0,4,4,0.0
2012-04-25,Affiliate,(organic/referral),0.6,4,8,0.03
2012-04-25,Google,brand,5.4,4,20,0.65
2012-04-25,Google,nonbrand,112.05,83,415,13.45
2012-04-25,direct,(direct),0.0,2,2,0.0
2012-04-26,Affiliate,(organic/referral),0.3,2,4,0.02
2012-04-26,Bing,brand,1.1,1,4,0.13
2012-04-26,Google,brand,5.4,4,20,0.65
2012-04-26,Google,nonbrand,166.05,123,615,19.93
2012-04-26,direct,(direct),0.0,3,3,0.0
2012-04-27,Affiliate,(organic/referral),0.6,4,8,0.03
2012-04-27,Bing,brand,1.1,1,4,0.13
2012-04-27,Google,nonbrand,121.5,90,450,14.58
2012-04-27,direct,(direct),0.0,5,5,0.0
2012-04-28,Google,brand,1.35,1,5,0.16
2012-04-28,Google,nonbrand,52.65,39,195,6.32
2012-04-29,Bing,brand,1.1,1,4,0.13
2012-04-29,Google,brand,4.05,3,15,0.49
2012-04-29,Google,nonbrand,64.8,48,240,7.78
2012-04-30,Affiliate,(organic/referral),1.2,8,16,0.06
2012-04-30,Google,brand,5.4,4,20,0.65
2012-04-30,Google,nonbrand,149.85,111,555,17.98
2012-04-30,direct,(direct),0.0,3,3,0.0
2012-05-01,Affiliate,(organic/referral),0.75,5,10,0.04
2012-05-01,Bing,brand,1.1,1,4,0.13
2012-05-01,Google,brand,6.75,5,25,0.81
2012-05-01,Google,nonbrand,180.9,134,670,21.71
2012-05-01,direct,(direct),0.0,7,7,0.0
2012-05-02,Affiliate,(organic/referral),1.05,7,14,0.05
2012-05-02,Bing,brand,1.1,1,4,0.13
2012-05-02,Google,brand,1.35,1,5,0.16
2012-05-02,Google,nonbrand,170.1,126,630,20.41
2012-05-02,direct,(direct),0.0,5,5,0.0
2012-05-03,Affiliate,(organic/referral),0.15,1,2,0.01
2012-05-03,Google,brand,6.75,5,25,0.81
2012-05-03,Google,nonbrand,141.75,105,525,17.01
2012-05-03,direct,(direct),0.0,4,4,0.0
2012-05-04,Affiliate,(organic/referral),1.2,8,16,0.06
2012-05-04,Bing,brand,1.1,1,4,0.13
2012-05-04,Google,brand,4.05,3,15,0.49
2012-05-04,Google,nonbrand,155.25,115,575,18.63
2012-05-04,direct,(direct),0.0,9,9,0.0
2012-05-05,Affiliate,(organic/referral),0.15,1,2,0.01
2012-05-05,Google,brand,4.05,3,15,0.49
2012-05-05,Google,nonbrand,56.7,42,210,6.8
2012-05-05,direct,(direct),0.0,3,3,0.0
2012-05-06,Affiliate,(organic/referral),0.6,4,8,0.03
2012-05-06,Bing,brand,1.1,1,4,0.13
2012-05-06,Google,brand,1.35,1,5,0.16
2012-05-06,Google,nonbrand,66.15,49,245,7.94
2012-05-06,direct,(direct),0.0,3,3,0.0
2012-05-07,Affiliate,(organic/referral),0.9,6,12,0.04
2012-05-07,Google,brand,9.45,7,35,1.13
2012-05-07,Google,nonbrand,157.95,117,585,18.95
2012-05-07,direct,(direct),0.0,6,6,0.0
2012-05-08,Affiliate,(organic/referral),0.15,1,2,0.01
2012-05-08,Google,brand,5.4,4,20,0.65
2012-05-08,Google,nonbrand,162.0,120,600,19.44
2012-05-08,direct,(direct),0.0,9,9,0.0
2012-05-09,Affiliate,(organic/referral),0.9,6,12,0.04
2012-05-09,Bing,brand,1.1,1,4,0.13
2012-05-09,Google,brand,5.4,4,20,0.65
2012-05-09,Google,nonbrand,152.55,113,565,18.31
2012-05-09,direct,(direct),0.0,4,4,0.0
2012-05-10,Affiliate,(organic/referral),0.6,4,8,0.03
2012-05-10,Bing,brand,3.3,3,12,0.4
2012-05-10,Google,brand,2.7,2,10,0.32
2012-05-10,Google,nonbrand,163.35,121,605,19.6
2012-05-10,direct,(direct),0.0,2,2,0.0
2012-05-11,Affiliate,(organic/referral),0.9,6,12,0.04
2012-05-11,Google,brand,5.4,4,20,0.65
2012-05-11,Google,nonbrand,176.85,131,655,21.22
2012-05-11,direct,(direct),0.0,5,5,0.0
2012-05-12,Google,brand,4.05,3,15,0.49
2012-05-12,Google,nonbrand,82.35,61,305,9.88
2012-05-13,Bing,brand,1.1,1,4,0.13
2012-05-13,Google,brand,2.7,2,10,0.32
2012-05-13,Google,nonbrand,66.15,49,245,7.94
2012-05-13,direct,(direct),0.0,4,4,0.0
2012-05-14,Affiliate,(organic/referral),0.9,6,12,0.04
2012-05-14,Bing,brand,2.2,2,8,0.26
2012-05-14,Google,brand,9.45,7,35,1.13
2012-05-14,Google,nonbrand,117.45,87,435,14.09
2012-05-14,direct,(direct),0.0,3,3,0.0
2012-05-15,Affiliate,(organic/referral),0.75,5,10,0.04
2012-05-15,Bing,brand,1.1,1,4,0.13
2012-05-15,Google,brand,5.4,4,20,0.65
2012-05-15,Google,nonbrand,163.35,121,605,19.6
2012-05-15,direct,(direct),0.0,5,5,0.0
2012-05-16,Affiliate,(organic/referral),1.2,8,16,0.06
2012-05-16,Bing,brand,1.1,1,4,0.13
2012-05-16,Google,brand,2.7,2,10,0.32
2012-05-16,Google,nonbrand,144.45,107,535,17.33
2012-05-16,direct,(direct),0.0,2,2,0.0
2012-05-17,Affiliate,(organic/referral),1.05,7,14,0.05
2012-05-17,Bing,brand,1.1,1,4,0.13
2012-05-17,Google,brand,1.35,1,5,0.16
2012-05-17,Google,nonbrand,155.25,115,575,18.63
2012-05-17,direct,(direct),0.0,4,4,0.0
2012-05-18,Affiliate,(organic/referral),0.6,4,8,0.03
2012-05-18,Google,brand,4.05,3,15,0.49
2012-05-18,Google,nonbrand,124.2,92,460,14.9
2012-05-18,direct,(direct),0.0,7,7,0.0
2012-05-19,Affiliate,(organic/referral),0.45,3,6,0.02
2012-05-19,Google,brand,2.7,2,10,0.32
2012-05-19,Google,nonbrand,62.1,46,230,7.45
2012-05-19,direct,(direct),0.0,4,4,0.0
2012-05-20,Affiliate,(organic/referral),0.45,3,6,0.02
2012-05-20,Bing,brand,1.1,1,4,0.13
2012-05-20,Google,brand,4.05,3,15,0.49
2012-05-20,Google,nonbrand,110.7,82,410,13.28
2012-05-20,direct,(direct),0.0,1,1,0.0
2012-05-21,Affiliate,(organic/referral),1.2,8,16,0.06
2012-05-21,Google,brand,6.75,5,25,0.81
2012-05-21,Google,nonbrand,186.3,138,690,22.36
2012-05-21,direct,(direct),0.0,7,7,0.0
2012-05-22,Affiliate,(organic/referral),1.5,10,20,0.08
2012-05-22,Google,brand,5.4,4,20,0.65
2012-05-22,Google,nonbrand,184.95,137,685,22.19
2012-05-22,direct,(direct),0.0,6,6,0.0
2012-05-23,Affiliate,(organic/referral),0.45,3,6,0.02
2012-05-23,Bing,brand,1.1,1,4,0.13
2012-05-23,Google,brand,6.75,5,25,0.81
2012-05-23,Google,nonbrand,190.35,141,705,22.84
2012-05-23,direct,(direct),0.0,12,12,0.0
2012-05-24,Affiliate,(organic/referral),1.35,9,18,0.07
2012-05-24,Bing,brand,3.3,3,12,0.4
2012-05-24,Google,brand,6.75,5,25,0.81
2012-05-24,Google,nonbrand,228.15,169,845,27.38
2012-05-24,direct,(direct),0.0,4,4,0.0
2012-05-25,Affiliate,(organic/referral),0.9,6,12,0.04
2012-05-25,Google,brand,4.05,3,15,0.49
2012-05-25,Google,nonbrand,174.15,129,645,20.9
2012-05-25,direct,(direct),0.0,6,6,0.0
2012-05-26,Affiliate,(organic/referral),0.3,2,4,0.02
2012-05-26,Google,brand,2.7,2,10,0.32
2012-05-26,Google,nonbrand,74.25,55,275,8.91
2012-05-26,direct,(direct),0.0,5,5,0.0
2012-05-27,Affiliate,(organic/referral),0.6,4,8,0.03
2012-05-27,Google,brand,1.35,1,5,0.16
2012-05-27,Google,nonbrand,85.05,63,315,10.21
2012-05-27,direct,(direct),0.0,3,3,0.0
2012-05-28,Affiliate,(organic/referral),0.6,4,8,0.03
2012-05-28,Bing,brand,2.2,2,8,0.26
2012-05-28,Google,brand,6.75,5,25,0.81
2012-05-28,Google,nonbrand,133.65,99,495,16.04
2012-05-28,direct,(direct),0.0,5,5,0.0
2012-05-29,Affiliate,(organic/referral),0.6,4,8,0.03
2012-05-29,Bing,brand,1.1,1,4,0.13
2012-05-29,Google,brand,4.05,3,15,0.49
2012-05-29,Google,nonbrand,201.15,149,745,24.14
2012-05-29,direct,(direct),0.0,3,3,0.0
2012-05-30,Affiliate,(organic/referral),1.2,8,16,0.06
2012-05-30,Bing,brand,2.2,2,8,0.26
2012-05-30,Google,brand,10.8,8,40,1.3
2012-05-30,Google,nonbrand,183.6,136,680,22.03
2012-05-30,direct,(direct),0.0,5,5,0.0
2012-05-31,Affiliate,(organic/referral),1.05,7,14,0.05
2012-05-31,Bing,brand,1.1,1,4,0.13
2012-05-31,Google,brand,10.8,8,40,1.3
2012-05-31,Google,nonbrand,197.1,146,730,23.65
2012-05-31,direct,(direct),0.0,8,8,0.0
2012-06-01,Affiliate,(organic/referral),0.9,6,12,0.04
2012-06-01,Google,brand,2.7,2,10,0.32
2012-06-01,Google,nonbrand,159.3,118,590,19.12
2012-06-01,direct,(direct),0.0,8,8,0.0
2012-06-02,Affiliate,(organic/referral),0.6,4,8,0.03
2012-06-02,Google,brand,1.35,1,5,0.16
2012-06-02,Google,nonbrand,76.95,57,285,9.23
2012-06-02,direct,(direct),0.0,4,4,0.0
2012-06-03,Affiliate,(organic/referral),0.6,4,8,0.03
2012-06-03,Google,brand,8.1,6,30,0.97
2012-06-03,Google,nonbrand,70.2,52,260,8.42
2012-06-03,direct,(direct),0.0,3,3,0.0
2012-06-04,Affiliate,(organic/referral),1.35,9,18,0.07
2012-06-04,Bing,brand,1.1,1,4,0.13
2012-06-04,Google,brand,8.1,6,30,0.97
2012-06-04,Google,nonbrand,175.5,130,650,21.06
2012-06-04,direct,(direct),0.0,5,5,0.0
2012-06-05,Affiliate,(organic/referral),1.05,7,14,0.05
2012-06-05,Bing,brand,2.2,2,8,0.26
2012-06-05,Google,brand,5.4,4,20,0.65
2012-06-05,Google,nonbrand,168.75,125,625,20.25
2012-06-05,direct,(direct),0.0,8,8,0.0
2012-06-06,Affiliate,(organic/referral),1.2,8,16,0.06
2012-06-06,Google,brand,8.1,6,30,0.97
2012-06-06,Google,nonbrand,203.85,151,755,24.46
2012-06-06,direct,(direct),0.0,8,8,0.0
2012-06-07,Affiliate,(organic/referral),1.05,7,14,0.05
2012-06-07,Bing,brand,2.2,2,8,0.26
2012-06-07,Google,brand,4.05,3,15,0.49
2012-06-07,Google,nonbrand,218.7,162,810,26.24
2012-06-07,direct,(direct),0.0,7,7,0.0
2012-06-08,Affiliate,(organic/referral),0.9,6,12,0.04
2012-06-08,Bing,brand,1.1,1,4,0.13
2012-06-08,Google,brand,8.1,6,30,0.97
2012-06-08,Google,nonbrand,160.65,119,595,19.28
2012-06-08,direct,(direct),0.0,6,6,0.0
2012-06-09,Affiliate,(organic/referral),0.6,4,8,0.03
2012-06-09,Google,brand,4.05,3,15,0.49
2012-06-09,Google,nonbrand,71.55,53,265,8.59
2012-06-09,direct,(direct),0.0,6,6,0.0
2012-06-10,Affiliate,(organic/referral),0.3,2,4,0.02
2012-06-10,Google,brand,1.35,1,5,0.16
2012-06-10,Google,nonbrand,82.35,61,305,9.88
2012-06-10,direct,(direct),0.0,3,3,0.0
2012-06-11,Affiliate,(organic/referral),1.2,8,16,0.06
2012-06-11,Bing,brand,1.1,1,4,0.13
2012-06-11,Google,brand,8.1,6,30,0.97
2012-06-11,Google,nonbrand,214.65,159,795,25.76
2012-06-11,direct,(direct),0.0,4,4,0.0
2012-06-12,Affiliate,(organic/referral),1.05,7,14,0.05
2012-06-12,Bing,brand,1.1,1,4,0.13
2012-06-12,Google,brand,10.8,8,40,1.3
2012-06-12,Google,nonbrand,175.5,130,650,21.06
2012-06-12,direct,(direct),0.0,5,5,0.0
2012-06-13,Affiliate,(organic/referral),0.75,5,10,0.04
2012-06-13,Bing,brand,1.1,1,4,0.13
2012-06-13,Google,brand,5.4,4,20,0.65
2012-06-13,Google,nonbrand,225.45,167,835,27.05
2012-06-13,direct,(direct),0.0,6,6,0.0
2012-06-14,Affiliate,(organic/referral),1.95,13,26,0.1
2012-06-14,Bing,brand,1.1,1,4,0.13
2012-06-14,Google,brand,4.05,3,15,0.49
2012-06-14,Google,nonbrand,222.75,165,825,26.73
2012-06-14,direct,(direct),0.0,14,14,0.0
2012-06-15,Affiliate,(organic/referral),0.9,6,12,0.04
2012-06-15,Google,brand,12.15,9,45,1.46
2012-06-15,Google,nonbrand,175.5,130,650,21.06
2012-06-15,direct,(direct),0.0,2,2,0.0
2012-06-16,Affiliate,(organic/referral),0.6,4,8,0.03
2012-06-16,Bing,brand,2.2,2,8,0.26
2012-06-16,Google,brand,1.35,1,5,0.16
2012-06-16,Google,nonbrand,85.05,63,315,10.21
2012-06-16,direct,(direct),0.0,2,2,0.0
2012-06-17,Affiliate,(organic/referral),0.75,5,10,0.04
2012-06-17,Google,brand,4.05,3,15,0.49
2012-06-17,Google,nonbrand,86.4,64,320,10.37
2012-06-17,direct,(direct),0.0,5,5,0.0
2012-06-18,Affiliate,(organic/referral),1.8,12,24,0.09
2012-06-18,Bing,brand,1.1,1,4,0.13
2012-06-18,Google,brand,9.45,7,35,1.13
2012-06-18,Google,nonbrand,155.25,115,575,18.63
2012-06-18,direct,(direct),0.0,7,7,0.0
2012-06-19,Affiliate,(organic/referral),1.95,13,26,0.1
2012-06-19,Google,brand,10.8,8,40,1.3
2012-06-19,Google,nonbrand,213.3,158,790,25.6
2012-06-19,direct,(direct),0.0,3,3,0.0
2012-06-20,Affiliate,(organic/referral),0.45,3,6,0.02
2012-06-20,Bing,brand,2.2,2,8,0.26
2012-06-20,Google,brand,9.45,7,35,1.13
2012-06-20,Google,nonbrand,201.15,149,745,24.14
2012-06-20,direct,(direct),0.0,4,4,0.0
2012-06-21,Affiliate,(organic/referral),0.9,6,12,0.04
2012-06-21,Bing,brand,1.1,1,4,0.13
2012-06-21,Google,brand,5.4,4,20,0.65
2012-06-21,Google,nonbrand,193.05,143,715,23.17
2012-06-21,direct,(direct),0.0,8,8,0.0
2012-06-22,Affiliate,(organic/referral),0.6,4,8,0.03
2012-06-22,Bing,brand,3.3,3,12,0.4
2012-06-22,Google,brand,4.05,3,15,0.49
2012-06-22,Google,nonbrand,194.4,144,720,23.33
2012-06-22,direct,(direct),0.0,6,6,0.0
2012-06-23,Affiliate,(organic/referral),0.3,2,4,0.02
2012-06-23,Google,brand,2.7,2,10,0.32
2012-06-23,Google,nonbrand,93.15,69,345,11.18
2012-06-23,direct,(direct),0.0,5,5,0.0
2012-06-24,Affiliate,(organic/referral),0.45,3,6,0.02
2012-06-24,Google,brand,4.05,3,15,0.49
2012-06-24,Google,nonbrand,66.15,49,245,7.94
2012-06-24,direct,(direct),0.0,3,3,0.0
2012-06-25,Affiliate,(organic/referral),0.9,6,12,0.04
2012-06-25,Google,brand,5.4,4,20,0.65
2012-06-25,Google,nonbrand,167.4,124,620,20.09
2012-06-25,direct,(direct),0.0,3,3,0.0
2012-06-26,Affiliate,(organic/referral),0.75,5,10,0.04
2012-06-26,Bing,brand,1.1,1,4,0.13
2012-06-26,Google,brand,8.1,6,30,0.97
2012-06-26,Google,nonbrand,186.3,138,690,22.36
2012-06-26,direct,(direct),0.0,7,7,0.0
2012-06-27,Affiliate,(organic/referral),1.35,9,18,0.07
2012-06-27,Bing,brand,2.2,2,8,0.26
2012-06-27,Google,brand,9.45,7,35,1.13
2012-06-27,Google,nonbrand,199.8,148,740,23.98
2012-06-27,direct,(direct),0.0,8,8,0.0
2012-06-28,Affiliate,(organic/referral),1.05,7,14,0.05
2012-06-28,Bing,brand,1.1,1,4,0.13
2012-06-28,Google,brand,10.8,8,40,1.3
2012-06-28,Google,nonbrand,171.45,127,635,20.57
2012-06-28,direct,(direct),0.0,9,9,0.0
2012-06-29,Affiliate,(organic/referral),2.1,14,28,0.11
2012-06-29,Bing,brand,2.2,2,8,0.26
2012-06-29,Google,brand,2.7,2,10,0.32
2012-06-29,Google,nonbrand,147.15,109,545,17.66
2012-06-29,direct,(direct),0.0,5,5,0.0
2012-06-30,Affiliate,(organic/referral),0.15,1,2,0.01
2012-06-30,Google,brand,8.1,6,30,0.97
2012-06-30,Google,nonbrand,81.0,60,300,9.72
2012-06-30,direct,(direct),0.0,6,6,0.0
2012-07-01,Affiliate,(organic/referral),0.6,4,8,0.03
2012-07-01,Bing,brand,2.2,2,8,0.26
2012-07-01,Google,brand,4.05,3,15,0.49
2012-07-01,Google,nonbrand,95.85,71,355,11.5
2012-07-01,direct,(direct),0.0,3,3,0.0
2012-07-02,Affiliate,(organic/referral),1.35,9,18,0.07
2012-07-02,Bing,brand,2.2,2,8,0.26
2012-07-02,Google,brand,2.7,2,10,0.32
2012-07-02,Google,nonbrand,186.3,138,690,22.36
2012-07-02,direct,(direct),0.0,3,3,0.0
2012-07-03,Affiliate,(organic/referral),1.5,10,20,0.08
2012-07-03,Bing,brand,2.2,2,8,0.26
2012-07-03,Google,brand,5.4,4,20,0.65
2012-07-03,Google,nonbrand,187.65,139,695,22.52
2012-07-03,direct,(direct),0.0,11,11,0.0
2012-07-04,Affiliate,(organic/referral),0.9,6,12,0.04
2012-07-04,Bing,brand,1.1,1,4,0.13
2012-07-04,Google,brand,5.4,4,20,0.65
2012-07-04,Google,nonbrand,147.15,109,545,17.66
2012-07-04,direct,(direct),0.0,5,5,0.0
2012-07-05,Affiliate,(organic/referral),1.05,7,14,0.05
2012-07-05,Google,brand,10.8,8,40,1.3
2012-07-05,Google,nonbrand,198.45,147,735,23.81
2012-07-05,direct,(direct),0.0,3,3,0.0
2012-07-06,Affiliate,(organic/referral),0.75,5,10,0.04
2012-07-06,Bing,brand,2.2,2,8,0.26
2012-07-06,Google,brand,2.7,2,10,0.32
2012-07-06,Google,nonbrand,174.15,129,645,20.9
2012-07-06,direct,(direct),0.0,8,8,0.0
2012-07-07,Affiliate,(organic/referral),0.6,4,8,0.03
2012-07-07,Google,brand,2.7,2,10,0.32
2012-07-07,Google,nonbrand,63.45,47,235,7.61
2012-07-08,Bing,brand,1.1,1,4,0.13
2012-07-08,Google,brand,6.75,5,25,0.81
2012-07-08,Google,nonbrand,95.85,71,355,11.5
2012-07-08,direct,(direct),0.0,3,3,0.0
2012-07-09,Affiliate,(organic/referral),0.75,5,10,0.04
2012-07-09,Bing,brand,2.2,2,8,0.26
2012-07-09,Google,brand,5.4,4,20,0.65
2012-07-09,Google,nonbrand,172.8,128,640,20.74
2012-07-09,direct,(direct),0.0,6,6,0.0
2012-07-10,Affiliate,(organic/referral),1.05,7,14,0.05
2012-07-10,Bing,brand,1.1,1,4,0.13
2012-07-10,Google,brand,6.75,5,25,0.81
2012-07-10,Google,nonbrand,176.85,131,655,21.22
2012-07-10,direct,(direct),0.0,7,7,0.0
2012-07-11,Affiliate,(organic/referral),2.1,14,28,0.11
2012-07-11,Bing,brand,1.1,1,4,0.13
2012-07-11,Google,brand,9.45,7,35,1.13
2012-07-11,Google,nonbrand,207.9,154,770,24.95
2012-07-11,direct,(direct),0.0,4,4,0.0
2012-07-12,Affiliate,(organic/referral),0.75,5,10,0.04
2012-07-12,Google,brand,2.7,2,10,0.32
2012-07-12,Google,nonbrand,187.65,139,695,22.52
2012-07-12,direct,(direct),0.0,15,15,0.0
2012-07-13,Affiliate,(organic/referral),1.35,9,18,0.07
2012-07-13,Google,brand,2.7,2,10,0.32
2012-07-13,Google,nonbrand,152.55,113,565,18.31
2012-07-13,direct,(direct),0.0,7,7,0.0
2012-07-14,Affiliate,(organic/referral),0.15,1,2,0.01
2012-07-14,Bing,brand,2.2,2,8,0.26
2012-07-14,Google,brand,5.4,4,20,0.65
2012-07-14,Google,nonbrand,87.75,65,325,10.53
2012-07-14,direct,(direct),0.0,5,5,0.0
2012-07-15,Affiliate,(organic/referral),0.45,3,6,0.02
2012-07-15,Bing,brand,1.1,1,4,0.13
2012-07-15,Google,brand,2.7,2,10,0.32
2012-07-15,Google,nonbrand,103.95,77,385,12.47
2012-07-15,direct,(direct),0.0,7,7,0.0
2012-07-16,Affiliate,(organic/referral),0.6,4,8,0.03
2012-07-16,Bing,brand,1.1,1,4,0.13
2012-07-16,Google,brand,4.05,3,15,0.49
2012-07-16,Google,nonbrand,176.85,131,655,21.22
2012-07-16,direct,(direct),0.0,5,5,0.0
2012-07-17,Affiliate,(organic/referral),1.05,7,14,0.05
2012-07-17,Bing,brand,2.2,2,8,0.26
2012-07-17,Google,brand,14.85,11,55,1.78
2012-07-17,Google,nonbrand,211.95,157,785,25.43
2012-07-17,direct,(direct),0.0,8,8,0.0
2012-07-18,Affiliate,(organic/referral),1.2,8,16,0.06
2012-07-18,Bing,brand,1.1,1,4,0.13
2012-07-18,Google,brand,9.45,7,35,1.13
2012-07-18,Google,nonbrand,201.15,149,745,24.14
2012-07-18,direct,(direct),0.0,5,5,0.0
2012-07-19,Affiliate,(organic/referral),1.95,13,26,0.1
2012-07-19,Bing,brand,1.1,1,4,0.13
2012-07-19,Google,brand,10.8,8,40,1.3
2012-07-19,Google,nonbrand,191.7,142,710,23.0
2012-07-19,direct,(direct),0.0,6,6,0.0
2012-07-20,Affiliate,(organic/referral),1.2,8,16,0.06
2012-07-20,Google,brand,10.8,8,40,1.3
2012-07-20,Google,nonbrand,195.75,145,725,23.49
2012-07-20,direct,(direct),0.0,5,5,0.0
2012-07-21,Affiliate,(organic/referral),0.45,3,6,0.02
2012-07-21,Bing,brand,1.1,1,4,0.13
2012-07-21,Google,brand,4.05,3,15,0.49
2012-07-21,Google,nonbrand,66.15,49,245,7.94
2012-07-21,direct,(direct),0.0,6,6,0.0
2012-07-22,Affiliate,(organic/referral),1.5,10,20,0.08
2012-07-22,Google,brand,2.7,2,10,0.32
2012-07-22,Google,nonbrand,71.55,53,265,8.59
2012-07-22,direct,(direct),0.0,1,1,0.0
2012-07-23,Affiliate,(organic/referral),1.8,12,24,0.09
2012-07-23,Bing,brand,5.5,5,20,0.66
2012-07-23,Google,brand,5.4,4,20,0.65
2012-07-23,Google,nonbrand,195.75,145,725,23.49
2012-07-23,direct,(direct),0.0,11,11,0.0
2012-07-24,Affiliate,(organic/referral),0.75,5,10,0.04
2012-07-24,Bing,brand,3.3,3,12,0.4
2012-07-24,Google,brand,12.15,9,45,1.46
2012-07-24,Google,nonbrand,175.5,130,650,21.06
2012-07-24,direct,(direct),0.0,7,7,0.0
2012-07-25,Affiliate,(organic/referral),1.65,11,22,0.08
2012-07-25,Bing,brand,3.3,3,12,0.4
2012-07-25,Google,brand,9.45,7,35,1.13
2012-07-25,Google,nonbrand,197.1,146,730,23.65
2012-07-25,direct,(direct),0.0,7,7,0.0
2012-07-26,Affiliate,(organic/referral),1.35,9,18,0.07
2012-07-26,Bing,brand,2.2,2,8,0.26
2012-07-26,Google,brand,9.45,7,35,1.13
2012-07-26,Google,nonbrand,179.55,133,665,21.55
2012-07-26,direct,(direct),0.0,8,8,0.0
2012-07-27,Affiliate,(organic/referral),0.9,6,12,0.04
2012-07-27,Bing,brand,2.2,2,8,0.26
2012-07-27,Google,brand,12.15,9,45,1.46
2012-07-27,Google,nonbrand,163.35,121,605,19.6
2012-07-27,direct,(direct),0.0,7,7,0.0
2012-07-28,Affiliate,(organic/referral),0.3,2,4,0.02
2012-07-28,Google,brand,5.4,4,20,0.65
2012-07-28,Google,nonbrand,91.8,68,340,11.02
2012-07-28,direct,(direct),0.0,5,5,0.0
2012-07-29,Affiliate,(organic/referral),1.2,8,16,0.06
2012-07-29,Bing,brand,1.1,1,4,0.13
2012-07-29,Google,brand,2.7,2,10,0.32
2012-07-29,Google,nonbrand,86.4,64,320,10.37
2012-07-30,Affiliate,(organic/referral),0.3,2,4,0.02
2012-07-30,Bing,brand,3.3,3,12,0.4
2012-07-30,Google,brand,9.45,7,35,1.13
2012-07-30,Google,nonbrand,260.55,193,965,31.27
2012-07-30,direct,(direct),0.0,8,8,0.0
2012-07-31,Affiliate,(organic/referral),1.5,10,20,0.08
2012-07-31,Bing,brand,2.2,2,8,0.26
2012-07-31,Google,brand,5.4,4,20,0.65
2012-07-31,Google,nonbrand,237.6,176,880,28.51
2012-07-31,direct,(direct),0.0,11,11,0.0
2012-08-01,Affiliate,(organic/referral),1.2,8,16,0.06
2012-08-01,Bing,brand,2.2,2,8,0.26
2012-08-01,Google,brand,5.4,4,20,0.65
2012-08-01,Google,nonbrand,257.85,191,955,30.94
2012-08-01,direct,(direct),0.0,5,5,0.0
2012-08-02,Affiliate,(organic/referral),2.4,16,32,0.12
2012-08-02,Google,brand,9.45,7,35,1.13
2012-08-02,Google,nonbrand,225.45,167,835,27.05
2012-08-02,direct,(direct),0.0,9,9,0.0
2012-08-03,Affiliate,(organic/referral),1.05,7,14,0.05
2012-08-03,Bing,brand,1.1,1,4,0.13
2012-08-03,Google,brand,8.1,6,30,0.97
2012-08-03,Google,nonbrand,209.25,155,775,25.11
2012-08-03,direct,(direct),0.0,7,7,0.0
2012-08-04,Affiliate,(organic/referral),1.35,9,18,0.07
2012-08-04,Google,brand,4.05,3,15,0.49
2012-08-04,Google,nonbrand,110.7,82,410,13.28
2012-08-04,direct,(direct),0.0,2,2,0.0
2012-08-05,Affiliate,(organic/referral),0.75,5,10,0.04
2012-08-05,Bing,brand,1.1,1,4,0.13
2012-08-05,Google,nonbrand,110.7,82,410,13.28
2012-08-05,direct,(direct),0.0,3,3,0.0
2012-08-06,Affiliate,(organic/referral),1.2,8,16,0.06
2012-08-06,Bing,brand,2.2,2,8,0.26
2012-08-06,Google,brand,12.15,9,45,1.46
2012-08-06,Google,nonbrand,248.4,184,920,29.81
2012-08-06,direct,(direct),0.0,8,8,0.0
2012-08-07,Affiliate,(organic/referral),1.05,7,14,0.05
2012-08-07,Bing,brand,1.1,1,4,0.13
2012-08-07,Google,brand,5.4,4,20,0.65
2012-08-07,Google,nonbrand,241.65,179,895,29.0
2012-08-07,direct,(direct),0.0,10,10,0.0
2012-08-08,Affiliate,(organic/referral),1.05,7,14,0.05
2012-08-08,Bing,brand,1.1,1,4,0.13
2012-08-08,Google,brand,17.55,13,65,2.11
2012-08-08,Google,nonbrand,270.0,200,1000,32.4
2012-08-08,direct,(direct),0.0,10,10,0.0
2012-08-09,Affiliate,(organic/referral),0.6,4,8,0.03
2012-08-09,Bing,brand,3.3,3,12,0.4
2012-08-09,Google,brand,12.15,9,45,1.46
2012-08-09,Google,nonbrand,271.35,201,1005,32.56
2012-08-09,direct,(direct),0.0,9,9,0.0
2012-08-10,Affiliate,(organic/referral),0.9,6,12,0.04
2012-08-10,Bing,brand,2.2,2,8,0.26
2012-08-10,Google,brand,9.45,7,35,1.13
2012-08-10,Google,nonbrand,225.45,167,835,27.05
2012-08-10,direct,(direct),0.0,5,5,0.0
2012-08-11,Affiliate,(organic/referral),0.6,4,8,0.03
2012-08-11,Bing,brand,1.1,1,4,0.13
2012-08-11,Google,brand,8.1,6,30,0.97
2012-08-11,Google,nonbrand,99.9,74,370,11.99
2012-08-11,direct,(direct),0.0,3,3,0.0
2012-08-12,Affiliate,(organic/referral),0.9,6,12,0.04
2012-08-12,Google,brand,5.4,4,20,0.65
2012-08-12,Google,nonbrand,109.35,81,405,13.12
2012-08-12,direct,(direct),0.0,2,2,0.0
2012-08-13,Affiliate,(organic/referral),1.65,11,22,0.08
2012-08-13,Bing,brand,4.4,4,16,0.53
2012-08-13,Google,brand,5.4,4,20,0.65
2012-08-13,Google,nonbrand,229.5,170,850,27.54
2012-08-13,direct,(direct),0.0,7,7,0.0
2012-08-14,Affiliate,(organic/referral),1.95,13,26,0.1
2012-08-14,Google,brand,10.8,8,40,1.3
2012-08-14,Google,nonbrand,230.85,171,855,27.7
2012-08-14,direct,(direct),0.0,7,7,0.0
2012-08-15,Affiliate,(organic/referral),1.5,10,20,0.08
2012-08-15,Bing,brand,6.6,6,24,0.79
2012-08-15,Google,brand,8.1,6,30,0.97
2012-08-15,Google,nonbrand,216.0,160,800,25.92
2012-08-15,direct,(direct),0.0,20,20,0.0
2012-08-16,Affiliate,(organic/referral),1.65,11,22,0.08
2012-08-16,Bing,brand,2.2,2,8,0.26
2012-08-16,Google,brand,18.9,14,70,2.27
2012-08-16,Google,nonbrand,237.6,176,880,28.51
2012-08-16,direct,(direct),0.0,10,10,0.0
2012-08-17,Affiliate,(organic/referral),1.05,7,14,0.05
2012-08-17,Bing,brand,2.2,2,8,0.26
2012-08-17,Google,brand,6.75,5,25,0.81
2012-08-17,Google,nonbrand,209.25,155,775,25.11
2012-08-17,direct,(direct),0.0,10,10,0.0
2012-08-18,Affiliate,(organic/referral),0.6,4,8,0.03
2012-08-18,Bing,brand,1.1,1,4,0.13
2012-08-18,Google,brand,6.75,5,25,0.81
2012-08-18,Google,nonbrand,114.75,85,425,13.77
2012-08-18,direct,(direct),0.0,4,4,0.0
2012-08-19,Affiliate,(organic/referral),1.5,10,20,0.08
2012-08-19,Bing,brand,2.2,2,8,0.26
2012-08-19,Bing,nonbrand,29.7,27,108,3.56
2012-08-19,Google,brand,2.7,2,10,0.32
2012-08-19,Google,nonbrand,98.55,73,365,11.83
2012-08-19,direct,(direct),0.0,2,2,0.0
2012-08-20,Affiliate,(organic/referral),1.95,13,26,0.1
2012-08-20,Bing,brand,4.4,4,16,0.53
2012-08-20,Bing,nonbrand,58.3,53,212,7.0
2012-08-20,Google,brand,14.85,11,55,1.78
2012-08-20,Google,nonbrand,240.3,178,890,28.84
2012-08-20,direct,(direct),0.0,11,11,0.0
2012-08-21,Affiliate,(organic/referral),1.95,13,26,0.1
2012-08-21,Bing,brand,4.4,4,16,0.53
2012-08-21,Bing,nonbrand,55.0,50,200,6.6
2012-08-21,Google,brand,12.15,9,45,1.46
2012-08-21,Google,nonbrand,230.85,171,855,27.7
2012-08-21,direct,(direct),0.0,6,6,0.0
2012-08-22,Affiliate,(organic/referral),1.05,7,14,0.05
2012-08-22,Bing,brand,2.2,2,8,0.26
2012-08-22,Bing,nonbrand,59.4,54,216,7.13
2012-08-22,Google,brand,4.05,3,15,0.49
2012-08-22,Google,nonbrand,274.05,203,1015,32.89
2012-08-22,direct,(direct),0.0,6,6,0.0
2012-08-23,Affiliate,(organic/referral),1.8,12,24,0.09
2012-08-23,Bing,nonbrand,77.0,70,280,9.24
2012-08-23,Google,brand,6.75,5,25,0.81
2012-08-23,Google,nonbrand,228.15,169,845,27.38
2012-08-23,direct,(direct),0.0,16,16,0.0
2012-08-24,Affiliate,(organic/referral),0.75,5,10,0.04
2012-08-24,Bing,brand,2.2,2,8,0.26
2012-08-24,Bing,nonbrand,58.3,53,212,7.0
2012-08-24,Google,brand,10.8,8,40,1.3
2012-08-24,Google,nonbrand,189.0,140,700,22.68
2012-08-24,direct,(direct),0.0,15,15,0.0
2012-08-25,Affiliate,(organic/referral),0.45,3,6,0.02
2012-08-25,Bing,nonbrand,22.0,20,80,2.64
2012-08-25,Google,brand,4.05,3,15,0.49
2012-08-25,Google,nonbrand,105.3,78,390,12.64
2012-08-25,direct,(direct),0.0,9,9,0.0
2012-08-26,Affiliate,(organic/referral),0.45,3,6,0.02
2012-08-26,Bing,brand,2.2,2,8,0.26
2012-08-26,Bing,nonbrand,25.3,23,92,3.04
2012-08-26,Google,brand,6.75,5,25,0.81
2012-08-26,Google,nonbrand,122.85,91,455,14.74
2012-08-26,direct,(direct),0.0,9,9,0.0
2012-08-27,Affiliate,(organic/referral),2.4,16,32,0.12
2012-08-27,Bing,brand,3.3,3,12,0.4
2012-08-27,Bing,nonbrand,62.7,57,228,7.52
2012-08-27,Google,brand,16.2,12,60,1.94
2012-08-27,Google,nonbrand,240.3,178,890,28.84
2012-08-27,direct,(direct),0.0,10,10,0.0
2012-08-28,Affiliate,(organic/referral),1.65,11,22,0.08
2012-08-28,Bing,brand,2.2,2,8,0.26
2012-08-28,Bing,nonbrand,71.5,65,260,8.58
2012-08-28,Google,brand,12.15,9,45,1.46
2012-08-28,Google,nonbrand,238.95,177,885,28.67
2012-08-28,direct,(direct),0.0,7,7,0.0
2012-08-29,Affiliate,(organic/referral),1.05,7,14,0.05
2012-08-29,Bing,brand,4.4,4,16,0.53
2012-08-29,Bing,nonbrand,75.9,69,276,9.11
2012-08-29,Google,brand,10.8,8,40,1.3
2012-08-29,Google,nonbrand,288.9,214,1070,34.67
2012-08-29,direct,(direct),0.0,7,7,0.0
2012-08-30,Affiliate,(organic/referral),2.1,14,28,0.11
2012-08-30,Bing,brand,4.4,4,16,0.53
2012-08-30,Bing,nonbrand,59.4,54,216,7.13
2012-08-30,Google,brand,9.45,7,35,1.13
2012-08-30,Google,nonbrand,233.55,173,865,28.03
2012-08-30,direct,(direct),0.0,8,8,0.0
2012-08-31,Affiliate,(organic/referral),1.2,8,16,0.06
2012-08-31,Bing,brand,2.2,2,8,0.26
2012-08-31,Bing,nonbrand,55.0,50,200,6.6
2012-08-31,Google,brand,10.8,8,40,1.3
2012-08-31,Google,nonbrand,199.8,148,740,23.98
2012-08-31,direct,(direct),0.0,13,13,0.0
2012-09-01,Affiliate,(organic/referral),0.75,5,10,0.04
2012-09-01,Bing,brand,1.1,1,4,0.13
2012-09-01,Bing,nonbrand,27.5,25,100,3.3
2012-09-01,Google,brand,5.4,4,20,0.65
2012-09-01,Google,nonbrand,101.25,75,375,12.15
2012-09-01,direct,(direct),0.0,5,5,0.0
2012-09-02,Affiliate,(organic/referral),0.75,5,10,0.04
2012-09-02,Bing,nonbrand,17.6,16,64,2.11
2012-09-02,Google,brand,6.75,5,25,0.81
2012-09-02,Google,nonbrand,101.25,75,375,12.15
2012-09-02,direct,(direct),0.0,4,4,0.0
2012-09-03,Affiliate,(organic/referral),1.8,12,24,0.09
2012-09-03,Bing,brand,4.4,4,16,0.53
2012-09-03,Bing,nonbrand,45.1,41,164,5.41
2012-09-03,Google,brand,6.75,5,25,0.81
2012-09-03,Google,nonbrand,148.5,110,550,17.82
2012-09-03,direct,(direct),0.0,14,14,0.0
2012-09-04,Affiliate,(organic/referral),0.9,6,12,0.04
2012-09-04,Bing,brand,3.3,3,12,0.4
2012-09-04,Bing,nonbrand,53.9,49,196,6.47
2012-09-04,Google,brand,10.8,8,40,1.3
2012-09-04,Google,nonbrand,209.25,155,775,25.11
2012-09-04,direct,(direct),0.0,9,9,0.0
2012-09-05,Affiliate,(organic/referral),1.05,7,14,0.05
2012-09-05,Bing,brand,3.3,3,12,0.4
2012-09-05,Bing,nonbrand,63.8,58,232,7.66
2012-09-05,Google,brand,18.9,14,70,2.27
2012-09-05,Google,nonbrand,263.25,195,975,31.59
2012-09-05,direct,(direct),0.0,10,10,0.0
2012-09-06,Affiliate,(organic/referral),2.55,17,34,0.13
2012-09-06,Bing,brand,3.3,3,12,0.4
2012-09-06,Bing,nonbrand,64.9,59,236,7.79
2012-09-06,Google,brand,14.85,11,55,1.78
2012-09-06,Google,nonbrand,216.0,160,800,25.92
2012-09-06,direct,(direct),0.0,8,8,0.0
2012-09-07,Affiliate,(organic/referral),1.95,13,26,0.1
2012-09-07,Bing,brand,3.3,3,12,0.4
2012-09-07,Bing,nonbrand,51.7,47,188,6.2
2012-09-07,Google,brand,12.15,9,45,1.46
2012-09-07,Google,nonbrand,206.55,153,765,24.79
2012-09-07,direct,(direct),0.0,13,13,0.0
2012-09-08,Affiliate,(organic/referral),0.9,6,12,0.04
2012-09-08,Bing,brand,1.1,1,4,0.13
2012-09-08,Bing,nonbrand,22.0,20,80,2.64
2012-09-08,Google,brand,4.05,3,15,0.49
2012-09-08,Google,nonbrand,103.95,77,385,12.47
2012-09-08,direct,(direct),0.0,7,7,0.0
2012-09-09,Affiliate,(organic/referral),1.05,7,14,0.05
2012-09-09,Bing,brand,1.1,1,4,0.13
2012-09-09,Bing,nonbrand,29.7,27,108,3.56
2012-09-09,Google,brand,5.4,4,20,0.65
2012-09-09,Google,nonbrand,117.45,87,435,14.09
2012-09-09,direct,(direct),0.0,7,7,0.0
2012-09-10,Affiliate,(organic/referral),1.5,10,20,0.08
2012-09-10,Bing,brand,3.3,3,12,0.4
2012-09-10,Bing,nonbrand,52.8,48,192,6.34
2012-09-10,Google,brand,12.15,9,45,1.46
2012-09-10,Google,nonbrand,205.2,152,760,24.62
2012-09-10,direct,(direct),0.0,17,17,0.0
2012-09-11,Affiliate,(organic/referral),2.4,16,32,0.12
2012-09-11,Bing,brand,4.4,4,16,0.53
2012-09-11,Bing,nonbrand,55.0,50,200,6.6
2012-09-11,Google,brand,14.85,11,55,1.78
2012-09-11,Google,nonbrand,210.6,156,780,25.27
2012-09-11,direct,(direct),0.0,12,12,0.0
2012-09-12,Affiliate,(organic/referral),1.65,11,22,0.08
2012-09-12,Bing,brand,2.2,2,8,0.26
2012-09-12,Bing,nonbrand,61.6,56,224,7.39
2012-09-12,Google,brand,6.75,5,25,0.81
2012-09-12,Google,nonbrand,220.05,163,815,26.41
2012-09-12,direct,(direct),0.0,6,6,0.0
2012-09-13,Affiliate,(organic/referral),2.4,16,32,0.12
2012-09-13,Bing,brand,1.1,1,4,0.13
2012-09-13,Bing,nonbrand,72.6,66,264,8.71
2012-09-13,Google,brand,18.9,14,70,2.27
2012-09-13,Google,nonbrand,236.25,175,875,28.35
2012-09-13,direct,(direct),0.0,8,8,0.0
2012-09-14,Affiliate,(organic/referral),1.65,11,22,0.08
2012-09-14,Bing,brand,2.2,2,8,0.26
2012-09-14,Bing,nonbrand,56.1,51,204,6.73
2012-09-14,Google,brand,13.5,10,50,1.62
2012-09-14,Google,nonbrand,193.05,143,715,23.17
2012-09-14,direct,(direct),0.0,8,8,0.0
2012-09-15,Affiliate,(organic/referral),0.9,6,12,0.04
2012-09-15,Bing,brand,1.1,1,4,0.13
2012-09-15,Bing,nonbrand,34.1,31,124,4.09
2012-09-15,Google,brand,2.7,2,10,0.32
2012-09-15,Google,nonbrand,101.25,75,375,12.15
2012-09-15,direct,(direct),0.0,4,4,0.0
2012-09-16,Affiliate,(organic/referral),0.45,3,6,0.02
2012-09-16,Bing,nonbrand,28.6,26,104,3.43
2012-09-16,Google,brand,10.8,8,40,1.3
2012-09-16,Google,nonbrand,118.8,88,440,14.26
2012-09-16,direct,(direct),0.0,5,5,0.0
2012-09-17,Affiliate,(organic/referral),3.0,20,40,0.15
2012-09-17,Bing,brand,3.3,3,12,0.4
2012-09-17,Bing,nonbrand,63.8,58,232,7.66
2012-09-17,Google,brand,12.15,9,45,1.46
2012-09-17,Google,nonbrand,272.7,202,1010,32.72
2012-09-17,direct,(direct),0.0,16,16,0.0
2012-09-18,Affiliate,(organic/referral),1.65,11,22,0.08
2012-09-18,Bing,brand,7.7,7,28,0.92
2012-09-18,Bing,nonbrand,53.9,49,196,6.47
2012-09-18,Google,brand,12.15,9,45,1.46
2012-09-18,Google,nonbrand,288.9,214,1070,34.67
2012-09-18,direct,(direct),0.0,13,13,0.0
2012-09-19,Affiliate,(organic/referral),1.8,12,24,0.09
2012-09-19,Bing,brand,5.5,5,20,0.66
2012-09-19,Bing,nonbrand,83.6,76,304,10.03
2012-09-19,Google,brand,16.2,12,60,1.94
2012-09-19,Google,nonbrand,256.5,190,950,30.78
2012-09-19,direct,(direct),0.0,16,16,0.0
2012-09-20,Affiliate,(organic/referral),2.4,16,32,0.12
2012-09-20,Bing,brand,3.3,3,12,0.4
2012-09-20,Bing,nonbrand,68.2,62,248,8.18
2012-09-20,Google,brand,24.3,18,90,2.92
2012-09-20,Google,nonbrand,271.35,201,1005,32.56
2012-09-20,direct,(direct),0.0,11,11,0.0
2012-09-21,Affiliate,(organic/referral),1.95,13,26,0.1
2012-09-21,Bing,brand,3.3,3,12,0.4
2012-09-21,Bing,nonbrand,70.4,64,256,8.45
2012-09-21,Google,brand,21.6,16,80,2.59
2012-09-21,Google,nonbrand,224.1,166,830,26.89
2012-09-21,direct,(direct),0.0,9,9,0.0
2012-09-22,Affiliate,(organic/referral),0.6,4,8,0.03
2012-09-22,Bing,brand,1.1,1,4,0.13
2012-09-22,Bing,nonbrand,33.0,30,120,3.96
2012-09-22,Google,brand,9.45,7,35,1.13
2012-09-22,Google,nonbrand,121.5,90,450,14.58
2012-09-22,direct,(direct),0.0,10,10,0.0
2012-09-23,Affiliate,(organic/referral),1.35,9,18,0.07
2012-09-23,Bing,brand,2.2,2,8,0.26
2012-09-23,Bing,nonbrand,40.7,37,148,4.88
2012-09-23,Google,brand,9.45,7,35,1.13
2012-09-23,Google,nonbrand,128.25,95,475,15.39
2012-09-23,direct,(direct),0.0,3,3,0.0
2012-09-24,Affiliate,(organic/referral),1.95,13,26,0.1
2012-09-24,Bing,brand,2.2,2,8,0.26
2012-09-24,Bing,nonbrand,55.0,50,200,6.6
2012-09-24,Google,brand,17.55,13,65,2.11
2012-09-24,Google,nonbrand,222.75,165,825,26.73
2012-09-24,direct,(direct),0.0,16,16,0.0
2012-09-25,Affiliate,(organic/referral),2.55,17,34,0.13
2012-09-25,Bing,brand,3.3,3,12,0.4
2012-09-25,Bing,nonbrand,69.3,63,252,8.32
2012-09-25,Google,brand,9.45,7,35,1.13
2012-09-25,Google,nonbrand,241.65,179,895,29.0
2012-09-25,direct,(direct),0.0,7,7,0.0
2012-09-26,Affiliate,(organic/referral),2.25,15,30,0.11
2012-09-26,Bing,brand,7.7,7,28,0.92
2012-09-26,Bing,nonbrand,55.0,50,200,6.6
2012-09-26,Google,brand,14.85,11,55,1.78
2012-09-26,Google,nonbrand,244.35,181,905,29.32
2012-09-26,direct,(direct),0.0,10,10,0.0
2012-09-27,Affiliate,(organic/referral),3.6,24,48,0.18
2012-09-27,Bing,brand,2.2,2,8,0.26
2012-09-27,Bing,nonbrand,55.0,50,200,6.6
2012-09-27,Google,brand,12.15,9,45,1.46
2012-09-27,Google,nonbrand,251.1,186,930,30.13
2012-09-27,direct,(direct),0.0,11,11,0.0
2012-09-28,Affiliate,(organic/referral),2.55,17,34,0.13
2012-09-28,Bing,brand,2.2,2,8,0.26
2012-09-28,Bing,nonbrand,52.8,48,192,6.34
2012-09-28,Google,brand,18.9,14,70,2.27
2012-09-28,Google,nonbrand,214.65,159,795,25.76
2012-09-28,direct,(direct),0.0,13,13,0.0
2012-09-29,Affiliate,(organic/referral),0.6,4,8,0.03
2012-09-29,Bing,brand,2.2,2,8,0.26
2012-09-29,Bing,nonbrand,25.3,23,92,3.04
2012-09-29,Google,brand,6.75,5,25,0.81
2012-09-29,Google,nonbrand,114.75,85,425,13.77
2012-09-29,direct,(direct),0.0,8,8,0.0
2012-09-30,Affiliate,(organic/referral),0.75,5,10,0.04
2012-09-30,Bing,brand,1.1,1,4,0.13
2012-09-30,Bing,nonbrand,37.4,34,136,4.49
2012-09-30,Google,brand,6.75,5,25,0.81
2012-09-30,Google,nonbrand,101.25,75,375,12.15
2012-09-30,direct,(direct),0.0,5,5,0.0
2012-10-01,Affiliate,(organic/referral),1.8,12,24,0.09
2012-10-01,Bing,brand,2.2,2,8,0.26
2012-10-01,Bing,nonbrand,62.7,57,228,7.52
2012-10-01,Google,brand,12.15,9,45,1.46
2012-10-01,Google,nonbrand,234.9,174,870,28.19
2012-10-01,direct,(direct),0.0,9,9,0.0
2012-10-02,Affiliate,(organic/referral),1.65,11,22,0.08
2012-10-02,Bing,brand,1.1,1,4,0.13
2012-10-02,Bing,nonbrand,61.6,56,224,7.39
2012-10-02,Google,brand,10.8,8,40,1.3
2012-10-02,Google,nonbrand,199.8,148,740,23.98
2012-10-02,direct,(direct),0.0,14,14,0.0
2012-10-03,Affiliate,(organic/referral),2.85,19,38,0.14
2012-10-03,Bing,brand,7.7,7,28,0.92
2012-10-03,Bing,nonbrand,59.4,54,216,7.13
2012-10-03,Google,brand,12.15,9,45,1.46
2012-10-03,Google,nonbrand,237.6,176,880,28.51
2012-10-03,direct,(direct),0.0,15,15,0.0
2012-10-04,Affiliate,(organic/referral),2.4,16,32,0.12
2012-10-04,Bing,brand,2.2,2,8,0.26
2012-10-04,Bing,nonbrand,57.2,52,208,6.86
2012-10-04,Google,brand,14.85,11,55,1.78
2012-10-04,Google,nonbrand,252.45,187,935,30.29
2012-10-04,direct,(direct),0.0,18,18,0.0
2012-10-05,Affiliate,(organic/referral),2.25,15,30,0.11
2012-10-05,Bing,nonbrand,53.9,49,196,6.47
2012-10-05,Google,brand,14.85,11,55,1.78
2012-10-05,Google,nonbrand,211.95,157,785,25.43
2012-10-05,direct,(direct),0.0,14,14,0.0
2012-10-06,Affiliate,(organic/referral),0.75,5,10,0.04
2012-10-06,Bing,brand,1.1,1,4,0.13
2012-10-06,Bing,nonbrand,15.4,14,56,1.85
2012-10-06,Google,brand,8.1,6,30,0.97
2012-10-06,Google,nonbrand,110.7,82,410,13.28
2012-10-06,direct,(direct),0.0,7,7,0.0
2012-10-07,Affiliate,(organic/referral),0.9,6,12,0.04
2012-10-07,Bing,nonbrand,19.8,18,72,2.38
2012-10-07,Google,brand,9.45,7,35,1.13
2012-10-07,Google,nonbrand,95.85,71,355,11.5
2012-10-07,direct,(direct),0.0,9,9,0.0
2012-10-08,Affiliate,(organic/referral),2.4,16,32,0.12
2012-10-08,Bing,brand,3.3,3,12,0.4
2012-10-08,Bing,nonbrand,45.1,41,164,5.41
2012-10-08,Google,brand,16.2,12,60,1.94
2012-10-08,Google,nonbrand,260.55,193,965,31.27
2012-10-08,direct,(direct),0.0,11,11,0.0
2012-10-09,Affiliate,(organic/referral),2.85,19,38,0.14
2012-10-09,Bing,brand,1.1,1,4,0.13
2012-10-09,Bing,nonbrand,67.1,61,244,8.05
2012-10-09,Google,brand,21.6,16,80,2.59
2012-10-09,Google,nonbrand,240.3,178,890,28.84
2012-10-09,direct,(direct),0.0,17,17,0.0
2012-10-10,Affiliate,(organic/referral),3.6,24,48,0.18
2012-10-10,Bing,brand,3.3,3,12,0.4
2012-10-10,Bing,nonbrand,77.0,70,280,9.24
2012-10-10,Google,brand,21.6,16,80,2.59
2012-10-10,Google,nonbrand,228.15,169,845,27.38
2012-10-10,direct,(direct),0.0,16,16,0.0
2012-10-11,Affiliate,(organic/referral),2.4,16,32,0.12
2012-10-11,Bing,brand,8.8,8,32,1.06
2012-10-11,Bing,nonbrand,61.6,56,224,7.39
2012-10-11,Google,brand,18.9,14,70,2.27
2012-10-11,Google,nonbrand,226.8,168,840,27.22
2012-10-11,direct,(direct),0.0,15,15,0.0
2012-10-12,Affiliate,(organic/referral),2.25,15,30,0.11
2012-10-12,Bing,brand,3.3,3,12,0.4
2012-10-12,Bing,nonbrand,67.1,61,244,8.05
2012-10-12,Google,brand,17.55,13,65,2.11
2012-10-12,Google,nonbrand,203.85,151,755,24.46
2012-10-12,direct,(direct),0.0,15,15,0.0
2012-10-13,Affiliate,(organic/referral),0.9,6,12,0.04
2012-10-13,Bing,brand,3.3,3,12,0.4
2012-10-13,Bing,nonbrand,25.3,23,92,3.04
2012-10-13,Google,brand,6.75,5,25,0.81
2012-10-13,Google,nonbrand,97.2,72,360,11.66
2012-10-13,direct,(direct),0.0,11,11,0.0
2012-10-14,Affiliate,(organic/referral),1.2,8,16,0.06
2012-10-14,Bing,nonbrand,39.6,36,144,4.75
2012-10-14,Google,brand,6.75,5,25,0.81
2012-10-14,Google,nonbrand,132.3,98,490,15.88
2012-10-14,direct,(direct),0.0,11,11,0.0
2012-10-15,Affiliate,(organic/referral),3.0,20,40,0.15
2012-10-15,Bing,brand,2.2,2,8,0.26
2012-10-15,Bing,nonbrand,73.7,67,268,8.84
2012-10-15,Google,brand,20.25,15,75,2.43
2012-10-15,Google,nonbrand,276.75,205,1025,33.21
2012-10-15,direct,(direct),0.0,17,17,0.0
2012-10-16,Affiliate,(organic/referral),1.8,12,24,0.09
2012-10-16,Bing,brand,4.4,4,16,0.53
2012-10-16,Bing,nonbrand,69.3,63,252,8.32
2012-10-16,Google,brand,22.95,17,85,2.75
2012-10-16,Google,nonbrand,255.15,189,945,30.62
2012-10-16,direct,(direct),0.0,13,13,0.0
2012-10-17,Affiliate,(organic/referral),2.25,15,30,0.11
2012-10-17,Bing,brand,8.8,8,32,1.06
2012-10-17,Bing,nonbrand,92.4,84,336,11.09
2012-10-17,Google,brand,16.2,12,60,1.94
2012-10-17,Google,nonbrand,268.65,199,995,32.24
2012-10-17,direct,(direct),0.0,15,15,0.0
2012-10-18,Affiliate,(organic/referral),1.35,9,18,0.07
2012-10-18,Bing,brand,1.1,1,4,0.13
2012-10-18,Bing,nonbrand,88.0,80,320,10.56
2012-10-18,Google,brand,16.2,12,60,1.94
2012-10-18,Google,nonbrand,348.3,258,1290,41.8
2012-10-18,direct,(direct),0.0,16,16,0.0
2012-10-19,Affiliate,(organic/referral),2.85,19,38,0.14
2012-10-19,Bing,brand,3.3,3,12,0.4
2012-10-19,Bing,nonbrand,69.3,63,252,8.32
2012-10-19,Google,brand,18.9,14,70,2.27
2012-10-19,Google,nonbrand,283.5,210,1050,34.02
2012-10-19,direct,(direct),0.0,10,10,0.0
2012-10-20,Affiliate,(organic/referral),1.65,11,22,0.08
2012-10-20,Bing,brand,1.1,1,4,0.13
2012-10-20,Bing,nonbrand,29.7,27,108,3.56
2012-10-20,Google,brand,4.05,3,15,0.49
2012-10-20,Google,nonbrand,132.3,98,490,15.88
2012-10-20,direct,(direct),0.0,5,5,0.0
2012-10-21,Affiliate,(organic/referral),1.2,8,16,0.06
2012-10-21,Bing,brand,1.1,1,4,0.13
2012-10-21,Bing,nonbrand,40.7,37,148,4.88
2012-10-21,Google,brand,5.4,4,20,0.65
2012-10-21,Google,nonbrand,122.85,91,455,14.74
2012-10-21,direct,(direct),0.0,5,5,0.0
2012-10-22,Affiliate,(organic/referral),2.1,14,28,0.11
2012-10-22,Bing,brand,4.4,4,16,0.53
2012-10-22,Bing,nonbrand,64.9,59,236,7.79
2012-10-22,Google,brand,10.8,8,40,1.3
2012-10-22,Google,nonbrand,283.5,210,1050,34.02
2012-10-22,direct,(direct),0.0,19,19,0.0
2012-10-23,Affiliate,(organic/referral),2.4,16,32,0.12
2012-10-23,Bing,brand,6.6,6,24,0.79
2012-10-23,Bing,nonbrand,79.2,72,288,9.5
2012-10-23,Google,brand,21.6,16,80,2.59
2012-10-23,Google,nonbrand,290.25,215,1075,34.83
2012-10-23,direct,(direct),0.0,19,19,0.0
2012-10-24,Affiliate,(organic/referral),2.55,17,34,0.13
2012-10-24,Bing,brand,2.2,2,8,0.26
2012-10-24,Bing,nonbrand,103.4,94,376,12.41
2012-10-24,Google,brand,13.5,10,50,1.62
2012-10-24,Google,nonbrand,336.15,249,1245,40.34
2012-10-24,direct,(direct),0.0,19,19,0.0
2012-10-25,Affiliate,(organic/referral),2.4,16,32,0.12
2012-10-25,Bing,brand,5.5,5,20,0.66
2012-10-25,Bing,nonbrand,75.9,69,276,9.11
2012-10-25,Google,brand,22.95,17,85,2.75
2012-10-25,Google,nonbrand,322.65,239,1195,38.72
2012-10-25,direct,(direct),0.0,25,25,0.0
2012-10-26,Affiliate,(organic/referral),2.1,14,28,0.11
2012-10-26,Bing,brand,4.4,4,16,0.53
2012-10-26,Bing,nonbrand,59.4,54,216,7.13
2012-10-26,Google,brand,13.5,10,50,1.62
2012-10-26,Google,nonbrand,275.4,204,1020,33.05
2012-10-26,direct,(direct),0.0,22,22,0.0
2012-10-27,Affiliate,(organic/referral),1.5,10,20,0.08
2012-10-27,Bing,brand,2.2,2,8,0.26
2012-10-27,Bing,nonbrand,50.6,46,184,6.07
2012-10-27,Google,brand,10.8,8,40,1.3
2012-10-27,Google,nonbrand,126.9,94,470,15.23
2012-10-27,direct,(direct),0.0,8,8,0.0
2012-10-28,Affiliate,(organic/referral),1.05,7,14,0.05
2012-10-28,Bing,nonbrand,36.3,33,132,4.36
2012-10-28,Google,brand,5.4,4,20,0.65
2012-10-28,Google,nonbrand,140.4,104,520,16.85
2012-10-28,direct,(direct),0.0,9,9,0.0
2012-10-29,Affiliate,(organic/referral),2.25,15,30,0.11
2012-10-29,Bing,brand,8.8,8,32,1.06
2012-10-29,Bing,nonbrand,53.9,49,196,6.47
2012-10-29,Google,brand,14.85,11,55,1.78
2012-10-29,Google,nonbrand,245.7,182,910,29.48
2012-10-29,direct,(direct),0.0,14,14,0.0
2012-10-30,Affiliate,(organic/referral),2.7,18,36,0.13
2012-10-30,Bing,brand,5.5,5,20,0.66
2012-10-30,Bing,nonbrand,59.4,54,216,7.13
2012-10-30,Google,brand,20.25,15,75,2.43
2012-10-30,Google,nonbrand,288.9,214,1070,34.67
2012-10-30,direct,(direct),0.0,22,22,0.0
2012-10-31,Affiliate,(organic/referral),2.85,19,38,0.14
2012-10-31,Bing,brand,5.5,5,20,0.66
2012-10-31,Bing,nonbrand,95.7,87,348,11.48
2012-10-31,Google,brand,25.65,19,95,3.08
2012-10-31,Google,nonbrand,286.2,212,1060,34.34
2012-10-31,direct,(direct),0.0,20,20,0.0
2012-11-01,Affiliate,(organic/referral),4.2,28,56,0.21
2012-11-01,Bing,brand,2.2,2,8,0.26
2012-11-01,Bing,nonbrand,77.0,70,280,9.24
2012-11-01,Google,brand,12.15,9,45,1.46
2012-11-01,Google,nonbrand,274.05,203,1015,32.89
2012-11-01,direct,(direct),0.0,18,18,0.0
2012-11-02,Affiliate,(organic/referral),3.3,22,44,0.16
2012-11-02,Bing,brand,5.5,5,20,0.66
2012-11-02,Bing,nonbrand,62.7,57,228,7.52
2012-11-02,Google,brand,14.85,11,55,1.78
2012-11-02,Google,nonbrand,252.45,187,935,30.29
2012-11-02,direct,(direct),0.0,19,19,0.0
2012-11-03,Affiliate,(organic/referral),1.35,9,18,0.07
2012-11-03,Bing,brand,1.1,1,4,0.13
2012-11-03,Bing,nonbrand,37.4,34,136,4.49
2012-11-03,Google,brand,2.7,2,10,0.32
2012-11-03,Google,nonbrand,147.15,109,545,17.66
2012-11-03,direct,(direct),0.0,11,11,0.0
2012-11-04,Affiliate,(organic/referral),0.6,4,8,0.03
2012-11-04,Bing,brand,4.4,4,16,0.53
2012-11-04,Bing,nonbrand,30.8,28,112,3.7
2012-11-04,Google,brand,10.8,8,40,1.3
2012-11-04,Google,nonbrand,136.35,101,505,16.36
2012-11-04,direct,(direct),0.0,8,8,0.0
2012-11-05,Affiliate,(organic/referral),2.25,15,30,0.11
2012-11-05,Bing,brand,2.2,2,8,0.26
2012-11-05,Bing,nonbrand,77.0,70,280,9.24
2012-11-05,Google,brand,22.95,17,85,2.75
2012-11-05,Google,nonbrand,305.1,226,1130,36.61
2012-11-05,direct,(direct),0.0,21,21,0.0
2012-11-06,Affiliate,(organic/referral),3.15,21,42,0.16
2012-11-06,Bing,brand,2.2,2,8,0.26
2012-11-06,Bing,nonbrand,84.7,77,308,10.16
2012-11-06,Google,brand,20.25,15,75,2.43
2012-11-06,Google,nonbrand,332.1,246,1230,39.85
2012-11-06,direct,(direct),0.0,19,19,0.0
2012-11-07,Affiliate,(organic/referral),2.85,19,38,0.14
2012-11-07,Bing,brand,4.4,4,16,0.53
2012-11-07,Bing,nonbrand,90.2,82,328,10.82
2012-11-07,Google,brand,10.8,8,40,1.3
2012-11-07,Google,nonbrand,340.2,252,1260,40.82
2012-11-07,direct,(direct),0.0,18,18,0.0
2012-11-08,Affiliate,(organic/referral),2.25,15,30,0.11
2012-11-08,Bing,brand,2.2,2,8,0.26
2012-11-08,Bing,nonbrand,63.8,58,232,7.66
2012-11-08,Google,brand,9.45,7,35,1.13
2012-11-08,Google,nonbrand,302.4,224,1120,36.29
2012-11-08,direct,(direct),0.0,20,20,0.0
2012-11-09,Affiliate,(organic/referral),2.7,18,36,0.13
2012-11-09,Bing,brand,3.3,3,12,0.4
2012-11-09,Bing,nonbrand,88.0,80,320,10.56
2012-11-09,Google,brand,18.9,14,70,2.27
2012-11-09,Google,nonbrand,265.95,197,985,31.91
2012-11-09,direct,(direct),0.0,13,13,0.0
2012-11-10,Affiliate,(organic/referral),1.35,9,18,0.07
2012-11-10,Bing,nonbrand,37.4,34,136,4.49
2012-11-10,Google,brand,10.8,8,40,1.3
2012-11-10,Google,nonbrand,140.4,104,520,16.85
2012-11-10,direct,(direct),0.0,13,13,0.0
2012-11-11,Affiliate,(organic/referral),0.9,6,12,0.04
2012-11-11,Bing,brand,2.2,2,8,0.26
2012-11-11,Bing,nonbrand,40.7,37,148,4.88
2012-11-11,Google,brand,9.45,7,35,1.13
2012-11-11,Google,nonbrand,136.35,101,505,16.36
2012-11-11,direct,(direct),0.0,10,10,0.0
2012-11-12,Affiliate,(organic/referral),2.4,16,32,0.12
2012-11-12,Bing,brand,5.5,5,20,0.66
2012-11-12,Bing,nonbrand,86.9,79,316,10.43
2012-11-12,Google,brand,13.5,10,50,1.62
2012-11-12,Google,nonbrand,261.9,194,970,31.43
2012-11-12,direct,(direct),0.0,15,15,0.0
2012-11-13,Affiliate,(organic/referral),1.8,12,24,0.09
2012-11-13,Bing,brand,3.3,3,12,0.4
2012-11-13,Bing,nonbrand,73.7,67,268,8.84
2012-11-13,Google,brand,16.2,12,60,1.94
2012-11-13,Google,nonbrand,299.7,222,1110,35.96
2012-11-13,direct,(direct),0.0,13,13,0.0
2012-11-14,Affiliate,(organic/referral),2.4,16,32,0.12
2012-11-14,Bing,brand,6.6,6,24,0.79
2012-11-14,Bing,nonbrand,78.1,71,284,9.37
2012-11-14,Google,brand,21.6,16,80,2.59
2012-11-14,Google,nonbrand,295.65,219,1095,35.48
2012-11-14,direct,(direct),0.0,17,17,0.0
2012-11-15,Affiliate,(organic/referral),3.45,23,46,0.17
2012-11-15,Bing,brand,2.2,2,8,0.26
2012-11-15,Bing,nonbrand,88.0,80,320,10.56
2012-11-15,Google,brand,13.5,10,50,1.62
2012-11-15,Google,nonbrand,280.8,208,1040,33.7
2012-11-15,direct,(direct),0.0,19,19,0.0
2012-11-16,Affiliate,(organic/referral),3.6,24,48,0.18
2012-11-16,Bing,brand,1.1,1,4,0.13
2012-11-16,Bing,nonbrand,70.4,64,256,8.45
2012-11-16,Google,brand,13.5,10,50,1.62
2012-11-16,Google,nonbrand,279.45,207,1035,33.53
2012-11-16,direct,(direct),0.0,13,13,0.0
2012-11-17,Affiliate,(organic/referral),1.65,11,22,0.08
2012-11-17,Bing,brand,1.1,1,4,0.13
2012-11-17,Bing,nonbrand,44.0,40,160,5.28
2012-11-17,Google,brand,8.1,6,30,0.97
2012-11-17,Google,nonbrand,128.25,95,475,15.39
2012-11-17,direct,(direct),0.0,3,3,0.0
2012-11-18,Affiliate,(organic/referral),1.65,11,22,0.08
2012-11-18,Bing,nonbrand,52.8,48,192,6.34
2012-11-18,Google,brand,9.45,7,35,1.13
2012-11-18,Google,nonbrand,149.85,111,555,17.98
2012-11-18,direct,(direct),0.0,11,11,0.0
2012-11-19,Affiliate,(organic/referral),2.85,19,38,0.14
2012-11-19,Bing,brand,1.1,1,4,0.13
2012-11-19,Bing,nonbrand,63.8,58,232,7.66
2012-11-19,Google,brand,27.0,20,100,3.24
2012-11-19,Google,nonbrand,292.95,217,1085,35.15
2012-11-19,direct,(direct),0.0,21,21,0.0
2012-11-20,Affiliate,(organic/referral),3.75,25,50,0.19
2012-11-20,Bing,brand,2.2,2,8,0.26
2012-11-20,Bing,nonbrand,91.3,83,332,10.96
2012-11-20,Google,brand,20.25,15,75,2.43
2012-11-20,Google,nonbrand,322.65,239,1195,38.72
2012-11-20,direct,(direct),0.0,23,23,0.0
2012-11-21,Affiliate,(organic/referral),2.85,19,38,0.14
2012-11-21,Bing,brand,1.1,1,4,0.13
2012-11-21,Bing,nonbrand,81.4,74,296,9.77
2012-11-21,Google,brand,25.65,19,95,3.08
2012-11-21,Google,nonbrand,334.8,248,1240,40.18
2012-11-21,direct,(direct),0.0,21,21,0.0
2012-11-22,Affiliate,(organic/referral),2.7,18,36,0.13
2012-11-22,Bing,brand,6.6,6,24,0.79
2012-11-22,Bing,nonbrand,75.9,69,276,9.11
2012-11-22,Google,brand,29.7,22,110,3.56
2012-11-22,Google,nonbrand,332.1,246,1230,39.85
2012-11-22,direct,(direct),0.0,17,17,0.0
2012-11-23,Affiliate,(organic/referral),13.2,88,176,0.66
2012-11-23,Bing,brand,17.6,16,64,2.11
2012-11-23,Bing,nonbrand,805.2,732,2928,96.62
2012-11-23,Google,brand,75.6,56,280,9.07
2012-11-23,Google,nonbrand,3142.8,2328,11640,377.14
2012-11-23,direct,(direct),0.0,69,69,0.0
2012-11-24,Affiliate,(organic/referral),1.35,9,18,0.07
2012-11-24,Bing,nonbrand,31.9,29,116,3.83
2012-11-24,Google,brand,9.45,7,35,1.13
2012-11-24,Google,nonbrand,160.65,119,595,19.28
2012-11-24,direct,(direct),0.0,6,6,0.0
2012-11-25,Affiliate,(organic/referral),1.2,8,16,0.06
2012-11-25,Bing,brand,1.1,1,4,0.13
2012-11-25,Bing,nonbrand,30.8,28,112,3.7
2012-11-25,Google,brand,14.85,11,55,1.78
2012-11-25,Google,nonbrand,128.25,95,475,15.39
2012-11-25,direct,(direct),0.0,11,11,0.0
2012-11-26,Affiliate,(organic/referral),10.65,71,142,0.53
2012-11-26,Bing,brand,13.2,12,48,1.58
2012-11-26,Bing,nonbrand,667.7,607,2428,80.12
2012-11-26,Google,brand,75.6,56,280,9.07
2012-11-26,Google,nonbrand,2440.8,1808,9040,292.9
2012-11-26,direct,(direct),0.0,56,56,0.0
2012-11-27,Affiliate,(organic/referral),3.75,25,50,0.19
2012-11-27,Bing,brand,3.3,3,12,0.4
2012-11-27,Bing,nonbrand,66.0,60,240,7.92
2012-11-27,Google,brand,27.0,20,100,3.24
2012-11-27,Google,nonbrand,267.3,198,990,32.08
2012-11-27,direct,(direct),0.0,18,18,0.0
2012-11-28,Affiliate,(organic/referral),3.9,26,52,0.2
2012-11-28,Bing,brand,2.2,2,8,0.26
2012-11-28,Bing,nonbrand,86.9,79,316,10.43
2012-11-28,Google,brand,22.95,17,85,2.75
2012-11-28,Google,nonbrand,249.75,185,925,29.97
2012-11-28,direct,(direct),0.0,17,17,0.0
2012-11-29,Affiliate,(organic/referral),3.6,24,48,0.18
2012-11-29,Bing,brand,5.5,5,20,0.66
2012-11-29,Bing,nonbrand,68.2,62,248,8.18
2012-11-29,Google,brand,25.65,19,95,3.08
2012-11-29,Google,nonbrand,255.15,189,945,30.62
2012-11-29,direct,(direct),0.0,28,28,0.0
2012-11-30,Affiliate,(organic/referral),1.95,13,26,0.1
2012-11-30,Bing,brand,4.4,4,16,0.53
2012-11-30,Bing,nonbrand,50.6,46,184,6.07
2012-11-30,Google,brand,25.65,19,95,3.08
2012-11-30,Google,nonbrand,241.65,179,895,29.0
2012-11-30,direct,(direct),0.0,23,23,0.0
2012-12-01,Affiliate,(organic/referral),1.2,8,16,0.06
2012-12-01,Bing,nonbrand,25.3,23,92,3.04
2012-12-01,Google,brand,12.15,9,45,1.46
2012-12-01,Google,nonbrand,129.6,96,480,15.55
2012-12-01,direct,(direct),0.0,11,11,0.0
2012-12-02,Affiliate,(organic/referral),1.5,10,20,0.08
2012-12-02,Bing,brand,1.1,1,4,0.13
2012-12-02,Bing,nonbrand,44.0,40,160,5.28
2012-12-02,Google,brand,8.1,6,30,0.97
2012-12-02,Google,nonbrand,183.6,136,680,22.03
2012-12-02,direct,(direct),0.0,13,13,0.0
2012-12-03,Affiliate,(organic/referral),4.5,30,60,0.22
2012-12-03,Bing,brand,3.3,3,12,0.4
2012-12-03,Bing,nonbrand,107.8,98,392,12.94
2012-12-03,Google,brand,27.0,20,100,3.24
2012-12-03,Google,nonbrand,379.35,281,1405,45.52
2012-12-03,direct,(direct),0.0,25,25,0.0
2012-12-04,Affiliate,(organic/referral),4.65,31,62,0.23
2012-12-04,Bing,brand,4.4,4,16,0.53
2012-12-04,Bing,nonbrand,92.4,84,336,11.09
2012-12-04,Google,brand,22.95,17,85,2.75
2012-12-04,Google,nonbrand,399.6,296,1480,47.95
2012-12-04,direct,(direct),0.0,25,25,0.0
2012-12-05,Affiliate,(organic/referral),3.6,24,48,0.18
2012-12-05,Bing,brand,7.7,7,28,0.92
2012-12-05,Bing,nonbrand,107.8,98,392,12.94
2012-12-05,Google,brand,24.3,18,90,2.92
2012-12-05,Google,nonbrand,400.95,297,1485,48.11
2012-12-05,direct,(direct),0.0,34,34,0.0
2012-12-06,Affiliate,(organic/referral),4.65,31,62,0.23
2012-12-06,Bing,brand,3.3,3,12,0.4
2012-12-06,Bing,nonbrand,106.7,97,388,12.8
2012-12-06,Google,brand,32.4,24,120,3.89
2012-12-06,Google,nonbrand,449.55,333,1665,53.95
2012-12-06,direct,(direct),0.0,35,35,0.0
2012-12-07,Affiliate,(organic/referral),3.45,23,46,0.17
2012-12-07,Bing,brand,6.6,6,24,0.79
2012-12-07,Bing,nonbrand,101.2,92,368,12.14
2012-12-07,Google,brand,28.35,21,105,3.4
2012-12-07,Google,nonbrand,340.2,252,1260,40.82
2012-12-07,direct,(direct),0.0,16,16,0.0
2012-12-08,Affiliate,(organic/referral),1.95,13,26,0.1
2012-12-08,Bing,brand,1.1,1,4,0.13
2012-12-08,Bing,nonbrand,42.9,39,156,5.15
2012-12-08,Google,brand,8.1,6,30,0.97
2012-12-08,Google,nonbrand,171.45,127,635,20.57
2012-12-08,direct,(direct),0.0,10,10,0.0
2012-12-09,Affiliate,(organic/referral),1.95,13,26,0.1
2012-12-09,Bing,brand,1.1,1,4,0.13
2012-12-09,Bing,nonbrand,27.5,25,100,3.3
2012-12-09,Google,brand,13.5,10,50,1.62
2012-12-09,Google,nonbrand,190.35,141,705,22.84
2012-12-09,direct,(direct),0.0,11,11,0.0
2012-12-10,Affiliate,(organic/referral),2.85,19,38,0.14
2012-12-10,Bing,brand,2.2,2,8,0.26
2012-12-10,Bing,nonbrand,61.6,56,224,7.39
2012-12-10,Google,brand,21.6,16,80,2.59
2012-12-10,Google,nonbrand,345.6,256,1280,41.47
2012-12-10,direct,(direct),0.0,25,25,0.0
2012-12-11,Affiliate,(organic/referral),2.7,18,36,0.13
2012-12-11,Bing,brand,3.3,3,12,0.4
2012-12-11,Bing,nonbrand,64.9,59,236,7.79
2012-12-11,Google,brand,32.4,24,120,3.89
2012-12-11,Google,nonbrand,418.5,310,1550,50.22
2012-12-11,direct,(direct),0.0,20,20,0.0
2012-12-12,Affiliate,(organic/referral),4.2,28,56,0.21
2012-12-12,Bing,brand,7.7,7,28,0.92
2012-12-12,Bing,nonbrand,69.3,63,252,8.32
2012-12-12,Google,brand,29.7,22,110,3.56
2012-12-12,Google,nonbrand,403.65,299,1495,48.44
2012-12-12,direct,(direct),0.0,27,27,0.0
2012-12-13,Affiliate,(organic/referral),3.6,24,48,0.18
2012-12-13,Bing,brand,7.7,7,28,0.92
2012-12-13,Bing,nonbrand,57.2,52,208,6.86
2012-12-13,Google,brand,41.85,31,155,5.02
2012-12-13,Google,nonbrand,384.75,285,1425,46.17
2012-12-13,direct,(direct),0.0,31,31,0.0
2012-12-14,Affiliate,(organic/referral),3.6,24,48,0.18
2012-12-14,Bing,brand,7.7,7,28,0.92
2012-12-14,Bing,nonbrand,53.9,49,196,6.47
2012-12-14,Google,brand,31.05,23,115,3.73
2012-12-14,Google,nonbrand,364.5,270,1350,43.74
2012-12-14,direct,(direct),0.0,20,20,0.0
2012-12-15,Affiliate,(organic/referral),2.1,14,28,0.11
2012-12-15,Bing,brand,2.2,2,8,0.26
2012-12-15,Bing,nonbrand,38.5,35,140,4.62
2012-12-15,Google,brand,12.15,9,45,1.46
2012-12-15,Google,nonbrand,189.0,140,700,22.68
2012-12-15,direct,(direct),0.0,11,11,0.0
2012-12-16,Affiliate,(organic/referral),2.1,14,28,0.11
2012-12-16,Bing,brand,4.4,4,16,0.53
2012-12-16,Bing,nonbrand,38.5,35,140,4.62
2012-12-16,Google,brand,10.8,8,40,1.3
2012-12-16,Google,nonbrand,179.55,133,665,21.55
2012-12-16,direct,(direct),0.0,10,10,0.0
2012-12-17,Affiliate,(organic/referral),3.9,26,52,0.2
2012-12-17,Bing,brand,4.4,4,16,0.53
2012-12-17,Bing,nonbrand,85.8,78,312,10.3
2012-12-17,Google,brand,27.0,20,100,3.24
2012-12-17,Google,nonbrand,390.15,289,1445,46.82
2012-12-17,direct,(direct),0.0,27,27,0.0
2012-12-18,Affiliate,(organic/referral),3.45,23,46,0.17
2012-12-18,Bing,brand,4.4,4,16,0.53
2012-12-18,Bing,nonbrand,61.6,56,224,7.39
2012-12-18,Google,brand,25.65,19,95,3.08
2012-12-18,Google,nonbrand,421.2,312,1560,50.54
2012-12-18,direct,(direct),0.0,30,30,0.0
2012-12-19,Affiliate,(organic/referral),5.1,34,68,0.26
2012-12-19,Bing,brand,7.7,7,28,0.92
2012-12-19,Bing,nonbrand,91.3,83,332,10.96
2012-12-19,Google,brand,33.75,25,125,4.05
2012-12-19,Google,nonbrand,442.8,328,1640,53.14
2012-12-19,direct,(direct),0.0,32,32,0.0
2012-12-20,Affiliate,(organic/referral),5.7,38,76,0.29
2012-12-20,Bing,brand,4.4,4,16,0.53
2012-12-20,Bing,nonbrand,74.8,68,272,8.98
2012-12-20,Google,brand,25.65,19,95,3.08
2012-12-20,Google,nonbrand,403.65,299,1495,48.44
2012-12-20,direct,(direct),0.0,34,34,0.0
2012-12-21,Affiliate,(organic/referral),4.95,33,66,0.25
2012-12-21,Bing,brand,4.4,4,16,0.53
2012-12-21,Bing,nonbrand,75.9,69,276,9.11
2012-12-21,Google,brand,33.75,25,125,4.05
2012-12-21,Google,nonbrand,384.75,285,1425,46.17
2012-12-21,direct,(direct),0.0,20,20,0.0
2012-12-22,Affiliate,(organic/referral),2.1,14,28,0.11
2012-12-22,Bing,brand,2.2,2,8,0.26
2012-12-22,Bing,nonbrand,47.3,43,172,5.68
2012-12-22,Google,brand,12.15,9,45,1.46
2012-12-22,Google,nonbrand,183.6,136,680,22.03
2012-12-22,direct,(direct),0.0,15,15,0.0
2012-12-23,Affiliate,(organic/referral),1.2,8,16,0.06
2012-12-23,Bing,brand,6.6,6,24,0.79
2012-12-23,Bing,nonbrand,18.7,17,68,2.24
2012-12-23,Google,brand,16.2,12,60,1.94
2012-12-23,Google,nonbrand,113.4,84,420,13.61
2012-12-23,direct,(direct),0.0,12,12,0.0
2012-12-24,Affiliate,(organic/referral),4.5,30,60,0.22
2012-12-24,Bing,brand,12.1,11,44,1.45
2012-12-24,Bing,nonbrand,46.2,42,168,5.54
2012-12-24,Google,brand,35.1,26,130,4.21
2012-12-24,Google,nonbrand,202.5,150,750,24.3
2012-12-24,direct,(direct),0.0,21,21,0.0
2012-12-25,Affiliate,(organic/referral),3.0,20,40,0.15
2012-12-25,Bing,brand,2.2,2,8,0.26
2012-12-25,Bing,nonbrand,33.0,30,120,3.96
2012-12-25,Google,brand,24.3,18,90,2.92
2012-12-25,Google,nonbrand,184.95,137,685,22.19
2012-12-25,direct,(direct),0.0,26,26,0.0
2012-12-26,Affiliate,(organic/referral),3.15,21,42,0.16
2012-12-26,Bing,brand,5.5,5,20,0.66
2012-12-26,Bing,nonbrand,35.2,32,128,4.22
2012-12-26,Google,brand,31.05,23,115,3.73
2012-12-26,Google,nonbrand,263.25,195,975,31.59
2012-12-26,direct,(direct),0.0,24,24,0.0
2012-12-27,Affiliate,(organic/referral),4.65,31,62,0.23
2012-12-27,Bing,brand,5.5,5,20,0.66
2012-12-27,Bing,nonbrand,48.4,44,176,5.81
2012-12-27,Google,brand,25.65,19,95,3.08
2012-12-27,Google,nonbrand,260.55,193,965,31.27
2012-12-27,direct,(direct),0.0,18,18,0.0
2012-12-28,Affiliate,(organic/referral),3.75,25,50,0.19
2012-12-28,Bing,brand,3.3,3,12,0.4
2012-12-28,Bing,nonbrand,39.6,36,144,4.75
2012-12-28,Google,brand,29.7,22,110,3.56
2012-12-28,Google,nonbrand,226.8,168,840,27.22
2012-12-28,direct,(direct),0.0,18,18,0.0
2012-12-29,Affiliate,(organic/referral),2.7,18,36,0.13
2012-12-29,Bing,brand,3.3,3,12,0.4
2012-12-29,Bing,nonbrand,23.1,21,84,2.77
2012-12-29,Google,brand,13.5,10,50,1.62
2012-12-29,Google,nonbrand,112.05,83,415,13.45
2012-12-29,direct,(direct),0.0,13,13,0.0
2012-12-30,Affiliate,(organic/referral),3.0,20,40,0.15
2012-12-30,Bing,brand,4.4,4,16,0.53
2012-12-30,Google,brand,14.85,11,55,1.78
2012-12-30,Google,nonbrand,76.95,57,285,9.23
2012-12-30,direct,(direct),0.0,11,11,0.0
2012-12-31,Affiliate,(organic/referral),4.05,27,54,0.2
2012-12-31,Bing,brand,3.3,3,12,0.4
2012-12-31,Bing,nonbrand,7.7,7,28,0.92
2012-12-31,Google,brand,28.35,21,105,3.4
2012-12-31,Google,nonbrand,171.45,127,635,20.57
2012-12-31,direct,(direct),0.0,21,21,0.0
2013-01-01,Affiliate,(organic/referral),3.6,24,48,0.18
2013-01-01,Bing,nonbrand,17.6,16,64,2.11
2013-01-01,Google,brand,31.05,23,115,3.73
2013-01-01,Google,nonbrand,176.85,131,655,21.22
2013-01-01,direct,(direct),0.0,23,23,0.0
2013-01-02,Affiliate,(organic/referral),4.35,29,58,0.22
2013-01-02,Bing,brand,5.5,5,20,0.66
2013-01-02,Bing,nonbrand,36.3,33,132,4.36
2013-01-02,Google,brand,24.3,18,90,2.92
2013-01-02,Google,nonbrand,195.75,145,725,23.49
2013-01-02,direct,(direct),0.0,23,23,0.0
2013-01-03,Affiliate,(organic/referral),4.35,29,58,0.22
2013-01-03,Bing,brand,4.4,4,16,0.53
2013-01-03,Bing,nonbrand,24.2,22,88,2.9
2013-01-03,Google,brand,16.2,12,60,1.94
2013-01-03,Google,nonbrand,198.45,147,735,23.81
2013-01-03,direct,(direct),0.0,19,19,0.0
2013-01-04,Affiliate,(organic/referral),4.5,30,60,0.22
2013-01-04,Bing,brand,3.3,3,12,0.4
2013-01-04,Bing,nonbrand,20.9,19,76,2.51
2013-01-04,Google,brand,22.95,17,85,2.75
2013-01-04,Google,nonbrand,182.25,135,675,21.87
2013-01-04,direct,(direct),0.0,18,18,0.0
2013-01-05,Affiliate,(organic/referral),1.65,11,22,0.08
2013-01-05,Bing,brand,2.2,2,8,0.26
2013-01-05,Bing,nonbrand,28.6,26,104,3.43
2013-01-05,Google,brand,13.5,10,50,1.62
2013-01-05,Google,nonbrand,85.05,63,315,10.21
2013-01-05,direct,(direct),0.0,6,6,0.0
2013-01-06,Affiliate,(organic/referral),1.8,12,24,0.09
2013-01-06,Bing,nonbrand,39.6,36,144,4.75
2013-01-06,Google,brand,5.4,4,20,0.65
2013-01-06,Google,nonbrand,83.7,62,310,10.04
2013-01-06,direct,(direct),0.0,14,14,0.0
2013-01-07,Affiliate,(organic/referral),3.0,20,40,0.15
2013-01-07,Bing,brand,4.4,4,16,0.53
2013-01-07,Bing,nonbrand,41.8,38,152,5.02
2013-01-07,Google,brand,31.05,23,115,3.73
2013-01-07,Google,nonbrand,176.85,131,655,21.22
2013-01-07,direct,(direct),0.0,26,26,0.0
2013-01-08,Affiliate,(organic/referral),3.0,20,40,0.15
2013-01-08,Bing,brand,4.4,4,16,0.53
2013-01-08,Bing,nonbrand,34.1,31,124,4.09
2013-01-08,Google,brand,21.6,16,80,2.59
2013-01-08,Google,nonbrand,170.1,126,630,20.41
2013-01-08,direct,(direct),0.0,24,24,0.0
2013-01-09,Affiliate,(organic/referral),4.8,32,64,0.24
2013-01-09,Bing,brand,7.7,7,28,0.92
2013-01-09,Bing,nonbrand,25.3,23,92,3.04
2013-01-09,Google,brand,33.75,25,125,4.05
2013-01-09,Google,nonbrand,187.65,139,695,22.52
2013-01-09,direct,(direct),0.0,34,34,0.0
2013-01-10,Affiliate,(organic/referral),4.35,29,58,0.22
2013-01-10,Bing,brand,4.4,4,16,0.53
2013-01-10,Bing,nonbrand,28.6,26,104,3.43
2013-01-10,Google,brand,25.65,19,95,3.08
2013-01-10,Google,nonbrand,166.05,123,615,19.93
2013-01-10,direct,(direct),0.0,20,20,0.0
2013-01-11,Affiliate,(organic/referral),2.7,18,36,0.13
2013-01-11,Bing,brand,5.5,5,20,0.66
2013-01-11,Bing,nonbrand,25.3,23,92,3.04
2013-01-11,Google,brand,24.3,18,90,2.92
2013-01-11,Google,nonbrand,152.55,113,565,18.31
2013-01-11,direct,(direct),0.0,12,12,0.0
2013-01-12,Affiliate,(organic/referral),1.8,12,24,0.09
2013-01-12,Bing,brand,3.3,3,12,0.4
2013-01-12,Bing,nonbrand,18.7,17,68,2.24
2013-01-12,Google,brand,12.15,9,45,1.46
2013-01-12,Google,nonbrand,81.0,60,300,9.72
2013-01-12,direct,(direct),0.0,10,10,0.0
2013-01-13,Affiliate,(organic/referral),1.2,8,16,0.06
2013-01-13,Bing,brand,1.1,1,4,0.13
2013-01-13,Bing,nonbrand,7.7,7,28,0.92
2013-01-13,Google,brand,8.1,6,30,0.97
2013-01-13,Google,nonbrand,76.95,57,285,9.23
2013-01-13,direct,(direct),0.0,10,10,0.0
2013-01-14,Affiliate,(organic/referral),4.05,27,54,0.2
2013-01-14,Bing,brand,5.5,5,20,0.66
2013-01-14,Bing,nonbrand,31.9,29,116,3.83
2013-01-14,Google,brand,31.05,23,115,3.73
2013-01-14,Google,nonbrand,180.9,134,670,21.71
2013-01-14,direct,(direct),0.0,26,26,0.0
2013-01-15,Affiliate,(organic/referral),4.5,30,60,0.22
2013-01-15,Bing,brand,7.7,7,28,0.92
2013-01-15,Bing,nonbrand,36.3,33,132,4.36
2013-01-15,Google,brand,37.8,28,140,4.54
2013-01-15,Google,nonbrand,171.45,127,635,20.57
2013-01-15,direct,(direct),0.0,21,21,0.0
2013-01-16,Affiliate,(organic/referral),5.55,37,74,0.28
2013-01-16,Bing,brand,5.5,5,20,0.66
2013-01-16,Bing,nonbrand,40.7,37,148,4.88
2013-01-16,Google,brand,31.05,23,115,3.73
2013-01-16,Google,nonbrand,182.25,135,675,21.87
2013-01-16,direct,(direct),0.0,24,24,0.0
2013-01-17,Affiliate,(organic/referral),2.85,19,38,0.14
2013-01-17,Bing,brand,7.7,7,28,0.92
2013-01-17,Bing,nonbrand,29.7,27,108,3.56
2013-01-17,Google,brand,31.05,23,115,3.73
2013-01-17,Google,nonbrand,216.0,160,800,25.92
2013-01-17,direct,(direct),0.0,21,21,0.0
2013-01-18,Affiliate,(organic/referral),3.6,24,48,0.18
2013-01-18,Bing,brand,4.4,4,16,0.53
2013-01-18,Bing,nonbrand,17.6,16,64,2.11
2013-01-18,Google,brand,22.95,17,85,2.75
2013-01-18,Google,nonbrand,186.3,138,690,22.36
2013-01-18,direct,(direct),0.0,18,18,0.0
2013-01-19,Affiliate,(organic/referral),1.05,7,14,0.05
2013-01-19,Bing,brand,2.2,2,8,0.26
2013-01-19,Bing,nonbrand,11.0,10,40,1.32
2013-01-19,Google,brand,6.75,5,25,0.81
2013-01-19,Google,nonbrand,90.45,67,335,10.85
2013-01-19,direct,(direct),0.0,13,13,0.0
2013-01-20,Affiliate,(organic/referral),2.1,14,28,0.11
2013-01-20,Bing,brand,3.3,3,12,0.4
2013-01-20,Bing,nonbrand,15.4,14,56,1.85
2013-01-20,Google,brand,17.55,13,65,2.11
2013-01-20,Google,nonbrand,98.55,73,365,11.83
2013-01-20,direct,(direct),0.0,11,11,0.0
2013-01-21,Affiliate,(organic/referral),3.9,26,52,0.2
2013-01-21,Bing,brand,6.6,6,24,0.79
2013-01-21,Bing,nonbrand,48.4,44,176,5.81
2013-01-21,Google,brand,33.75,25,125,4.05
2013-01-21,Google,nonbrand,187.65,139,695,22.52
2013-01-21,direct,(direct),0.0,12,12,0.0
2013-01-22,Affiliate,(organic/referral),4.2,28,56,0.21
2013-01-22,Bing,nonbrand,36.3,33,132,4.36
2013-01-22,Google,brand,21.6,16,80,2.59
2013-01-22,Google,nonbrand,183.6,136,680,22.03
2013-01-22,direct,(direct),0.0,28,28,0.0
2013-01-23,Affiliate,(organic/referral),3.6,24,48,0.18
2013-01-23,Bing,brand,6.6,6,24,0.79
2013-01-23,Bing,nonbrand,33.0,30,120,3.96
2013-01-23,Google,brand,20.25,15,75,2.43
2013-01-23,Google,nonbrand,217.35,161,805,26.08
2013-01-23,direct,(direct),0.0,33,33,0.0
2013-01-24,Affiliate,(organic/referral),4.05,27,54,0.2
2013-01-24,Bing,brand,3.3,3,12,0.4
2013-01-24,Bing,nonbrand,28.6,26,104,3.43
2013-01-24,Google,brand,20.25,15,75,2.43
2013-01-24,Google,nonbrand,217.35,161,805,26.08
2013-01-24,direct,(direct),0.0,23,23,0.0
2013-01-25,Affiliate,(organic/referral),2.4,16,32,0.12
2013-01-25,Bing,brand,5.5,5,20,0.66
2013-01-25,Bing,nonbrand,39.6,36,144,4.75
2013-01-25,Google,brand,25.65,19,95,3.08
2013-01-25,Google,nonbrand,187.65,139,695,22.52
2013-01-25,direct,(direct),0.0,19,19,0.0
2013-01-26,Affiliate,(organic/referral),1.5,10,20,0.08
2013-01-26,Bing,brand,2.2,2,8,0.26
2013-01-26,Bing,nonbrand,18.7,17,68,2.24
2013-01-26,Google,brand,8.1,6,30,0.97
2013-01-26,Google,nonbrand,85.05,63,315,10.21
2013-01-26,direct,(direct),0.0,13,13,0.0
2013-01-27,Affiliate,(organic/referral),0.9,6,12,0.04
2013-01-27,Bing,brand,2.2,2,8,0.26
2013-01-27,Bing,nonbrand,20.9,19,76,2.51
2013-01-27,Google,brand,10.8,8,40,1.3
2013-01-27,Google,nonbrand,91.8,68,340,11.02
2013-01-27,direct,(direct),0.0,9,9,0.0
2013-01-28,Affiliate,(organic/referral),1.95,13,26,0.1
2013-01-28,Bing,brand,3.3,3,12,0.4
2013-01-28,Bing,nonbrand,31.9,29,116,3.83
2013-01-28,Google,brand,35.1,26,130,4.21
2013-01-28,Google,nonbrand,156.6,116,580,18.79
2013-01-28,direct,(direct),0.0,25,25,0.0
2013-01-29,Affiliate,(organic/referral),3.45,23,46,0.17
2013-01-29,Bing,brand,5.5,5,20,0.66
2013-01-29,Bing,nonbrand,34.1,31,124,4.09
2013-01-29,Google,brand,14.85,11,55,1.78
2013-01-29,Google,nonbrand,193.05,143,715,23.17
2013-01-29,direct,(direct),0.0,24,24,0.0
2013-01-30,Affiliate,(organic/referral),4.35,29,58,0.22
2013-01-30,Bing,brand,4.4,4,16,0.53
2013-01-30,Bing,nonbrand,36.3,33,132,4.36
2013-01-30,Google,brand,32.4,24,120,3.89
2013-01-30,Google,nonbrand,209.25,155,775,25.11
2013-01-30,direct,(direct),0.0,25,25,0.0
2013-01-31,Affiliate,(organic/referral),4.2,28,56,0.21
2013-01-31,Bing,brand,3.3,3,12,0.4
2013-01-31,Bing,nonbrand,33.0,30,120,3.96
2013-01-31,Google,brand,25.65,19,95,3.08
2013-01-31,Google,nonbrand,194.4,144,720,23.33
2013-01-31,direct,(direct),0.0,23,23,0.0
2013-02-01,Affiliate,(organic/referral),3.0,20,40,0.15
2013-02-01,Bing,brand,3.3,3,12,0.4
2013-02-01,Bing,nonbrand,16.5,15,60,1.98
2013-02-01,Google,brand,18.9,14,70,2.27
2013-02-01,Google,nonbrand,159.3,118,590,19.12
2013-02-01,direct,(direct),0.0,17,17,0.0
2013-02-02,Affiliate,(organic/referral),3.0,20,40,0.15
2013-02-02,Bing,brand,1.1,1,4,0.13
2013-02-02,Bing,nonbrand,16.5,15,60,1.98
2013-02-02,Google,brand,8.1,6,30,0.97
2013-02-02,Google,nonbrand,90.45,67,335,10.85
2013-02-02,direct,(direct),0.0,10,10,0.0
2013-02-03,Affiliate,(organic/referral),1.95,13,26,0.1
2013-02-03,Bing,brand,5.5,5,20,0.66
2013-02-03,Bing,nonbrand,14.3,13,52,1.72
2013-02-03,Google,brand,8.1,6,30,0.97
2013-02-03,Google,nonbrand,79.65,59,295,9.56
2013-02-03,direct,(direct),0.0,10,10,0.0
2013-02-04,Affiliate,(organic/referral),3.9,26,52,0.2
2013-02-04,Bing,brand,3.3,3,12,0.4
2013-02-04,Bing,nonbrand,25.3,23,92,3.04
2013-02-04,Google,brand,20.25,15,75,2.43
2013-02-04,Google,nonbrand,180.9,134,670,21.71
2013-02-04,direct,(direct),0.0,24,24,0.0
2013-02-05,Affiliate,(organic/referral),3.15,21,42,0.16
2013-02-05,Bing,brand,3.3,3,12,0.4
2013-02-05,Bing,nonbrand,29.7,27,108,3.56
2013-02-05,Google,brand,22.95,17,85,2.75
2013-02-05,Google,nonbrand,191.7,142,710,23.0
2013-02-05,direct,(direct),0.0,16,16,0.0
2013-02-06,Affiliate,(organic/referral),3.0,20,40,0.15
2013-02-06,Bing,brand,1.1,1,4,0.13
2013-02-06,Bing,nonbrand,35.2,32,128,4.22
2013-02-06,Google,brand,18.9,14,70,2.27
2013-02-06,Google,nonbrand,189.0,140,700,22.68
2013-02-06,direct,(direct),0.0,26,26,0.0
2013-02-07,Affiliate,(organic/referral),3.3,22,44,0.16
2013-02-07,Bing,nonbrand,37.4,34,136,4.49
2013-02-07,Google,brand,25.65,19,95,3.08
2013-02-07,Google,nonbrand,202.5,150,750,24.3
2013-02-07,direct,(direct),0.0,12,12,0.0
2013-02-08,Affiliate,(organic/referral),2.1,14,28,0.11
2013-02-08,Bing,brand,5.5,5,20,0.66
2013-02-08,Bing,nonbrand,31.9,29,116,3.83
2013-02-08,Google,brand,22.95,17,85,2.75
2013-02-08,Google,nonbrand,151.2,112,560,18.14
2013-02-08,direct,(direct),0.0,21,21,0.0
2013-02-09,Affiliate,(organic/referral),1.5,10,20,0.08
2013-02-09,Bing,brand,1.1,1,4,0.13
2013-02-09,Bing,nonbrand,22.0,20,80,2.64
2013-02-09,Google,brand,13.5,10,50,1.62
2013-02-09,Google,nonbrand,81.0,60,300,9.72
2013-02-09,direct,(direct),0.0,7,7,0.0
2013-02-10,Affiliate,(organic/referral),1.5,10,20,0.08
2013-02-10,Bing,brand,2.2,2,8,0.26
2013-02-10,Bing,nonbrand,37.4,34,136,4.49
2013-02-10,Google,brand,13.5,10,50,1.62
2013-02-10,Google,nonbrand,241.65,179,895,29.0
2013-02-10,direct,(direct),0.0,9,9,0.0
2013-02-11,Affiliate,(organic/referral),2.1,14,28,0.11
2013-02-11,Bing,brand,9.9,9,36,1.19
2013-02-11,Bing,nonbrand,96.8,88,352,11.62
2013-02-11,Google,brand,21.6,16,80,2.59
2013-02-11,Google,nonbrand,486.0,360,1800,58.32
2013-02-11,direct,(direct),0.0,28,28,0.0
2013-02-12,Affiliate,(organic/referral),5.1,34,68,0.26
2013-02-12,Bing,brand,6.6,6,24,0.79
2013-02-12,Bing,nonbrand,89.1,81,324,10.69
2013-02-12,Google,brand,25.65,19,95,3.08
2013-02-12,Google,nonbrand,491.4,364,1820,58.97
2013-02-12,direct,(direct),0.0,20,20,0.0
2013-02-13,Affiliate,(organic/referral),4.2,28,56,0.21
2013-02-13,Bing,brand,3.3,3,12,0.4
2013-02-13,Bing,nonbrand,86.9,79,316,10.43
2013-02-13,Google,brand,29.7,22,110,3.56
2013-02-13,Google,nonbrand,480.6,356,1780,57.67
2013-02-13,direct,(direct),0.0,24,24,0.0
2013-02-14,Affiliate,(organic/referral),3.6,24,48,0.18
2013-02-14,Bing,brand,1.1,1,4,0.13
2013-02-14,Bing,nonbrand,73.7,67,268,8.84
2013-02-14,Google,brand,24.3,18,90,2.92
2013-02-14,Google,nonbrand,541.35,401,2005,64.96
2013-02-14,direct,(direct),0.0,20,20,0.0
2013-02-15,Affiliate,(organic/referral),3.3,22,44,0.16
2013-02-15,Bing,brand,9.9,9,36,1.19
2013-02-15,Bing,nonbrand,84.7,77,308,10.16
2013-02-15,Google,brand,22.95,17,85,2.75
2013-02-15,Google,nonbrand,487.35,361,1805,58.48
2013-02-15,direct,(direct),0.0,16,16,0.0
2013-02-16,Affiliate,(organic/referral),2.4,16,32,0.12
2013-02-16,Bing,brand,1.1,1,4,0.13
2013-02-16,Bing,nonbrand,25.3,23,92,3.04
2013-02-16,Google,brand,9.45,7,35,1.13
2013-02-16,Google,nonbrand,251.1,186,930,30.13
2013-02-16,direct,(direct),0.0,14,14,0.0
2013-02-17,Affiliate,(organic/referral),2.55,17,34,0.13
2013-02-17,Bing,brand,2.2,2,8,0.26
2013-02-17,Bing,nonbrand,11.0,10,40,1.32
2013-02-17,Google,brand,12.15,9,45,1.46
2013-02-17,Google,nonbrand,95.85,71,355,11.5
2013-02-17,direct,(direct),0.0,5,5,0.0
2013-02-18,Affiliate,(organic/referral),2.85,19,38,0.14
2013-02-18,Bing,brand,1.1,1,4,0.13
2013-02-18,Bing,nonbrand,31.9,29,116,3.83
2013-02-18,Google,brand,9.45,7,35,1.13
2013-02-18,Google,nonbrand,166.05,123,615,19.93
2013-02-18,direct,(direct),0.0,29,29,0.0
2013-02-19,Affiliate,(organic/referral),2.4,16,32,0.12
2013-02-19,Bing,brand,7.7,7,28,0.92
2013-02-19,Bing,nonbrand,29.7,27,108,3.56
2013-02-19,Google,brand,29.7,22,110,3.56
2013-02-19,Google,nonbrand,202.5,150,750,24.3
2013-02-19,direct,(direct),0.0,16,16,0.0
2013-02-20,Affiliate,(organic/referral),3.45,23,46,0.17
2013-02-20,Bing,brand,5.5,5,20,0.66
2013-02-20,Bing,nonbrand,33.0,30,120,3.96
2013-02-20,Google,brand,24.3,18,90,2.92
2013-02-20,Google,nonbrand,221.4,164,820,26.57
2013-02-20,direct,(direct),0.0,18,18,0.0
2013-02-21,Affiliate,(organic/referral),3.0,20,40,0.15
2013-02-21,Bing,brand,4.4,4,16,0.53
2013-02-21,Bing,nonbrand,28.6,26,104,3.43
2013-02-21,Google,brand,18.9,14,70,2.27
2013-02-21,Google,nonbrand,218.7,162,810,26.24
2013-02-21,direct,(direct),0.0,22,22,0.0
2013-02-22,Affiliate,(organic/referral),2.4,16,32,0.12
2013-02-22,Bing,brand,3.3,3,12,0.4
2013-02-22,Bing,nonbrand,30.8,28,112,3.7
2013-02-22,Google,brand,18.9,14,70,2.27
2013-02-22,Google,nonbrand,166.05,123,615,19.93
2013-02-22,direct,(direct),0.0,17,17,0.0
2013-02-23,Affiliate,(organic/referral),2.85,19,38,0.14
2013-02-23,Bing,nonbrand,16.5,15,60,1.98
2013-02-23,Google,brand,9.45,7,35,1.13
2013-02-23,Google,nonbrand,76.95,57,285,9.23
2013-02-23,direct,(direct),0.0,14,14,0.0
2013-02-24,Affiliate,(organic/referral),0.9,6,12,0.04
2013-02-24,Bing,brand,2.2,2,8,0.26
2013-02-24,Bing,nonbrand,20.9,19,76,2.51
2013-02-24,Google,brand,5.4,4,20,0.65
2013-02-24,Google,nonbrand,101.25,75,375,12.15
2013-02-24,direct,(direct),0.0,6,6,0.0
2013-02-25,Affiliate,(organic/referral),2.55,17,34,0.13
2013-02-25,Bing,nonbrand,28.6,26,104,3.43
2013-02-25,Google,brand,24.3,18,90,2.92
2013-02-25,Google,nonbrand,210.6,156,780,25.27
2013-02-25,direct,(direct),0.0,21,21,0.0
2013-02-26,Affiliate,(organic/referral),2.85,19,38,0.14
2013-02-26,Bing,brand,2.2,2,8,0.26
2013-02-26,Bing,nonbrand,30.8,28,112,3.7
2013-02-26,Google,brand,10.8,8,40,1.3
2013-02-26,Google,nonbrand,194.4,144,720,23.33
2013-02-26,direct,(direct),0.0,14,14,0.0
2013-02-27,Affiliate,(organic/referral),2.4,16,32,0.12
2013-02-27,Bing,brand,4.4,4,16,0.53
2013-02-27,Bing,nonbrand,34.1,31,124,4.09
2013-02-27,Google,brand,22.95,17,85,2.75
2013-02-27,Google,nonbrand,222.75,165,825,26.73
2013-02-27,direct,(direct),0.0,19,19,0.0
2013-02-28,Affiliate,(organic/referral),3.9,26,52,0.2
2013-02-28,Bing,brand,3.3,3,12,0.4
2013-02-28,Bing,nonbrand,37.4,34,136,4.49
2013-02-28,Google,brand,22.95,17,85,2.75
2013-02-28,Google,nonbrand,220.05,163,815,26.41
2013-02-28,direct,(direct),0.0,15,15,0.0
2013-03-01,Affiliate,(organic/referral),2.25,15,30,0.11
2013-03-01,Bing,brand,2.2,2,8,0.26
2013-03-01,Bing,nonbrand,33.0,30,120,3.96
2013-03-01,Google,brand,12.15,9,45,1.46
2013-03-01,Google,nonbrand,183.6,136,680,22.03
2013-03-01,direct,(direct),0.0,17,17,0.0
2013-03-02,Affiliate,(organic/referral),1.2,8,16,0.06
2013-03-02,Bing,nonbrand,25.3,23,92,3.04
2013-03-02,Google,brand,10.8,8,40,1.3
2013-03-02,Google,nonbrand,85.05,63,315,10.21
2013-03-02,direct,(direct),0.0,2,2,0.0
2013-03-03,Affiliate,(organic/referral),1.65,11,22,0.08
2013-03-03,Bing,brand,2.2,2,8,0.26
2013-03-03,Bing,nonbrand,14.3,13,52,1.72
2013-03-03,Google,brand,8.1,6,30,0.97
2013-03-03,Google,nonbrand,108.0,80,400,12.96
2013-03-03,direct,(direct),0.0,8,8,0.0
2013-03-04,Affiliate,(organic/referral),2.55,17,34,0.13
2013-03-04,Bing,brand,2.2,2,8,0.26
2013-03-04,Bing,nonbrand,30.8,28,112,3.7
2013-03-04,Google,brand,16.2,12,60,1.94
2013-03-04,Google,nonbrand,202.5,150,750,24.3
2013-03-04,direct,(direct),0.0,23,23,0.0
2013-03-05,Affiliate,(organic/referral),2.55,17,34,0.13
2013-03-05,Bing,brand,5.5,5,20,0.66
2013-03-05,Bing,nonbrand,46.2,42,168,5.54
2013-03-05,Google,brand,22.95,17,85,2.75
2013-03-05,Google,nonbrand,209.25,155,775,25.11
2013-03-05,direct,(direct),0.0,15,15,0.0
2013-03-06,Affiliate,(organic/referral),3.3,22,44,0.16
2013-03-06,Bing,brand,3.3,3,12,0.4
2013-03-06,Bing,nonbrand,47.3,43,172,5.68
2013-03-06,Google,brand,22.95,17,85,2.75
2013-03-06,Google,nonbrand,228.15,169,845,27.38
2013-03-06,direct,(direct),0.0,19,19,0.0
2013-03-07,Affiliate,(organic/referral),2.85,19,38,0.14
2013-03-07,Bing,brand,5.5,5,20,0.66
2013-03-07,Bing,nonbrand,37.4,34,136,4.49
2013-03-07,Google,brand,22.95,17,85,2.75
2013-03-07,Google,nonbrand,228.15,169,845,27.38
2013-03-07,direct,(direct),0.0,18,18,0.0
2013-03-08,Affiliate,(organic/referral),2.7,18,36,0.13
2013-03-08,Bing,brand,2.2,2,8,0.26
2013-03-08,Bing,nonbrand,31.9,29,116,3.83
2013-03-08,Google,brand,21.6,16,80,2.59
2013-03-08,Google,nonbrand,164.7,122,610,19.76
2013-03-08,direct,(direct),0.0,18,18,0.0
2013-03-09,Affiliate,(organic/referral),1.05,7,14,0.05
2013-03-09,Bing,nonbrand,20.9,19,76,2.51
2013-03-09,Google,brand,16.2,12,60,1.94
2013-03-09,Google,nonbrand,108.0,80,400,12.96
2013-03-09,direct,(direct),0.0,9,9,0.0
2013-03-10,Affiliate,(organic/referral),1.8,12,24,0.09
2013-03-10,Bing,brand,4.4,4,16,0.53
2013-03-10,Bing,nonbrand,8.8,8,32,1.06
2013-03-10,Google,brand,9.45,7,35,1.13
2013-03-10,Google,nonbrand,101.25,75,375,12.15
2013-03-10,direct,(direct),0.0,10,10,0.0
2013-03-11,Affiliate,(organic/referral),2.25,15,30,0.11
2013-03-11,Bing,brand,5.5,5,20,0.66
2013-03-11,Bing,nonbrand,39.6,36,144,4.75
2013-03-11,Google,brand,10.8,8,40,1.3
2013-03-11,Google,nonbrand,180.9,134,670,21.71
2013-03-11,direct,(direct),0.0,15,15,0.0
2013-03-12,Affiliate,(organic/referral),1.95,13,26,0.1
2013-03-12,Bing,nonbrand,28.6,26,104,3.43
2013-03-12,Google,brand,17.55,13,65,2.11
2013-03-12,Google,nonbrand,217.35,161,805,26.08
2013-03-12,direct,(direct),0.0,15,15,0.0
2013-03-13,Affiliate,(organic/referral),2.55,17,34,0.13
2013-03-13,Bing,brand,2.2,2,8,0.26
2013-03-13,Bing,nonbrand,27.5,25,100,3.3
2013-03-13,Google,brand,16.2,12,60,1.94
2013-03-13,Google,nonbrand,211.95,157,785,25.43
2013-03-13,direct,(direct),0.0,20,20,0.0
2013-03-14,Affiliate,(organic/referral),3.3,22,44,0.16
2013-03-14,Bing,brand,3.3,3,12,0.4
2013-03-14,Bing,nonbrand,25.3,23,92,3.04
2013-03-14,Google,brand,16.2,12,60,1.94
2013-03-14,Google,nonbrand,193.05,143,715,23.17
2013-03-14,direct,(direct),0.0,18,18,0.0
2013-03-15,Affiliate,(organic/referral),2.25,15,30,0.11
2013-03-15,Bing,brand,6.6,6,24,0.79
2013-03-15,Bing,nonbrand,36.3,33,132,4.36
2013-03-15,Google,brand,14.85,11,55,1.78
2013-03-15,Google,nonbrand,175.5,130,650,21.06
2013-03-15,direct,(direct),0.0,9,9,0.0
2013-03-16,Affiliate,(organic/referral),0.9,6,12,0.04
2013-03-16,Bing,brand,3.3,3,12,0.4
2013-03-16,Bing,nonbrand,16.5,15,60,1.98
2013-03-16,Google,brand,5.4,4,20,0.65
2013-03-16,Google,nonbrand,112.05,83,415,13.45
2013-03-16,direct,(direct),0.0,3,3,0.0
2013-03-17,Affiliate,(organic/referral),2.1,14,28,0.11
2013-03-17,Bing,brand,3.3,3,12,0.4
2013-03-17,Bing,nonbrand,15.4,14,56,1.85
2013-03-17,Google,brand,2.7,2,10,0.32
2013-03-17,Google,nonbrand,101.25,75,375,12.15
2013-03-17,direct,(direct),0.0,9,9,0.0
2013-03-18,Affiliate,(organic/referral),2.55,17,34,0.13
2013-03-18,Bing,brand,5.5,5,20,0.66
2013-03-18,Bing,nonbrand,33.0,30,120,3.96
2013-03-18,Google,brand,16.2,12,60,1.94
2013-03-18,Google,nonbrand,193.05,143,715,23.17
2013-03-18,direct,(direct),0.0,9,9,0.0
2013-03-19,Affiliate,(organic/referral),3.15,21,42,0.16
2013-03-19,Bing,brand,1.1,1,4,0.13
2013-03-19,Bing,nonbrand,31.9,29,116,3.83
2013-03-19,Google,brand,22.95,17,85,2.75
2013-03-19,Google,nonbrand,206.55,153,765,24.79
2013-03-19,direct,(direct),0.0,16,16,0.0
2013-03-20,Affiliate,(organic/referral),3.3,22,44,0.16
2013-03-20,Bing,brand,2.2,2,8,0.26
2013-03-20,Bing,nonbrand,36.3,33,132,4.36
2013-03-20,Google,brand,22.95,17,85,2.75
2013-03-20,Google,nonbrand,213.3,158,790,25.6
2013-03-20,direct,(direct),0.0,12,12,0.0
2013-03-21,Affiliate,(organic/referral),3.15,21,42,0.16
2013-03-21,Bing,brand,3.3,3,12,0.4
2013-03-21,Bing,nonbrand,38.5,35,140,4.62
2013-03-21,Google,brand,14.85,11,55,1.78
2013-03-21,Google,nonbrand,194.4,144,720,23.33
2013-03-21,direct,(direct),0.0,17,17,0.0
2013-03-22,Affiliate,(organic/referral),2.85,19,38,0.14
2013-03-22,Bing,brand,1.1,1,4,0.13
2013-03-22,Bing,nonbrand,42.9,39,156,5.15
2013-03-22,Google,brand,20.25,15,75,2.43
2013-03-22,Google,nonbrand,195.75,145,725,23.49
2013-03-22,direct,(direct),0.0,12,12,0.0
2013-03-23,Affiliate,(organic/referral),0.75,5,10,0.04
2013-03-23,Bing,brand,2.2,2,8,0.26
2013-03-23,Bing,nonbrand,16.5,15,60,1.98
2013-03-23,Google,brand,14.85,11,55,1.78
2013-03-23,Google,nonbrand,95.85,71,355,11.5
2013-03-23,direct,(direct),0.0,9,9,0.0
2013-03-24,Affiliate,(organic/referral),2.25,15,30,0.11
2013-03-24,Bing,brand,2.2,2,8,0.26
2013-03-24,Bing,nonbrand,19.8,18,72,2.38
2013-03-24,Google,brand,8.1,6,30,0.97
2013-03-24,Google,nonbrand,112.05,83,415,13.45
2013-03-24,direct,(direct),0.0,8,8,0.0
2013-03-25,Affiliate,(organic/referral),2.7,18,36,0.13
2013-03-25,Bing,brand,2.2,2,8,0.26
2013-03-25,Bing,nonbrand,38.5,35,140,4.62
2013-03-25,Google,brand,22.95,17,85,2.75
2013-03-25,Google,nonbrand,251.1,186,930,30.13
2013-03-25,direct,(direct),0.0,18,18,0.0
2013-03-26,Affiliate,(organic/referral),2.7,18,36,0.13
2013-03-26,Bing,brand,6.6,6,24,0.79
2013-03-26,Bing,nonbrand,45.1,41,164,5.41
2013-03-26,Google,brand,14.85,11,55,1.78
2013-03-26,Google,nonbrand,237.6,176,880,28.51
2013-03-26,direct,(direct),0.0,13,13,0.0
2013-03-27,Affiliate,(organic/referral),2.85,19,38,0.14
2013-03-27,Bing,brand,2.2,2,8,0.26
2013-03-27,Bing,nonbrand,40.7,37,148,4.88
2013-03-27,Google,brand,24.3,18,90,2.92
2013-03-27,Google,nonbrand,274.05,203,1015,32.89
2013-03-27,direct,(direct),0.0,14,14,0.0
2013-03-28,Affiliate,(organic/referral),3.0,20,40,0.15
2013-03-28,Bing,brand,4.4,4,16,0.53
2013-03-28,Bing,nonbrand,46.2,42,168,5.54
2013-03-28,Google,brand,24.3,18,90,2.92
2013-03-28,Google,nonbrand,265.95,197,985,31.91
2013-03-28,direct,(direct),0.0,15,15,0.0
2013-03-29,Affiliate,(organic/referral),1.65,11,22,0.08
2013-03-29,Bing,brand,5.5,5,20,0.66
2013-03-29,Bing,nonbrand,37.4,34,136,4.49
2013-03-29,Google,brand,14.85,11,55,1.78
2013-03-29,Google,nonbrand,234.9,174,870,28.19
2013-03-29,direct,(direct),0.0,18,18,0.0
2013-03-30,Affiliate,(organic/referral),1.35,9,18,0.07
2013-03-30,Bing,nonbrand,18.7,17,68,2.24
2013-03-30,Google,brand,5.4,4,20,0.65
2013-03-30,Google,nonbrand,110.7,82,410,13.28
2013-03-30,direct,(direct),0.0,12,12,0.0
2013-03-31,Affiliate,(organic/referral),1.2,8,16,0.06
2013-03-31,Bing,brand,2.2,2,8,0.26
2013-03-31,Bing,nonbrand,27.5,25,100,3.3
2013-03-31,Google,brand,4.05,3,15,0.49
2013-03-31,Google,nonbrand,110.7,82,410,13.28
2013-03-31,direct,(direct),0.0,4,4,0.0
2013-04-01,Affiliate,(organic/referral),3.45,23,46,0.17
2013-04-01,Bing,brand,2.2,2,8,0.26
2013-04-01,Bing,nonbrand,38.5,35,140,4.62
2013-04-01,Google,brand,20.25,15,75,2.43
2013-04-01,Google,nonbrand,248.4,184,920,29.81
2013-04-01,direct,(direct),0.0,19,19,0.0
2013-04-02,Affiliate,(organic/referral),2.55,17,34,0.13
2013-04-02,Bing,brand,9.9,9,36,1.19
2013-04-02,Bing,nonbrand,52.8,48,192,6.34
2013-04-02,Google,brand,13.5,10,50,1.62
2013-04-02,Google,nonbrand,264.6,196,980,31.75
2013-04-02,direct,(direct),0.0,14,14,0.0
2013-04-03,Affiliate,(organic/referral),3.75,25,50,0.19
2013-04-03,Bing,nonbrand,58.3,53,212,7.0
2013-04-03,Google,brand,17.55,13,65,2.11
2013-04-03,Google,nonbrand,291.6,216,1080,34.99
2013-04-03,direct,(direct),0.0,20,20,0.0
2013-04-04,Affiliate,(organic/referral),4.2,28,56,0.21
2013-04-04,Bing,brand,3.3,3,12,0.4
2013-04-04,Bing,nonbrand,56.1,51,204,6.73
2013-04-04,Google,brand,18.9,14,70,2.27
2013-04-04,Google,nonbrand,274.05,203,1015,32.89
2013-04-04,direct,(direct),0.0,11,11,0.0
2013-04-05,Affiliate,(organic/referral),2.7,18,36,0.13
2013-04-05,Bing,brand,5.5,5,20,0.66
2013-04-05,Bing,nonbrand,38.5,35,140,4.62
2013-04-05,Google,brand,18.9,14,70,2.27
2013-04-05,Google,nonbrand,247.05,183,915,29.65
2013-04-05,direct,(direct),0.0,19,19,0.0
2013-04-06,Affiliate,(organic/referral),0.3,2,4,0.02
2013-04-06,Bing,brand,2.2,2,8,0.26
2013-04-06,Bing,nonbrand,23.1,21,84,2.77
2013-04-06,Google,brand,8.1,6,30,0.97
2013-04-06,Google,nonbrand,128.25,95,475,15.39
2013-04-06,direct,(direct),0.0,9,9,0.0
2013-04-07,Affiliate,(organic/referral),0.45,3,6,0.02
2013-04-07,Bing,nonbrand,22.0,20,80,2.64
2013-04-07,Google,brand,6.75,5,25,0.81
2013-04-07,Google,nonbrand,137.7,102,510,16.52
2013-04-07,direct,(direct),0.0,11,11,0.0
2013-04-08,Affiliate,(organic/referral),2.7,18,36,0.13
2013-04-08,Bing,brand,4.4,4,16,0.53
2013-04-08,Bing,nonbrand,37.4,34,136,4.49
2013-04-08,Google,brand,29.7,22,110,3.56
2013-04-08,Google,nonbrand,261.9,194,970,31.43
2013-04-08,direct,(direct),0.0,22,22,0.0
2013-04-09,Affiliate,(organic/referral),3.0,20,40,0.15
2013-04-09,Bing,brand,4.4,4,16,0.53
2013-04-09,Bing,nonbrand,41.8,38,152,5.02
2013-04-09,Google,brand,14.85,11,55,1.78
2013-04-09,Google,nonbrand,287.55,213,1065,34.51
2013-04-09,direct,(direct),0.0,17,17,0.0
2013-04-10,Affiliate,(organic/referral),3.3,22,44,0.16
2013-04-10,Bing,brand,5.5,5,20,0.66
2013-04-10,Bing,nonbrand,56.1,51,204,6.73
2013-04-10,Google,brand,17.55,13,65,2.11
2013-04-10,Google,nonbrand,305.1,226,1130,36.61
2013-04-10,direct,(direct),0.0,21,21,0.0
2013-04-11,Affiliate,(organic/referral),4.5,30,60,0.22
2013-04-11,Bing,brand,9.9,9,36,1.19
2013-04-11,Bing,nonbrand,47.3,43,172,5.68
2013-04-11,Google,brand,24.3,18,90,2.92
2013-04-11,Google,nonbrand,307.8,228,1140,36.94
2013-04-11,direct,(direct),0.0,15,15,0.0
2013-04-12,Affiliate,(organic/referral),2.25,15,30,0.11
2013-04-12,Bing,brand,7.7,7,28,0.92
2013-04-12,Bing,nonbrand,44.0,40,160,5.28
2013-04-12,Google,brand,22.95,17,85,2.75
2013-04-12,Google,nonbrand,251.1,186,930,30.13
2013-04-12,direct,(direct),0.0,18,18,0.0
2013-04-13,Affiliate,(organic/referral),0.6,4,8,0.03
2013-04-13,Bing,brand,2.2,2,8,0.26
2013-04-13,Bing,nonbrand,19.8,18,72,2.38
2013-04-13,Google,brand,9.45,7,35,1.13
2013-04-13,Google,nonbrand,140.4,104,520,16.85
2013-04-13,direct,(direct),0.0,8,8,0.0
2013-04-14,Affiliate,(organic/referral),0.45,3,6,0.02
2013-04-14,Bing,brand,1.1,1,4,0.13
2013-04-14,Bing,nonbrand,23.1,21,84,2.77
2013-04-14,Google,brand,13.5,10,50,1.62
2013-04-14,Google,nonbrand,141.75,105,525,17.01
2013-04-14,direct,(direct),0.0,11,11,0.0
2013-04-15,Affiliate,(organic/referral),3.45,23,46,0.17
2013-04-15,Bing,brand,3.3,3,12,0.4
2013-04-15,Bing,nonbrand,47.3,43,172,5.68
2013-04-15,Google,brand,21.6,16,80,2.59
2013-04-15,Google,nonbrand,252.45,187,935,30.29
2013-04-15,direct,(direct),0.0,24,24,0.0
2013-04-16,Affiliate,(organic/referral),3.0,20,40,0.15
2013-04-16,Bing,brand,3.3,3,12,0.4
2013-04-16,Bing,nonbrand,66.0,60,240,7.92
2013-04-16,Google,brand,21.6,16,80,2.59
2013-04-16,Google,nonbrand,301.05,223,1115,36.13
2013-04-16,direct,(direct),0.0,19,19,0.0
2013-04-17,Affiliate,(organic/referral),2.85,19,38,0.14
2013-04-17,Bing,brand,2.2,2,8,0.26
2013-04-17,Bing,nonbrand,62.7,57,228,7.52
2013-04-17,Google,brand,20.25,15,75,2.43
2013-04-17,Google,nonbrand,313.2,232,1160,37.58
2013-04-17,direct,(direct),0.0,16,16,0.0
2013-04-18,Affiliate,(organic/referral),2.55,17,34,0.13
2013-04-18,Bing,brand,6.6,6,24,0.79
2013-04-18,Bing,nonbrand,56.1,51,204,6.73
2013-04-18,Google,brand,20.25,15,75,2.43
2013-04-18,Google,nonbrand,332.1,246,1230,39.85
2013-04-18,direct,(direct),0.0,22,22,0.0
2013-04-19,Affiliate,(organic/referral),3.75,25,50,0.19
2013-04-19,Bing,brand,4.4,4,16,0.53
2013-04-19,Bing,nonbrand,52.8,48,192,6.34
2013-04-19,Google,brand,29.7,22,110,3.56
2013-04-19,Google,nonbrand,229.5,170,850,27.54
2013-04-19,direct,(direct),0.0,17,17,0.0
2013-04-20,Affiliate,(organic/referral),1.5,10,20,0.08
2013-04-20,Bing,nonbrand,25.3,23,92,3.04
2013-04-20,Google,brand,10.8,8,40,1.3
2013-04-20,Google,nonbrand,125.55,93,465,15.07
2013-04-20,direct,(direct),0.0,6,6,0.0
2013-04-21,Affiliate,(organic/referral),1.35,9,18,0.07
2013-04-21,Bing,brand,1.1,1,4,0.13
2013-04-21,Bing,nonbrand,18.7,17,68,2.24
2013-04-21,Google,brand,8.1,6,30,0.97
2013-04-21,Google,nonbrand,136.35,101,505,16.36
2013-04-21,direct,(direct),0.0,5,5,0.0
2013-04-22,Affiliate,(organic/referral),1.8,12,24,0.09
2013-04-22,Bing,brand,1.1,1,4,0.13
2013-04-22,Bing,nonbrand,39.6,36,144,4.75
2013-04-22,Google,brand,22.95,17,85,2.75
2013-04-22,Google,nonbrand,284.85,211,1055,34.18
2013-04-22,direct,(direct),0.0,20,20,0.0
2013-04-23,Affiliate,(organic/referral),2.85,19,38,0.14
2013-04-23,Bing,brand,2.2,2,8,0.26
2013-04-23,Bing,nonbrand,37.4,34,136,4.49
2013-04-23,Google,brand,18.9,14,70,2.27
2013-04-23,Google,nonbrand,240.3,178,890,28.84
2013-04-23,direct,(direct),0.0,26,26,0.0
2013-04-24,Affiliate,(organic/referral),3.15,21,42,0.16
2013-04-24,Bing,brand,3.3,3,12,0.4
2013-04-24,Bing,nonbrand,46.2,42,168,5.54
2013-04-24,Google,brand,25.65,19,95,3.08
2013-04-24,Google,nonbrand,275.4,204,1020,33.05
2013-04-24,direct,(direct),0.0,21,21,0.0
2013-04-25,Affiliate,(organic/referral),3.75,25,50,0.19
2013-04-25,Bing,brand,4.4,4,16,0.53
2013-04-25,Bing,nonbrand,33.0,30,120,3.96
2013-04-25,Google,brand,21.6,16,80,2.59
2013-04-25,Google,nonbrand,283.5,210,1050,34.02
2013-04-25,direct,(direct),0.0,21,21,0.0
2013-04-26,Affiliate,(organic/referral),2.7,18,36,0.13
2013-04-26,Bing,brand,1.1,1,4,0.13
2013-04-26,Bing,nonbrand,38.5,35,140,4.62
2013-04-26,Google,brand,9.45,7,35,1.13
2013-04-26,Google,nonbrand,271.35,201,1005,32.56
2013-04-26,direct,(direct),0.0,14,14,0.0
2013-04-27,Affiliate,(organic/referral),0.75,5,10,0.04
2013-04-27,Bing,brand,2.2,2,8,0.26
2013-04-27,Bing,nonbrand,29.7,27,108,3.56
2013-04-27,Google,brand,6.75,5,25,0.81
2013-04-27,Google,nonbrand,125.55,93,465,15.07
2013-04-27,direct,(direct),0.0,11,11,0.0
2013-04-28,Affiliate,(organic/referral),2.55,17,34,0.13
2013-04-28,Bing,brand,2.2,2,8,0.26
2013-04-28,Bing,nonbrand,25.3,23,92,3.04
2013-04-28,Google,brand,14.85,11,55,1.78
2013-04-28,Google,nonbrand,174.15,129,645,20.9
2013-04-28,direct,(direct),0.0,8,8,0.0
2013-04-29,Affiliate,(organic/referral),1.8,12,24,0.09
2013-04-29,Bing,brand,5.5,5,20,0.66
2013-04-29,Bing,nonbrand,52.8,48,192,6.34
2013-04-29,Google,brand,25.65,19,95,3.08
2013-04-29,Google,nonbrand,295.65,219,1095,35.48
2013-04-29,direct,(direct),0.0,18,18,0.0
2013-04-30,Affiliate,(organic/referral),4.8,32,64,0.24
2013-04-30,Bing,brand,4.4,4,16,0.53
2013-04-30,Bing,nonbrand,62.7,57,228,7.52
2013-04-30,Google,brand,25.65,19,95,3.08
2013-04-30,Google,nonbrand,282.15,209,1045,33.86
2013-04-30,direct,(direct),0.0,20,20,0.0
2013-05-01,Affiliate,(organic/referral),3.75,25,50,0.19
2013-05-01,Bing,brand,7.7,7,28,0.92
2013-05-01,Bing,nonbrand,58.3,53,212,7.0
2013-05-01,Google,brand,32.4,24,120,3.89
2013-05-01,Google,nonbrand,332.1,246,1230,39.85
2013-05-01,direct,(direct),0.0,16,16,0.0
2013-05-02,Affiliate,(organic/referral),2.7,18,36,0.13
2013-05-02,Bing,brand,4.4,4,16,0.53
2013-05-02,Bing,nonbrand,60.5,55,220,7.26
2013-05-02,Google,brand,28.35,21,105,3.4
2013-05-02,Google,nonbrand,261.9,194,970,31.43
2013-05-02,direct,(direct),0.0,17,17,0.0
2013-05-03,Affiliate,(organic/referral),2.7,18,36,0.13
2013-05-03,Bing,brand,6.6,6,24,0.79
2013-05-03,Bing,nonbrand,29.7,27,108,3.56
2013-05-03,Google,brand,16.2,12,60,1.94
2013-05-03,Google,nonbrand,253.8,188,940,30.46
2013-05-03,direct,(direct),0.0,21,21,0.0
2013-05-04,Affiliate,(organic/referral),1.65,11,22,0.08
2013-05-04,Bing,brand,3.3,3,12,0.4
2013-05-04,Bing,nonbrand,29.7,27,108,3.56
2013-05-04,Google,brand,6.75,5,25,0.81
2013-05-04,Google,nonbrand,143.1,106,530,17.17
2013-05-04,direct,(direct),0.0,7,7,0.0
2013-05-05,Affiliate,(organic/referral),1.2,8,16,0.06
2013-05-05,Bing,brand,1.1,1,4,0.13
2013-05-05,Bing,nonbrand,18.7,17,68,2.24
2013-05-05,Google,brand,10.8,8,40,1.3
2013-05-05,Google,nonbrand,110.7,82,410,13.28
2013-05-05,direct,(direct),0.0,16,16,0.0
2013-05-06,Affiliate,(organic/referral),4.05,27,54,0.2
2013-05-06,Bing,brand,4.4,4,16,0.53
2013-05-06,Bing,nonbrand,50.6,46,184,6.07
2013-05-06,Google,brand,22.95,17,85,2.75
2013-05-06,Google,nonbrand,299.7,222,1110,35.96
2013-05-06,direct,(direct),0.0,18,18,0.0
2013-05-07,Affiliate,(organic/referral),3.9,26,52,0.2
2013-05-07,Bing,brand,2.2,2,8,0.26
2013-05-07,Bing,nonbrand,38.5,35,140,4.62
2013-05-07,Google,brand,28.35,21,105,3.4
2013-05-07,Google,nonbrand,288.9,214,1070,34.67
2013-05-07,direct,(direct),0.0,20,20,0.0
2013-05-08,Affiliate,(organic/referral),4.2,28,56,0.21
2013-05-08,Bing,brand,9.9,9,36,1.19
2013-05-08,Bing,nonbrand,55.0,50,200,6.6
2013-05-08,Google,brand,28.35,21,105,3.4
2013-05-08,Google,nonbrand,322.65,239,1195,38.72
2013-05-08,direct,(direct),0.0,20,20,0.0
2013-05-09,Affiliate,(organic/referral),4.8,32,64,0.24
2013-05-09,Bing,brand,6.6,6,24,0.79
2013-05-09,Bing,nonbrand,40.7,37,148,4.88
2013-05-09,Google,brand,27.0,20,100,3.24
2013-05-09,Google,nonbrand,282.15,209,1045,33.86
2013-05-09,direct,(direct),0.0,22,22,0.0
2013-05-10,Affiliate,(organic/referral),3.45,23,46,0.17
2013-05-10,Bing,brand,5.5,5,20,0.66
2013-05-10,Bing,nonbrand,64.9,59,236,7.79
2013-05-10,Google,brand,24.3,18,90,2.92
2013-05-10,Google,nonbrand,270.0,200,1000,32.4
2013-05-10,direct,(direct),0.0,24,24,0.0
2013-05-11,Affiliate,(organic/referral),1.35,9,18,0.07
2013-05-11,Bing,nonbrand,18.7,17,68,2.24
2013-05-11,Google,brand,4.05,3,15,0.49
2013-05-11,Google,nonbrand,148.5,110,550,17.82
2013-05-11,direct,(direct),0.0,13,13,0.0
2013-05-12,Affiliate,(organic/referral),1.95,13,26,0.1
2013-05-12,Bing,brand,2.2,2,8,0.26
2013-05-12,Bing,nonbrand,25.3,23,92,3.04
2013-05-12,Google,brand,9.45,7,35,1.13
2013-05-12,Google,nonbrand,133.65,99,495,16.04
2013-05-12,direct,(direct),0.0,10,10,0.0
2013-05-13,Affiliate,(organic/referral),2.55,17,34,0.13
2013-05-13,Bing,brand,6.6,6,24,0.79
2013-05-13,Bing,nonbrand,31.9,29,116,3.83
2013-05-13,Google,brand,21.6,16,80,2.59
2013-05-13,Google,nonbrand,275.4,204,1020,33.05
2013-05-13,direct,(direct),0.0,21,21,0.0
2013-05-14,Affiliate,(organic/referral),3.6,24,48,0.18
2013-05-14,Bing,brand,4.4,4,16,0.53
2013-05-14,Bing,nonbrand,40.7,37,148,4.88
2013-05-14,Google,brand,20.25,15,75,2.43
2013-05-14,Google,nonbrand,249.75,185,925,29.97
2013-05-14,direct,(direct),0.0,24,24,0.0
2013-05-15,Affiliate,(organic/referral),4.05,27,54,0.2
2013-05-15,Bing,brand,4.4,4,16,0.53
2013-05-15,Bing,nonbrand,46.2,42,168,5.54
2013-05-15,Google,brand,25.65,19,95,3.08
2013-05-15,Google,nonbrand,280.8,208,1040,33.7
2013-05-15,direct,(direct),0.0,28,28,0.0
2013-05-16,Affiliate,(organic/referral),3.0,20,40,0.15
2013-05-16,Bing,brand,4.4,4,16,0.53
2013-05-16,Bing,nonbrand,55.0,50,200,6.6
2013-05-16,Google,brand,33.75,25,125,4.05
2013-05-16,Google,nonbrand,291.6,216,1080,34.99
2013-05-16,direct,(direct),0.0,19,19,0.0
2013-05-17,Affiliate,(organic/referral),4.2,28,56,0.21
2013-05-17,Bing,brand,4.4,4,16,0.53
2013-05-17,Bing,nonbrand,40.7,37,148,4.88
2013-05-17,Google,brand,20.25,15,75,2.43
2013-05-17,Google,nonbrand,276.75,205,1025,33.21
2013-05-17,direct,(direct),0.0,14,14,0.0
2013-05-18,Affiliate,(organic/referral),1.65,11,22,0.08
2013-05-18,Bing,brand,1.1,1,4,0.13
2013-05-18,Bing,nonbrand,22.0,20,80,2.64
2013-05-18,Google,brand,8.1,6,30,0.97
2013-05-18,Google,nonbrand,126.9,94,470,15.23
2013-05-18,direct,(direct),0.0,9,9,0.0
2013-05-19,Affiliate,(organic/referral),1.05,7,14,0.05
2013-05-19,Bing,brand,2.2,2,8,0.26
2013-05-19,Bing,nonbrand,19.8,18,72,2.38
2013-05-19,Google,brand,4.05,3,15,0.49
2013-05-19,Google,nonbrand,110.7,82,410,13.28
2013-05-19,direct,(direct),0.0,6,6,0.0
2013-05-20,Affiliate,(organic/referral),3.9,26,52,0.2
2013-05-20,Bing,brand,6.6,6,24,0.79
2013-05-20,Bing,nonbrand,31.9,29,116,3.83
2013-05-20,Google,brand,17.55,13,65,2.11
2013-05-20,Google,nonbrand,271.35,201,1005,32.56
2013-05-20,direct,(direct),0.0,17,17,0.0
2013-05-21,Affiliate,(organic/referral),4.35,29,58,0.22
2013-05-21,Bing,brand,8.8,8,32,1.06
2013-05-21,Bing,nonbrand,46.2,42,168,5.54
2013-05-21,Google,brand,32.4,24,120,3.89
2013-05-21,Google,nonbrand,286.2,212,1060,34.34
2013-05-21,direct,(direct),0.0,23,23,0.0
2013-05-22,Affiliate,(organic/referral),3.45,23,46,0.17
2013-05-22,Bing,brand,7.7,7,28,0.92
2013-05-22,Bing,nonbrand,41.8,38,152,5.02
2013-05-22,Google,brand,21.6,16,80,2.59
2013-05-22,Google,nonbrand,278.1,206,1030,33.37
2013-05-22,direct,(direct),0.0,22,22,0.0
2013-05-23,Affiliate,(organic/referral),2.25,15,30,0.11
2013-05-23,Bing,brand,3.3,3,12,0.4
2013-05-23,Bing,nonbrand,49.5,45,180,5.94
2013-05-23,Google,brand,24.3,18,90,2.92
2013-05-23,Google,nonbrand,290.25,215,1075,34.83
2013-05-23,direct,(direct),0.0,28,28,0.0
2013-05-24,Affiliate,(organic/referral),2.85,19,38,0.14
2013-05-24,Bing,brand,5.5,5,20,0.66
2013-05-24,Bing,nonbrand,37.4,34,136,4.49
2013-05-24,Google,brand,24.3,18,90,2.92
2013-05-24,Google,nonbrand,255.15,189,945,30.62
2013-05-24,direct,(direct),0.0,20,20,0.0
2013-05-25,Affiliate,(organic/referral),0.9,6,12,0.04
2013-05-25,Bing,brand,4.4,4,16,0.53
2013-05-25,Bing,nonbrand,20.9,19,76,2.51
2013-05-25,Google,brand,12.15,9,45,1.46
2013-05-25,Google,nonbrand,116.1,86,430,13.93
2013-05-25,direct,(direct),0.0,10,10,0.0
2013-05-26,Affiliate,(organic/referral),1.8,12,24,0.09
2013-05-26,Bing,brand,1.1,1,4,0.13
2013-05-26,Bing,nonbrand,29.7,27,108,3.56
2013-05-26,Google,brand,13.5,10,50,1.62
2013-05-26,Google,nonbrand,151.2,112,560,18.14
2013-05-26,direct,(direct),0.0,8,8,0.0
2013-05-27,Affiliate,(organic/referral),3.0,20,40,0.15
2013-05-27,Bing,brand,3.3,3,12,0.4
2013-05-27,Bing,nonbrand,34.1,31,124,4.09
2013-05-27,Google,brand,18.9,14,70,2.27
2013-05-27,Google,nonbrand,182.25,135,675,21.87
2013-05-27,direct,(direct),0.0,25,25,0.0
2013-05-28,Affiliate,(organic/referral),3.45,23,46,0.17
2013-05-28,Bing,brand,4.4,4,16,0.53
2013-05-28,Bing,nonbrand,58.3,53,212,7.0
2013-05-28,Google,brand,22.95,17,85,2.75
2013-05-28,Google,nonbrand,252.45,187,935,30.29
2013-05-28,direct,(direct),0.0,28,28,0.0
2013-05-29,Affiliate,(organic/referral),4.5,30,60,0.22
2013-05-29,Bing,brand,4.4,4,16,0.53
2013-05-29,Bing,nonbrand,52.8,48,192,6.34
2013-05-29,Google,brand,28.35,21,105,3.4
2013-05-29,Google,nonbrand,329.4,244,1220,39.53
2013-05-29,direct,(direct),0.0,20,20,0.0
2013-05-30,Affiliate,(organic/referral),4.8,32,64,0.24
2013-05-30,Bing,brand,5.5,5,20,0.66
2013-05-30,Bing,nonbrand,56.1,51,204,6.73
2013-05-30,Google,brand,32.4,24,120,3.89
2013-05-30,Google,nonbrand,288.9,214,1070,34.67
2013-05-30,direct,(direct),0.0,20,20,0.0
2013-05-31,Affiliate,(organic/referral),2.85,19,38,0.14
2013-05-31,Bing,brand,5.5,5,20,0.66
2013-05-31,Bing,nonbrand,55.0,50,200,6.6
2013-05-31,Google,brand,21.6,16,80,2.59
2013-05-31,Google,nonbrand,275.4,204,1020,33.05
2013-05-31,direct,(direct),0.0,18,18,0.0
2013-06-01,Affiliate,(organic/referral),1.95,13,26,0.1
2013-06-01,Bing,brand,1.1,1,4,0.13
2013-06-01,Bing,nonbrand,23.1,21,84,2.77
2013-06-01,Google,brand,8.1,6,30,0.97
2013-06-01,Google,nonbrand,148.5,110,550,17.82
2013-06-01,direct,(direct),0.0,10,10,0.0
2013-06-02,Affiliate,(organic/referral),1.65,11,22,0.08
2013-06-02,Bing,brand,5.5,5,20,0.66
2013-06-02,Bing,nonbrand,24.2,22,88,2.9
2013-06-02,Google,brand,9.45,7,35,1.13
2013-06-02,Google,nonbrand,130.95,97,485,15.71
2013-06-02,direct,(direct),0.0,9,9,0.0
2013-06-03,Affiliate,(organic/referral),3.75,25,50,0.19
2013-06-03,Bing,brand,3.3,3,12,0.4
2013-06-03,Bing,nonbrand,45.1,41,164,5.41
2013-06-03,Google,brand,29.7,22,110,3.56
2013-06-03,Google,nonbrand,264.6,196,980,31.75
2013-06-03,direct,(direct),0.0,22,22,0.0
2013-06-04,Affiliate,(organic/referral),2.25,15,30,0.11
2013-06-04,Bing,brand,4.4,4,16,0.53
2013-06-04,Bing,nonbrand,52.8,48,192,6.34
2013-06-04,Google,brand,33.75,25,125,4.05
2013-06-04,Google,nonbrand,291.6,216,1080,34.99
2013-06-04,direct,(direct),0.0,25,25,0.0
2013-06-05,Affiliate,(organic/referral),3.45,23,46,0.17
2013-06-05,Bing,brand,6.6,6,24,0.79
2013-06-05,Bing,nonbrand,61.6,56,224,7.39
2013-06-05,Google,brand,28.35,21,105,3.4
2013-06-05,Google,nonbrand,325.35,241,1205,39.04
2013-06-05,direct,(direct),0.0,24,24,0.0
2013-06-06,Affiliate,(organic/referral),4.65,31,62,0.23
2013-06-06,Bing,brand,3.3,3,12,0.4
2013-06-06,Bing,nonbrand,53.9,49,196,6.47
2013-06-06,Google,brand,29.7,22,110,3.56
2013-06-06,Google,nonbrand,328.05,243,1215,39.37
2013-06-06,direct,(direct),0.0,16,16,0.0
2013-06-07,Affiliate,(organic/referral),3.45,23,46,0.17
2013-06-07,Bing,brand,6.6,6,24,0.79
2013-06-07,Bing,nonbrand,52.8,48,192,6.34
2013-06-07,Google,brand,24.3,18,90,2.92
2013-06-07,Google,nonbrand,275.4,204,1020,33.05
2013-06-07,direct,(direct),0.0,19,19,0.0
2013-06-08,Affiliate,(organic/referral),1.5,10,20,0.08
2013-06-08,Bing,nonbrand,23.1,21,84,2.77
2013-06-08,Google,brand,9.45,7,35,1.13
2013-06-08,Google,nonbrand,140.4,104,520,16.85
2013-06-08,direct,(direct),0.0,10,10,0.0
2013-06-09,Affiliate,(organic/referral),1.2,8,16,0.06
2013-06-09,Bing,brand,1.1,1,4,0.13
2013-06-09,Bing,nonbrand,27.5,25,100,3.3
2013-06-09,Google,brand,5.4,4,20,0.65
2013-06-09,Google,nonbrand,143.1,106,530,17.17
2013-06-09,direct,(direct),0.0,8,8,0.0
2013-06-10,Affiliate,(organic/referral),3.45,23,46,0.17
2013-06-10,Bing,brand,13.2,12,48,1.58
2013-06-10,Bing,nonbrand,45.1,41,164,5.41
2013-06-10,Google,brand,27.0,20,100,3.24
2013-06-10,Google,nonbrand,272.7,202,1010,32.72
2013-06-10,direct,(direct),0.0,20,20,0.0
2013-06-11,Affiliate,(organic/referral),3.75,25,50,0.19
2013-06-11,Bing,brand,3.3,3,12,0.4
2013-06-11,Bing,nonbrand,44.0,40,160,5.28
2013-06-11,Google,brand,29.7,22,110,3.56
2013-06-11,Google,nonbrand,270.0,200,1000,32.4
2013-06-11,direct,(direct),0.0,32,32,0.0
2013-06-12,Affiliate,(organic/referral),4.35,29,58,0.22
2013-06-12,Bing,brand,3.3,3,12,0.4
2013-06-12,Bing,nonbrand,55.0,50,200,6.6
2013-06-12,Google,brand,27.0,20,100,3.24
2013-06-12,Google,nonbrand,313.2,232,1160,37.58
2013-06-12,direct,(direct),0.0,22,22,0.0
2013-06-13,Affiliate,(organic/referral),4.5,30,60,0.22
2013-06-13,Bing,brand,2.2,2,8,0.26
2013-06-13,Bing,nonbrand,57.2,52,208,6.86
2013-06-13,Google,brand,13.5,10,50,1.62
2013-06-13,Google,nonbrand,268.65,199,995,32.24
2013-06-13,direct,(direct),0.0,30,30,0.0
2013-06-14,Affiliate,(organic/referral),3.45,23,46,0.17
2013-06-14,Bing,brand,5.5,5,20,0.66
2013-06-14,Bing,nonbrand,40.7,37,148,4.88
2013-06-14,Google,brand,36.45,27,135,4.37
2013-06-14,Google,nonbrand,229.5,170,850,27.54
2013-06-14,direct,(direct),0.0,24,24,0.0
2013-06-15,Affiliate,(organic/referral),1.35,9,18,0.07
2013-06-15,Bing,brand,5.5,5,20,0.66
2013-06-15,Bing,nonbrand,19.8,18,72,2.38
2013-06-15,Google,brand,13.5,10,50,1.62
2013-06-15,Google,nonbrand,147.15,109,545,17.66
2013-06-15,direct,(direct),0.0,12,12,0.0
2013-06-16,Affiliate,(organic/referral),1.65,11,22,0.08
2013-06-16,Bing,brand,1.1,1,4,0.13
2013-06-16,Bing,nonbrand,18.7,17,68,2.24
2013-06-16,Google,brand,9.45,7,35,1.13
2013-06-16,Google,nonbrand,136.35,101,505,16.36
2013-06-16,direct,(direct),0.0,13,13,0.0
2013-06-17,Affiliate,(organic/referral),4.35,29,58,0.22
2013-06-17,Bing,brand,4.4,4,16,0.53
2013-06-17,Bing,nonbrand,40.7,37,148,4.88
2013-06-17,Google,brand,28.35,21,105,3.4
2013-06-17,Google,nonbrand,309.15,229,1145,37.1
2013-06-17,direct,(direct),0.0,23,23,0.0
2013-06-18,Affiliate,(organic/referral),3.3,22,44,0.16
2013-06-18,Bing,brand,5.5,5,20,0.66
2013-06-18,Bing,nonbrand,55.0,50,200,6.6
2013-06-18,Google,brand,21.6,16,80,2.59
2013-06-18,Google,nonbrand,344.25,255,1275,41.31
2013-06-18,direct,(direct),0.0,29,29,0.0
2013-06-19,Affiliate,(organic/referral),4.2,28,56,0.21
2013-06-19,Bing,brand,3.3,3,12,0.4
2013-06-19,Bing,nonbrand,58.3,53,212,7.0
2013-06-19,Google,brand,25.65,19,95,3.08
2013-06-19,Google,nonbrand,305.1,226,1130,36.61
2013-06-19,direct,(direct),0.0,24,24,0.0
2013-06-20,Affiliate,(organic/referral),5.1,34,68,0.26
2013-06-20,Bing,brand,6.6,6,24,0.79
2013-06-20,Bing,nonbrand,63.8,58,232,7.66
2013-06-20,Google,brand,25.65,19,95,3.08
2013-06-20,Google,nonbrand,314.55,233,1165,37.75
2013-06-20,direct,(direct),0.0,26,26,0.0
2013-06-21,Affiliate,(organic/referral),3.3,22,44,0.16
2013-06-21,Bing,brand,3.3,3,12,0.4
2013-06-21,Bing,nonbrand,52.8,48,192,6.34
2013-06-21,Google,brand,9.45,7,35,1.13
2013-06-21,Google,nonbrand,268.65,199,995,32.24
2013-06-21,direct,(direct),0.0,16,16,0.0
2013-06-22,Affiliate,(organic/referral),1.65,11,22,0.08
2013-06-22,Bing,brand,2.2,2,8,0.26
2013-06-22,Bing,nonbrand,33.0,30,120,3.96
2013-06-22,Google,brand,9.45,7,35,1.13
2013-06-22,Google,nonbrand,148.5,110,550,17.82
2013-06-22,direct,(direct),0.0,12,12,0.0
2013-06-23,Affiliate,(organic/referral),1.95,13,26,0.1
2013-06-23,Bing,brand,1.1,1,4,0.13
2013-06-23,Bing,nonbrand,27.5,25,100,3.3
2013-06-23,Google,brand,12.15,9,45,1.46
2013-06-23,Google,nonbrand,152.55,113,565,18.31
2013-06-23,direct,(direct),0.0,9,9,0.0
2013-06-24,Affiliate,(organic/referral),2.85,19,38,0.14
2013-06-24,Bing,brand,2.2,2,8,0.26
2013-06-24,Bing,nonbrand,46.2,42,168,5.54
2013-06-24,Google,brand,27.0,20,100,3.24
2013-06-24,Google,nonbrand,288.9,214,1070,34.67
2013-06-24,direct,(direct),0.0,20,20,0.0
2013-06-25,Affiliate,(organic/referral),5.1,34,68,0.26
2013-06-25,Bing,brand,4.4,4,16,0.53
2013-06-25,Bing,nonbrand,51.7,47,188,6.2
2013-06-25,Google,brand,28.35,21,105,3.4
2013-06-25,Google,nonbrand,288.9,214,1070,34.67
2013-06-25,direct,(direct),0.0,27,27,0.0
2013-06-26,Affiliate,(organic/referral),4.35,29,58,0.22
2013-06-26,Bing,brand,5.5,5,20,0.66
2013-06-26,Bing,nonbrand,46.2,42,168,5.54
2013-06-26,Google,brand,28.35,21,105,3.4
2013-06-26,Google,nonbrand,306.45,227,1135,36.77
2013-06-26,direct,(direct),0.0,30,30,0.0
2013-06-27,Affiliate,(organic/referral),4.2,28,56,0.21
2013-06-27,Bing,brand,3.3,3,12,0.4
2013-06-27,Bing,nonbrand,52.8,48,192,6.34
2013-06-27,Google,brand,28.35,21,105,3.4
2013-06-27,Google,nonbrand,292.95,217,1085,35.15
2013-06-27,direct,(direct),0.0,23,23,0.0
2013-06-28,Affiliate,(organic/referral),3.15,21,42,0.16
2013-06-28,Bing,brand,3.3,3,12,0.4
2013-06-28,Bing,nonbrand,45.1,41,164,5.41
2013-06-28,Google,brand,25.65,19,95,3.08
2013-06-28,Google,nonbrand,303.75,225,1125,36.45
2013-06-28,direct,(direct),0.0,21,21,0.0
2013-06-29,Affiliate,(organic/referral),2.25,15,30,0.11
2013-06-29,Bing,brand,3.3,3,12,0.4
2013-06-29,Bing,nonbrand,24.2,22,88,2.9
2013-06-29,Google,brand,16.2,12,60,1.94
2013-06-29,Google,nonbrand,147.15,109,545,17.66
2013-06-29,direct,(direct),0.0,8,8,0.0
2013-06-30,Affiliate,(organic/referral),1.65,11,22,0.08
2013-06-30,Bing,brand,4.4,4,16,0.53
2013-06-30,Bing,nonbrand,20.9,19,76,2.51
2013-06-30,Google,brand,14.85,11,55,1.78
2013-06-30,Google,nonbrand,136.35,101,505,16.36
2013-06-30,direct,(direct),0.0,7,7,0.0
2013-07-01,Affiliate,(organic/referral),3.45,23,46,0.17
2013-07-01,Bing,brand,3.3,3,12,0.4
2013-07-01,Bing,nonbrand,49.5,45,180,5.94
2013-07-01,Google,brand,32.4,24,120,3.89
2013-07-01,Google,nonbrand,297.0,220,1100,35.64
2013-07-01,direct,(direct),0.0,20,20,0.0
2013-07-02,Affiliate,(organic/referral),3.3,22,44,0.16
2013-07-02,Bing,brand,4.4,4,16,0.53
2013-07-02,Bing,nonbrand,48.4,44,176,5.81
2013-07-02,Google,brand,21.6,16,80,2.59
2013-07-02,Google,nonbrand,278.1,206,1030,33.37
2013-07-02,direct,(direct),0.0,26,26,0.0
2013-07-03,Affiliate,(organic/referral),3.75,25,50,0.19
2013-07-03,Bing,brand,4.4,4,16,0.53
2013-07-03,Bing,nonbrand,41.8,38,152,5.02
2013-07-03,Google,brand,44.55,33,165,5.35
2013-07-03,Google,nonbrand,346.95,257,1285,41.63
2013-07-03,direct,(direct),0.0,21,21,0.0
2013-07-04,Affiliate,(organic/referral),4.5,30,60,0.22
2013-07-04,Bing,brand,5.5,5,20,0.66
2013-07-04,Bing,nonbrand,35.2,32,128,4.22
2013-07-04,Google,brand,28.35,21,105,3.4
2013-07-04,Google,nonbrand,197.1,146,730,23.65
2013-07-04,direct,(direct),0.0,17,17,0.0
2013-07-05,Affiliate,(organic/referral),3.9,26,52,0.2
2013-07-05,Bing,brand,9.9,9,36,1.19
2013-07-05,Bing,nonbrand,46.2,42,168,5.54
2013-07-05,Google,brand,35.1,26,130,4.21
2013-07-05,Google,nonbrand,282.15,209,1045,33.86
2013-07-05,direct,(direct),0.0,23,23,0.0
2013-07-06,Affiliate,(organic/referral),2.25,15,30,0.11
2013-07-06,Bing,nonbrand,16.5,15,60,1.98
2013-07-06,Google,brand,4.05,3,15,0.49
2013-07-06,Google,nonbrand,143.1,106,530,17.17
2013-07-06,direct,(direct),0.0,10,10,0.0
2013-07-07,Affiliate,(organic/referral),2.85,19,38,0.14
2013-07-07,Bing,brand,1.1,1,4,0.13
2013-07-07,Bing,nonbrand,24.2,22,88,2.9
2013-07-07,Google,brand,5.4,4,20,0.65
2013-07-07,Google,nonbrand,121.5,90,450,14.58
2013-07-07,direct,(direct),0.0,14,14,0.0
2013-07-08,Affiliate,(organic/referral),3.0,20,40,0.15
2013-07-08,Bing,brand,3.3,3,12,0.4
2013-07-08,Bing,nonbrand,38.5,35,140,4.62
2013-07-08,Google,brand,32.4,24,120,3.89
2013-07-08,Google,nonbrand,297.0,220,1100,35.64
2013-07-08,direct,(direct),0.0,34,34,0.0
2013-07-09,Affiliate,(organic/referral),3.75,25,50,0.19
2013-07-09,Bing,brand,3.3,3,12,0.4
2013-07-09,Bing,nonbrand,36.3,33,132,4.36
2013-07-09,Google,brand,35.1,26,130,4.21
2013-07-09,Google,nonbrand,295.65,219,1095,35.48
2013-07-09,direct,(direct),0.0,24,24,0.0
2013-07-10,Affiliate,(organic/referral),4.05,27,54,0.2
2013-07-10,Bing,brand,8.8,8,32,1.06
2013-07-10,Bing,nonbrand,53.9,49,196,6.47
2013-07-10,Google,brand,28.35,21,105,3.4
2013-07-10,Google,nonbrand,324.0,240,1200,38.88
2013-07-10,direct,(direct),0.0,28,28,0.0
2013-07-11,Affiliate,(organic/referral),4.8,32,64,0.24
2013-07-11,Bing,brand,2.2,2,8,0.26
2013-07-11,Bing,nonbrand,47.3,43,172,5.68
2013-07-11,Google,brand,24.3,18,90,2.92
2013-07-11,Google,nonbrand,290.25,215,1075,34.83
2013-07-11,direct,(direct),0.0,23,23,0.0
2013-07-12,Affiliate,(organic/referral),2.7,18,36,0.13
2013-07-12,Bing,brand,3.3,3,12,0.4
2013-07-12,Bing,nonbrand,42.9,39,156,5.15
2013-07-12,Google,brand,31.05,23,115,3.73
2013-07-12,Google,nonbrand,244.35,181,905,29.32
2013-07-12,direct,(direct),0.0,20,20,0.0
2013-07-13,Affiliate,(organic/referral),0.3,2,4,0.02
2013-07-13,Bing,brand,3.3,3,12,0.4
2013-07-13,Bing,nonbrand,22.0,20,80,2.64
2013-07-13,Google,brand,6.75,5,25,0.81
2013-07-13,Google,nonbrand,120.15,89,445,14.42
2013-07-13,direct,(direct),0.0,13,13,0.0
2013-07-14,Affiliate,(organic/referral),2.4,16,32,0.12
2013-07-14,Bing,brand,1.1,1,4,0.13
2013-07-14,Bing,nonbrand,29.7,27,108,3.56
2013-07-14,Google,brand,16.2,12,60,1.94
2013-07-14,Google,nonbrand,140.4,104,520,16.85
2013-07-14,direct,(direct),0.0,9,9,0.0
2013-07-15,Affiliate,(organic/referral),3.15,21,42,0.16
2013-07-15,Bing,brand,5.5,5,20,0.66
2013-07-15,Bing,nonbrand,66.0,60,240,7.92
2013-07-15,Google,brand,27.0,20,100,3.24
2013-07-15,Google,nonbrand,297.0,220,1100,35.64
2013-07-15,direct,(direct),0.0,16,16,0.0
2013-07-16,Affiliate,(organic/referral),5.55,37,74,0.28
2013-07-16,Bing,brand,2.2,2,8,0.26
2013-07-16,Bing,nonbrand,49.5,45,180,5.94
2013-07-16,Google,brand,21.6,16,80,2.59
2013-07-16,Google,nonbrand,288.9,214,1070,34.67
2013-07-16,direct,(direct),0.0,27,27,0.0
2013-07-17,Affiliate,(organic/referral),4.35,29,58,0.22
2013-07-17,Bing,brand,8.8,8,32,1.06
2013-07-17,Bing,nonbrand,63.8,58,232,7.66
2013-07-17,Google,brand,48.6,36,180,5.83
2013-07-17,Google,nonbrand,314.55,233,1165,37.75
2013-07-17,direct,(direct),0.0,20,20,0.0
2013-07-18,Affiliate,(organic/referral),4.5,30,60,0.22
2013-07-18,Bing,brand,8.8,8,32,1.06
2013-07-18,Bing,nonbrand,45.1,41,164,5.41
2013-07-18,Google,brand,25.65,19,95,3.08
2013-07-18,Google,nonbrand,255.15,189,945,30.62
2013-07-18,direct,(direct),0.0,20,20,0.0
2013-07-19,Affiliate,(organic/referral),3.45,23,46,0.17
2013-07-19,Bing,brand,9.9,9,36,1.19
2013-07-19,Bing,nonbrand,51.7,47,188,6.2
2013-07-19,Google,brand,21.6,16,80,2.59
2013-07-19,Google,nonbrand,244.35,181,905,29.32
2013-07-19,direct,(direct),0.0,28,28,0.0
2013-07-20,Affiliate,(organic/referral),3.15,21,42,0.16
2013-07-20,Bing,brand,3.3,3,12,0.4
2013-07-20,Bing,nonbrand,20.9,19,76,2.51
2013-07-20,Google,brand,10.8,8,40,1.3
2013-07-20,Google,nonbrand,126.9,94,470,15.23
2013-07-20,direct,(direct),0.0,15,15,0.0
2013-07-21,Affiliate,(organic/referral),2.25,15,30,0.11
2013-07-21,Bing,brand,2.2,2,8,0.26
2013-07-21,Bing,nonbrand,25.3,23,92,3.04
2013-07-21,Google,brand,8.1,6,30,0.97
2013-07-21,Google,nonbrand,144.45,107,535,17.33
2013-07-21,direct,(direct),0.0,12,12,0.0
2013-07-22,Affiliate,(organic/referral),5.25,35,70,0.26
2013-07-22,Bing,brand,5.5,5,20,0.66
2013-07-22,Bing,nonbrand,53.9,49,196,6.47
2013-07-22,Google,brand,31.05,23,115,3.73
2013-07-22,Google,nonbrand,311.85,231,1155,37.42
2013-07-22,direct,(direct),0.0,30,30,0.0
2013-07-23,Affiliate,(organic/referral),4.2,28,56,0.21
2013-07-23,Bing,brand,5.5,5,20,0.66
2013-07-23,Bing,nonbrand,46.2,42,168,5.54
2013-07-23,Google,brand,37.8,28,140,4.54
2013-07-23,Google,nonbrand,290.25,215,1075,34.83
2013-07-23,direct,(direct),0.0,20,20,0.0
2013-07-24,Affiliate,(organic/referral),5.7,38,76,0.29
2013-07-24,Bing,brand,5.5,5,20,0.66
2013-07-24,Bing,nonbrand,45.1,41,164,5.41
2013-07-24,Google,brand,31.05,23,115,3.73
2013-07-24,Google,nonbrand,288.9,214,1070,34.67
2013-07-24,direct,(direct),0.0,27,27,0.0
2013-07-25,Affiliate,(organic/referral),2.25,15,30,0.11
2013-07-25,Bing,brand,5.5,5,20,0.66
2013-07-25,Bing,nonbrand,51.7,47,188,6.2
2013-07-25,Google,brand,35.1,26,130,4.21
2013-07-25,Google,nonbrand,310.5,230,1150,37.26
2013-07-25,direct,(direct),0.0,31,31,0.0
2013-07-26,Affiliate,(organic/referral),3.9,26,52,0.2
2013-07-26,Bing,brand,3.3,3,12,0.4
2013-07-26,Bing,nonbrand,36.3,33,132,4.36
2013-07-26,Google,brand,32.4,24,120,3.89
2013-07-26,Google,nonbrand,284.85,211,1055,34.18
2013-07-26,direct,(direct),0.0,23,23,0.0
2013-07-27,Affiliate,(organic/referral),1.8,12,24,0.09
2013-07-27,Bing,brand,1.1,1,4,0.13
2013-07-27,Bing,nonbrand,38.5,35,140,4.62
2013-07-27,Google,brand,12.15,9,45,1.46
2013-07-27,Google,nonbrand,118.8,88,440,14.26
2013-07-27,direct,(direct),0.0,9,9,0.0
2013-07-28,Affiliate,(organic/referral),2.4,16,32,0.12
2013-07-28,Bing,brand,2.2,2,8,0.26
2013-07-28,Bing,nonbrand,13.2,12,48,1.58
2013-07-28,Google,brand,13.5,10,50,1.62
2013-07-28,Google,nonbrand,141.75,105,525,17.01
2013-07-28,direct,(direct),0.0,11,11,0.0
2013-07-29,Affiliate,(organic/referral),3.45,23,46,0.17
2013-07-29,Bing,brand,8.8,8,32,1.06
2013-07-29,Bing,nonbrand,47.3,43,172,5.68
2013-07-29,Google,brand,39.15,29,145,4.7
2013-07-29,Google,nonbrand,260.55,193,965,31.27
2013-07-29,direct,(direct),0.0,17,17,0.0
2013-07-30,Affiliate,(organic/referral),3.9,26,52,0.2
2013-07-30,Bing,brand,4.4,4,16,0.53
2013-07-30,Bing,nonbrand,42.9,39,156,5.15
2013-07-30,Google,brand,21.6,16,80,2.59
2013-07-30,Google,nonbrand,275.4,204,1020,33.05
2013-07-30,direct,(direct),0.0,22,22,0.0
2013-07-31,Affiliate,(organic/referral),4.95,33,66,0.25
2013-07-31,Bing,brand,5.5,5,20,0.66
2013-07-31,Bing,nonbrand,49.5,45,180,5.94
2013-07-31,Google,brand,32.4,24,120,3.89
2013-07-31,Google,nonbrand,301.05,223,1115,36.13
2013-07-31,direct,(direct),0.0,30,30,0.0
2013-08-01,Affiliate,(organic/referral),3.45,23,46,0.17
2013-08-01,Bing,brand,3.3,3,12,0.4
2013-08-01,Bing,nonbrand,47.3,43,172,5.68
2013-08-01,Google,brand,40.5,30,150,4.86
2013-08-01,Google,nonbrand,317.25,235,1175,38.07
2013-08-01,direct,(direct),0.0,25,25,0.0
2013-08-02,Affiliate,(organic/referral),4.5,30,60,0.22
2013-08-02,Bing,brand,5.5,5,20,0.66
2013-08-02,Bing,nonbrand,40.7,37,148,4.88
2013-08-02,Google,brand,25.65,19,95,3.08
2013-08-02,Google,nonbrand,249.75,185,925,29.97
2013-08-02,direct,(direct),0.0,26,26,0.0
2013-08-03,Affiliate,(organic/referral),1.2,8,16,0.06
2013-08-03,Bing,brand,2.2,2,8,0.26
2013-08-03,Bing,nonbrand,17.6,16,64,2.11
2013-08-03,Google,brand,17.55,13,65,2.11
2013-08-03,Google,nonbrand,121.5,90,450,14.58
2013-08-03,direct,(direct),0.0,10,10,0.0
2013-08-04,Affiliate,(organic/referral),1.05,7,14,0.05
2013-08-04,Bing,brand,6.6,6,24,0.79
2013-08-04,Bing,nonbrand,19.8,18,72,2.38
2013-08-04,Google,brand,13.5,10,50,1.62
2013-08-04,Google,nonbrand,133.65,99,495,16.04
2013-08-04,direct,(direct),0.0,5,5,0.0
2013-08-05,Affiliate,(organic/referral),4.5,30,60,0.22
2013-08-05,Bing,brand,5.5,5,20,0.66
2013-08-05,Bing,nonbrand,42.9,39,156,5.15
2013-08-05,Google,brand,24.3,18,90,2.92
2013-08-05,Google,nonbrand,291.6,216,1080,34.99
2013-08-05,direct,(direct),0.0,19,19,0.0
2013-08-06,Affiliate,(organic/referral),4.5,30,60,0.22
2013-08-06,Bing,brand,6.6,6,24,0.79
2013-08-06,Bing,nonbrand,41.8,38,152,5.02
2013-08-06,Google,brand,31.05,23,115,3.73
2013-08-06,Google,nonbrand,272.7,202,1010,32.72
2013-08-06,direct,(direct),0.0,23,23,0.0
2013-08-07,Affiliate,(organic/referral),6.0,40,80,0.3
2013-08-07,Bing,brand,7.7,7,28,0.92
2013-08-07,Bing,nonbrand,52.8,48,192,6.34
2013-08-07,Google,brand,22.95,17,85,2.75
2013-08-07,Google,nonbrand,294.3,218,1090,35.32
2013-08-07,direct,(direct),0.0,24,24,0.0
2013-08-08,Affiliate,(organic/referral),6.0,40,80,0.3
2013-08-08,Bing,brand,8.8,8,32,1.06
2013-08-08,Bing,nonbrand,39.6,36,144,4.75
2013-08-08,Google,brand,27.0,20,100,3.24
2013-08-08,Google,nonbrand,268.65,199,995,32.24
2013-08-08,direct,(direct),0.0,37,37,0.0
2013-08-09,Affiliate,(organic/referral),3.75,25,50,0.19
2013-08-09,Bing,brand,8.8,8,32,1.06
2013-08-09,Bing,nonbrand,44.0,40,160,5.28
2013-08-09,Google,brand,28.35,21,105,3.4
2013-08-09,Google,nonbrand,237.6,176,880,28.51
2013-08-09,direct,(direct),0.0,20,20,0.0
2013-08-10,Affiliate,(organic/referral),1.2,8,16,0.06
2013-08-10,Bing,brand,2.2,2,8,0.26
2013-08-10,Bing,nonbrand,24.2,22,88,2.9
2013-08-10,Google,brand,16.2,12,60,1.94
2013-08-10,Google,nonbrand,122.85,91,455,14.74
2013-08-10,direct,(direct),0.0,9,9,0.0
2013-08-11,Affiliate,(organic/referral),2.25,15,30,0.11
2013-08-11,Bing,brand,3.3,3,12,0.4
2013-08-11,Bing,nonbrand,27.5,25,100,3.3
2013-08-11,Google,brand,17.55,13,65,2.11
2013-08-11,Google,nonbrand,122.85,91,455,14.74
2013-08-11,direct,(direct),0.0,11,11,0.0
2013-08-12,Affiliate,(organic/referral),3.75,25,50,0.19
2013-08-12,Bing,brand,6.6,6,24,0.79
2013-08-12,Bing,nonbrand,60.5,55,220,7.26
2013-08-12,Google,brand,33.75,25,125,4.05
2013-08-12,Google,nonbrand,309.15,229,1145,37.1
2013-08-12,direct,(direct),0.0,23,23,0.0
2013-08-13,Affiliate,(organic/referral),5.55,37,74,0.28
2013-08-13,Bing,brand,4.4,4,16,0.53
2013-08-13,Bing,nonbrand,62.7,57,228,7.52
2013-08-13,Google,brand,29.7,22,110,3.56
2013-08-13,Google,nonbrand,271.35,201,1005,32.56
2013-08-13,direct,(direct),0.0,19,19,0.0
2013-08-14,Affiliate,(organic/referral),3.6,24,48,0.18
2013-08-14,Bing,brand,4.4,4,16,0.53
2013-08-14,Bing,nonbrand,57.2,52,208,6.86
2013-08-14,Google,brand,32.4,24,120,3.89
2013-08-14,Google,nonbrand,342.9,254,1270,41.15
2013-08-14,direct,(direct),0.0,31,31,0.0
2013-08-15,Affiliate,(organic/referral),4.65,31,62,0.23
2013-08-15,Bing,brand,3.3,3,12,0.4
2013-08-15,Bing,nonbrand,48.4,44,176,5.81
2013-08-15,Google,brand,24.3,18,90,2.92
2013-08-15,Google,nonbrand,279.45,207,1035,33.53
2013-08-15,direct,(direct),0.0,27,27,0.0
2013-08-16,Affiliate,(organic/referral),3.45,23,46,0.17
2013-08-16,Bing,brand,4.4,4,16,0.53
2013-08-16,Bing,nonbrand,47.3,43,172,5.68
2013-08-16,Google,brand,37.8,28,140,4.54
2013-08-16,Google,nonbrand,244.35,181,905,29.32
2013-08-16,direct,(direct),0.0,22,22,0.0
2013-08-17,Affiliate,(organic/referral),2.7,18,36,0.13
2013-08-17,Bing,brand,1.1,1,4,0.13
2013-08-17,Bing,nonbrand,26.4,24,96,3.17
2013-08-17,Google,brand,14.85,11,55,1.78
2013-08-17,Google,nonbrand,126.9,94,470,15.23
2013-08-17,direct,(direct),0.0,10,10,0.0
2013-08-18,Affiliate,(organic/referral),2.55,17,34,0.13
2013-08-18,Bing,brand,3.3,3,12,0.4
2013-08-18,Bing,nonbrand,14.3,13,52,1.72
2013-08-18,Google,brand,17.55,13,65,2.11
2013-08-18,Google,nonbrand,143.1,106,530,17.17
2013-08-18,direct,(direct),0.0,8,8,0.0
2013-08-19,Affiliate,(organic/referral),2.85,19,38,0.14
2013-08-19,Bing,brand,9.9,9,36,1.19
2013-08-19,Bing,nonbrand,58.3,53,212,7.0
2013-08-19,Google,brand,27.0,20,100,3.24
2013-08-19,Google,nonbrand,318.6,236,1180,38.23
2013-08-19,direct,(direct),0.0,29,29,0.0
2013-08-20,Affiliate,(organic/referral),4.35,29,58,0.22
2013-08-20,Bing,brand,3.3,3,12,0.4
2013-08-20,Bing,nonbrand,59.4,54,216,7.13
2013-08-20,Google,brand,28.35,21,105,3.4
2013-08-20,Google,nonbrand,307.8,228,1140,36.94
2013-08-20,direct,(direct),0.0,27,27,0.0
2013-08-21,Affiliate,(organic/referral),5.7,38,76,0.29
2013-08-21,Bing,brand,4.4,4,16,0.53
2013-08-21,Bing,nonbrand,58.3,53,212,7.0
2013-08-21,Google,brand,40.5,30,150,4.86
2013-08-21,Google,nonbrand,376.65,279,1395,45.2
2013-08-21,direct,(direct),0.0,27,27,0.0
2013-08-22,Affiliate,(organic/referral),4.5,30,60,0.22
2013-08-22,Bing,brand,3.3,3,12,0.4
2013-08-22,Bing,nonbrand,34.1,31,124,4.09
2013-08-22,Google,brand,41.85,31,155,5.02
2013-08-22,Google,nonbrand,349.65,259,1295,41.96
2013-08-22,direct,(direct),0.0,22,22,0.0
2013-08-23,Affiliate,(organic/referral),3.0,20,40,0.15
2013-08-23,Bing,brand,4.4,4,16,0.53
2013-08-23,Bing,nonbrand,46.2,42,168,5.54
2013-08-23,Google,brand,20.25,15,75,2.43
2013-08-23,Google,nonbrand,315.9,234,1170,37.91
2013-08-23,direct,(direct),0.0,37,37,0.0
2013-08-24,Affiliate,(organic/referral),3.0,20,40,0.15
2013-08-24,Bing,brand,5.5,5,20,0.66
2013-08-24,Bing,nonbrand,25.3,23,92,3.04
2013-08-24,Google,brand,6.75,5,25,0.81
2013-08-24,Google,nonbrand,145.8,108,540,17.5
2013-08-24,direct,(direct),0.0,14,14,0.0
2013-08-25,Affiliate,(organic/referral),2.1,14,28,0.11
2013-08-25,Bing,brand,2.2,2,8,0.26
2013-08-25,Bing,nonbrand,18.7,17,68,2.24
2013-08-25,Google,brand,14.85,11,55,1.78
2013-08-25,Google,nonbrand,160.65,119,595,19.28
2013-08-25,direct,(direct),0.0,16,16,0.0
2013-08-26,Affiliate,(organic/referral),4.5,30,60,0.22
2013-08-26,Bing,brand,5.5,5,20,0.66
2013-08-26,Bing,nonbrand,45.1,41,164,5.41
2013-08-26,Google,brand,22.95,17,85,2.75
2013-08-26,Google,nonbrand,332.1,246,1230,39.85
2013-08-26,direct,(direct),0.0,25,25,0.0
2013-08-27,Affiliate,(organic/referral),4.95,33,66,0.25
2013-08-27,Bing,brand,5.5,5,20,0.66
2013-08-27,Bing,nonbrand,38.5,35,140,4.62
2013-08-27,Google,brand,25.65,19,95,3.08
2013-08-27,Google,nonbrand,291.6,216,1080,34.99
2013-08-27,direct,(direct),0.0,20,20,0.0
2013-08-28,Affiliate,(organic/referral),5.4,36,72,0.27
2013-08-28,Bing,brand,8.8,8,32,1.06
2013-08-28,Bing,nonbrand,44.0,40,160,5.28
2013-08-28,Google,brand,31.05,23,115,3.73
2013-08-28,Google,nonbrand,353.7,262,1310,42.44
2013-08-28,direct,(direct),0.0,35,35,0.0
2013-08-29,Affiliate,(organic/referral),4.5,30,60,0.22
2013-08-29,Bing,brand,4.4,4,16,0.53
2013-08-29,Bing,nonbrand,48.4,44,176,5.81
2013-08-29,Google,brand,22.95,17,85,2.75
2013-08-29,Google,nonbrand,365.85,271,1355,43.9
2013-08-29,direct,(direct),0.0,25,25,0.0
2013-08-30,Affiliate,(organic/referral),4.05,27,54,0.2
2013-08-30,Bing,brand,7.7,7,28,0.92
2013-08-30,Bing,nonbrand,44.0,40,160,5.28
2013-08-30,Google,brand,31.05,23,115,3.73
2013-08-30,Google,nonbrand,306.45,227,1135,36.77
2013-08-30,direct,(direct),0.0,21,21,0.0
2013-08-31,Affiliate,(organic/referral),2.4,16,32,0.12
2013-08-31,Bing,brand,3.3,3,12,0.4
2013-08-31,Bing,nonbrand,25.3,23,92,3.04
2013-08-31,Google,brand,14.85,11,55,1.78
2013-08-31,Google,nonbrand,159.3,118,590,19.12
2013-08-31,direct,(direct),0.0,15,15,0.0
2013-09-01,Affiliate,(organic/referral),1.05,7,14,0.05
2013-09-01,Bing,brand,4.4,4,16,0.53
2013-09-01,Bing,nonbrand,24.2,22,88,2.9
2013-09-01,Google,brand,17.55,13,65,2.11
2013-09-01,Google,nonbrand,159.3,118,590,19.12
2013-09-01,direct,(direct),0.0,18,18,0.0
2013-09-02,Affiliate,(organic/referral),4.65,31,62,0.23
2013-09-02,Bing,brand,9.9,9,36,1.19
2013-09-02,Bing,nonbrand,48.4,44,176,5.81
2013-09-02,Google,brand,16.2,12,60,1.94
2013-09-02,Google,nonbrand,216.0,160,800,25.92
2013-09-02,direct,(direct),0.0,25,25,0.0
2013-09-03,Affiliate,(organic/referral),4.2,28,56,0.21
2013-09-03,Bing,brand,2.2,2,8,0.26
2013-09-03,Bing,nonbrand,55.0,50,200,6.6
2013-09-03,Google,brand,32.4,24,120,3.89
2013-09-03,Google,nonbrand,332.1,246,1230,39.85
2013-09-03,direct,(direct),0.0,23,23,0.0
2013-09-04,Affiliate,(organic/referral),5.25,35,70,0.26
2013-09-04,Bing,brand,8.8,8,32,1.06
2013-09-04,Bing,nonbrand,55.0,50,200,6.6
2013-09-04,Google,brand,40.5,30,150,4.86
2013-09-04,Google,nonbrand,330.75,245,1225,39.69
2013-09-04,direct,(direct),0.0,30,30,0.0
2013-09-05,Affiliate,(organic/referral),4.2,28,56,0.21
2013-09-05,Bing,brand,8.8,8,32,1.06
2013-09-05,Bing,nonbrand,50.6,46,184,6.07
2013-09-05,Google,brand,32.4,24,120,3.89
2013-09-05,Google,nonbrand,346.95,257,1285,41.63
2013-09-05,direct,(direct),0.0,30,30,0.0
2013-09-06,Affiliate,(organic/referral),4.05,27,54,0.2
2013-09-06,Bing,brand,4.4,4,16,0.53
2013-09-06,Bing,nonbrand,50.6,46,184,6.07
2013-09-06,Google,brand,40.5,30,150,4.86
2013-09-06,Google,nonbrand,349.65,259,1295,41.96
2013-09-06,direct,(direct),0.0,24,24,0.0
2013-09-07,Affiliate,(organic/referral),3.0,20,40,0.15
2013-09-07,Bing,nonbrand,33.0,30,120,3.96
2013-09-07,Google,brand,17.55,13,65,2.11
2013-09-07,Google,nonbrand,149.85,111,555,17.98
2013-09-07,direct,(direct),0.0,13,13,0.0
2013-09-08,Affiliate,(organic/referral),2.55,17,34,0.13
2013-09-08,Bing,brand,5.5,5,20,0.66
2013-09-08,Bing,nonbrand,16.5,15,60,1.98
2013-09-08,Google,brand,12.15,9,45,1.46
2013-09-08,Google,nonbrand,153.9,114,570,18.47
2013-09-08,direct,(direct),0.0,19,19,0.0
2013-09-09,Affiliate,(organic/referral),4.95,33,66,0.25
2013-09-09,Bing,brand,3.3,3,12,0.4
2013-09-09,Bing,nonbrand,44.0,40,160,5.28
2013-09-09,Google,brand,32.4,24,120,3.89
2013-09-09,Google,nonbrand,299.7,222,1110,35.96
2013-09-09,direct,(direct),0.0,26,26,0.0
2013-09-10,Affiliate,(organic/referral),3.45,23,46,0.17
2013-09-10,Bing,brand,5.5,5,20,0.66
2013-09-10,Bing,nonbrand,37.4,34,136,4.49
2013-09-10,Google,brand,25.65,19,95,3.08
2013-09-10,Google,nonbrand,322.65,239,1195,38.72
2013-09-10,direct,(direct),0.0,35,35,0.0
2013-09-11,Affiliate,(organic/referral),4.5,30,60,0.22
2013-09-11,Bing,brand,4.4,4,16,0.53
2013-09-11,Bing,nonbrand,56.1,51,204,6.73
2013-09-11,Google,brand,41.85,31,155,5.02
2013-09-11,Google,nonbrand,340.2,252,1260,40.82
2013-09-11,direct,(direct),0.0,24,24,0.0
2013-09-12,Affiliate,(organic/referral),4.5,30,60,0.22
2013-09-12,Bing,brand,5.5,5,20,0.66
2013-09-12,Bing,nonbrand,45.1,41,164,5.41
2013-09-12,Google,brand,18.9,14,70,2.27
2013-09-12,Google,nonbrand,334.8,248,1240,40.18
2013-09-12,direct,(direct),0.0,24,24,0.0
2013-09-13,Affiliate,(organic/referral),4.2,28,56,0.21
2013-09-13,Bing,brand,4.4,4,16,0.53
2013-09-13,Bing,nonbrand,44.0,40,160,5.28
2013-09-13,Google,brand,24.3,18,90,2.92
2013-09-13,Google,nonbrand,275.4,204,1020,33.05
2013-09-13,direct,(direct),0.0,25,25,0.0
2013-09-14,Affiliate,(organic/referral),1.95,13,26,0.1
2013-09-14,Bing,brand,5.5,5,20,0.66
2013-09-14,Bing,nonbrand,18.7,17,68,2.24
2013-09-14,Google,brand,17.55,13,65,2.11
2013-09-14,Google,nonbrand,164.7,122,610,19.76
2013-09-14,direct,(direct),0.0,8,8,0.0
2013-09-15,Affiliate,(organic/referral),2.7,18,36,0.13
2013-09-15,Bing,brand,2.2,2,8,0.26
2013-09-15,Bing,nonbrand,36.3,33,132,4.36
2013-09-15,Google,brand,9.45,7,35,1.13
2013-09-15,Google,nonbrand,144.45,107,535,17.33
2013-09-15,direct,(direct),0.0,15,15,0.0
2013-09-16,Affiliate,(organic/referral),5.7,38,76,0.29
2013-09-16,Bing,brand,2.2,2,8,0.26
2013-09-16,Bing,nonbrand,46.2,42,168,5.54
2013-09-16,Google,brand,27.0,20,100,3.24
2013-09-16,Google,nonbrand,321.3,238,1190,38.56
2013-09-16,direct,(direct),0.0,27,27,0.0
2013-09-17,Affiliate,(organic/referral),4.65,31,62,0.23
2013-09-17,Bing,brand,7.7,7,28,0.92
2013-09-17,Bing,nonbrand,59.4,54,216,7.13
2013-09-17,Google,brand,12.15,9,45,1.46
2013-09-17,Google,nonbrand,349.65,259,1295,41.96
2013-09-17,direct,(direct),0.0,32,32,0.0
2013-09-18,Affiliate,(organic/referral),5.1,34,68,0.26
2013-09-18,Bing,brand,11.0,10,40,1.32
2013-09-18,Bing,nonbrand,51.7,47,188,6.2
2013-09-18,Google,brand,35.1,26,130,4.21
2013-09-18,Google,nonbrand,380.7,282,1410,45.68
2013-09-18,direct,(direct),0.0,32,32,0.0
2013-09-19,Affiliate,(organic/referral),5.85,39,78,0.29
2013-09-19,Bing,brand,4.4,4,16,0.53
2013-09-19,Bing,nonbrand,55.0,50,200,6.6
2013-09-19,Google,brand,33.75,25,125,4.05
2013-09-19,Google,nonbrand,329.4,244,1220,39.53
2013-09-19,direct,(direct),0.0,30,30,0.0
2013-09-20,Affiliate,(organic/referral),4.35,29,58,0.22
2013-09-20,Bing,brand,1.1,1,4,0.13
2013-09-20,Bing,nonbrand,60.5,55,220,7.26
2013-09-20,Google,brand,37.8,28,140,4.54
2013-09-20,Google,nonbrand,345.6,256,1280,41.47
2013-09-20,direct,(direct),0.0,25,25,0.0
2013-09-21,Affiliate,(organic/referral),2.25,15,30,0.11
2013-09-21,Bing,brand,3.3,3,12,0.4
2013-09-21,Bing,nonbrand,26.4,24,96,3.17
2013-09-21,Google,brand,14.85,11,55,1.78
2013-09-21,Google,nonbrand,149.85,111,555,17.98
2013-09-21,direct,(direct),0.0,7,7,0.0
2013-09-22,Affiliate,(organic/referral),1.95,13,26,0.1
2013-09-22,Bing,brand,3.3,3,12,0.4
2013-09-22,Bing,nonbrand,24.2,22,88,2.9
2013-09-22,Google,brand,22.95,17,85,2.75
2013-09-22,Google,nonbrand,198.45,147,735,23.81
2013-09-22,direct,(direct),0.0,14,14,0.0
2013-09-23,Affiliate,(organic/referral),3.9,26,52,0.2
2013-09-23,Bing,brand,7.7,7,28,0.92
2013-09-23,Bing,nonbrand,50.6,46,184,6.07
2013-09-23,Google,brand,25.65,19,95,3.08
2013-09-23,Google,nonbrand,359.1,266,1330,43.09
2013-09-23,direct,(direct),0.0,26,26,0.0
2013-09-24,Affiliate,(organic/referral),4.5,30,60,0.22
2013-09-24,Bing,brand,4.4,4,16,0.53
2013-09-24,Bing,nonbrand,66.0,60,240,7.92
2013-09-24,Google,brand,36.45,27,135,4.37
2013-09-24,Google,nonbrand,333.45,247,1235,40.01
2013-09-24,direct,(direct),0.0,30,30,0.0
2013-09-25,Affiliate,(organic/referral),5.4,36,72,0.27
2013-09-25,Bing,brand,9.9,9,36,1.19
2013-09-25,Bing,nonbrand,55.0,50,200,6.6
2013-09-25,Google,brand,27.0,20,100,3.24
2013-09-25,Google,nonbrand,341.55,253,1265,40.99
2013-09-25,direct,(direct),0.0,21,21,0.0
2013-09-26,Affiliate,(organic/referral),4.05,27,54,0.2
2013-09-26,Bing,brand,8.8,8,32,1.06
2013-09-26,Bing,nonbrand,60.5,55,220,7.26
2013-09-26,Google,brand,25.65,19,95,3.08
2013-09-26,Google,nonbrand,328.05,243,1215,39.37
2013-09-26,direct,(direct),0.0,29,29,0.0
2013-09-27,Affiliate,(organic/referral),3.6,24,48,0.18
2013-09-27,Bing,brand,7.7,7,28,0.92
2013-09-27,Bing,nonbrand,58.3,53,212,7.0
2013-09-27,Google,brand,35.1,26,130,4.21
2013-09-27,Google,nonbrand,311.85,231,1155,37.42
2013-09-27,direct,(direct),0.0,29,29,0.0
2013-09-28,Affiliate,(organic/referral),1.8,12,24,0.09
2013-09-28,Bing,brand,3.3,3,12,0.4
2013-09-28,Bing,nonbrand,31.9,29,116,3.83
2013-09-28,Google,brand,18.9,14,70,2.27
2013-09-28,Google,nonbrand,155.25,115,575,18.63
2013-09-28,direct,(direct),0.0,11,11,0.0
2013-09-29,Affiliate,(organic/referral),3.0,20,40,0.15
2013-09-29,Bing,brand,4.4,4,16,0.53
2013-09-29,Bing,nonbrand,24.2,22,88,2.9
2013-09-29,Google,brand,28.35,21,105,3.4
2013-09-29,Google,nonbrand,166.05,123,615,19.93
2013-09-29,direct,(direct),0.0,16,16,0.0
2013-09-30,Affiliate,(organic/referral),4.95,33,66,0.25
2013-09-30,Bing,brand,5.5,5,20,0.66
2013-09-30,Bing,nonbrand,42.9,39,156,5.15
2013-09-30,Google,brand,37.8,28,140,4.54
2013-09-30,Google,nonbrand,344.25,255,1275,41.31
2013-09-30,direct,(direct),0.0,20,20,0.0
2013-10-01,Affiliate,(organic/referral),4.65,31,62,0.23
2013-10-01,Bing,brand,7.7,7,28,0.92
2013-10-01,Bing,nonbrand,64.9,59,236,7.79
2013-10-01,Google,brand,32.4,24,120,3.89
2013-10-01,Google,nonbrand,357.75,265,1325,42.93
2013-10-01,direct,(direct),0.0,34,34,0.0
2013-10-02,Affiliate,(organic/referral),4.8,32,64,0.24
2013-10-02,Bing,brand,8.8,8,32,1.06
2013-10-02,Bing,nonbrand,35.2,32,128,4.22
2013-10-02,Google,brand,40.5,30,150,4.86
2013-10-02,Google,nonbrand,346.95,257,1285,41.63
2013-10-02,direct,(direct),0.0,24,24,0.0
2013-10-03,Affiliate,(organic/referral),5.55,37,74,0.28
2013-10-03,Bing,brand,15.4,14,56,1.85
2013-10-03,Bing,nonbrand,56.1,51,204,6.73
2013-10-03,Google,brand,40.5,30,150,4.86
2013-10-03,Google,nonbrand,315.9,234,1170,37.91
2013-10-03,direct,(direct),0.0,43,43,0.0
2013-10-04,Affiliate,(organic/referral),3.9,26,52,0.2
2013-10-04,Bing,brand,2.2,2,8,0.26
2013-10-04,Bing,nonbrand,42.9,39,156,5.15
2013-10-04,Google,brand,20.25,15,75,2.43
2013-10-04,Google,nonbrand,348.3,258,1290,41.8
2013-10-04,direct,(direct),0.0,31,31,0.0
2013-10-05,Affiliate,(organic/referral),3.0,20,40,0.15
2013-10-05,Bing,brand,3.3,3,12,0.4
2013-10-05,Bing,nonbrand,20.9,19,76,2.51
2013-10-05,Google,brand,17.55,13,65,2.11
2013-10-05,Google,nonbrand,171.45,127,635,20.57
2013-10-05,direct,(direct),0.0,17,17,0.0
2013-10-06,Affiliate,(organic/referral),2.25,15,30,0.11
2013-10-06,Bing,nonbrand,27.5,25,100,3.3
2013-10-06,Google,brand,17.55,13,65,2.11
2013-10-06,Google,nonbrand,167.4,124,620,20.09
2013-10-06,direct,(direct),0.0,15,15,0.0
2013-10-07,Affiliate,(organic/referral),4.2,28,56,0.21
2013-10-07,Bing,brand,7.7,7,28,0.92
2013-10-07,Bing,nonbrand,61.6,56,224,7.39
2013-10-07,Google,brand,28.35,21,105,3.4
2013-10-07,Google,nonbrand,322.65,239,1195,38.72
2013-10-07,direct,(direct),0.0,28,28,0.0
2013-10-08,Affiliate,(organic/referral),4.65,31,62,0.23
2013-10-08,Bing,brand,8.8,8,32,1.06
2013-10-08,Bing,nonbrand,64.9,59,236,7.79
2013-10-08,Google,brand,28.35,21,105,3.4
2013-10-08,Google,nonbrand,352.35,261,1305,42.28
2013-10-08,direct,(direct),0.0,27,27,0.0
2013-10-09,Affiliate,(organic/referral),7.2,48,96,0.36
2013-10-09,Bing,brand,5.5,5,20,0.66
2013-10-09,Bing,nonbrand,70.4,64,256,8.45
2013-10-09,Google,brand,39.15,29,145,4.7
2013-10-09,Google,nonbrand,384.75,285,1425,46.17
2013-10-09,direct,(direct),0.0,48,48,0.0
2013-10-10,Affiliate,(organic/referral),6.3,42,84,0.32
2013-10-10,Bing,brand,8.8,8,32,1.06
2013-10-10,Bing,nonbrand,58.3,53,212,7.0
2013-10-10,Google,brand,39.15,29,145,4.7
2013-10-10,Google,nonbrand,388.8,288,1440,46.66
2013-10-10,direct,(direct),0.0,24,24,0.0
2013-10-11,Affiliate,(organic/referral),4.95,33,66,0.25
2013-10-11,Bing,brand,8.8,8,32,1.06
2013-10-11,Bing,nonbrand,55.0,50,200,6.6
2013-10-11,Google,brand,35.1,26,130,4.21
2013-10-11,Google,nonbrand,340.2,252,1260,40.82
2013-10-11,direct,(direct),0.0,44,44,0.0
2013-10-12,Affiliate,(organic/referral),2.1,14,28,0.11
2013-10-12,Bing,brand,5.5,5,20,0.66
2013-10-12,Bing,nonbrand,29.7,27,108,3.56
2013-10-12,Google,brand,13.5,10,50,1.62
2013-10-12,Google,nonbrand,159.3,118,590,19.12
2013-10-12,direct,(direct),0.0,19,19,0.0
2013-10-13,Affiliate,(organic/referral),1.35,9,18,0.07
2013-10-13,Bing,brand,4.4,4,16,0.53
2013-10-13,Bing,nonbrand,37.4,34,136,4.49
2013-10-13,Google,brand,24.3,18,90,2.92
2013-10-13,Google,nonbrand,151.2,112,560,18.14
2013-10-13,direct,(direct),0.0,13,13,0.0
2013-10-14,Affiliate,(organic/referral),5.1,34,68,0.26
2013-10-14,Bing,brand,7.7,7,28,0.92
2013-10-14,Bing,nonbrand,41.8,38,152,5.02
2013-10-14,Google,brand,29.7,22,110,3.56
2013-10-14,Google,nonbrand,351.0,260,1300,42.12
2013-10-14,direct,(direct),0.0,40,40,0.0
2013-10-15,Affiliate,(organic/referral),4.5,30,60,0.22
2013-10-15,Bing,brand,7.7,7,28,0.92
2013-10-15,Bing,nonbrand,57.2,52,208,6.86
2013-10-15,Google,brand,28.35,21,105,3.4
2013-10-15,Google,nonbrand,321.3,238,1190,38.56
2013-10-15,direct,(direct),0.0,34,34,0.0
2013-10-16,Affiliate,(organic/referral),6.15,41,82,0.31
2013-10-16,Bing,nonbrand,34.1,31,124,4.09
2013-10-16,Google,brand,37.8,28,140,4.54
2013-10-16,Google,nonbrand,390.15,289,1445,46.82
2013-10-16,direct,(direct),0.0,26,26,0.0
2013-10-17,Affiliate,(organic/referral),4.8,32,64,0.24
2013-10-17,Bing,brand,4.4,4,16,0.53
2013-10-17,Bing,nonbrand,47.3,43,172,5.68
2013-10-17,Google,brand,22.95,17,85,2.75
2013-10-17,Google,nonbrand,345.6,256,1280,41.47
2013-10-17,direct,(direct),0.0,39,39,0.0
2013-10-18,Affiliate,(organic/referral),4.2,28,56,0.21
2013-10-18,Bing,brand,8.8,8,32,1.06
2013-10-18,Bing,nonbrand,37.4,34,136,4.49
2013-10-18,Google,brand,33.75,25,125,4.05
2013-10-18,Google,nonbrand,275.4,204,1020,33.05
2013-10-18,direct,(direct),0.0,24,24,0.0
2013-10-19,Affiliate,(organic/referral),3.6,24,48,0.18
2013-10-19,Bing,brand,3.3,3,12,0.4
2013-10-19,Bing,nonbrand,20.9,19,76,2.51
2013-10-19,Google,brand,8.1,6,30,0.97
2013-10-19,Google,nonbrand,124.2,92,460,14.9
2013-10-19,direct,(direct),0.0,12,12,0.0
2013-10-20,Affiliate,(organic/referral),2.4,16,32,0.12
2013-10-20,Bing,brand,2.2,2,8,0.26
2013-10-20,Bing,nonbrand,20.9,19,76,2.51
2013-10-20,Google,brand,13.5,10,50,1.62
2013-10-20,Google,nonbrand,157.95,117,585,18.95
2013-10-20,direct,(direct),0.0,22,22,0.0
2013-10-21,Affiliate,(organic/referral),5.25,35,70,0.26
2013-10-21,Bing,brand,5.5,5,20,0.66
2013-10-21,Bing,nonbrand,53.9,49,196,6.47
2013-10-21,Google,brand,41.85,31,155,5.02
2013-10-21,Google,nonbrand,298.35,221,1105,35.8
2013-10-21,direct,(direct),0.0,33,33,0.0
2013-10-22,Affiliate,(organic/referral),5.85,39,78,0.29
2013-10-22,Bing,brand,6.6,6,24,0.79
2013-10-22,Bing,nonbrand,57.2,52,208,6.86
2013-10-22,Google,brand,33.75,25,125,4.05
2013-10-22,Google,nonbrand,361.8,268,1340,43.42
2013-10-22,direct,(direct),0.0,27,27,0.0
2013-10-23,Affiliate,(organic/referral),5.4,36,72,0.27
2013-10-23,Bing,brand,4.4,4,16,0.53
2013-10-23,Bing,nonbrand,51.7,47,188,6.2
2013-10-23,Google,brand,33.75,25,125,4.05
2013-10-23,Google,nonbrand,338.85,251,1255,40.66
2013-10-23,direct,(direct),0.0,31,31,0.0
2013-10-24,Affiliate,(organic/referral),4.8,32,64,0.24
2013-10-24,Bing,brand,6.6,6,24,0.79
2013-10-24,Bing,nonbrand,58.3,53,212,7.0
2013-10-24,Google,brand,41.85,31,155,5.02
2013-10-24,Google,nonbrand,348.3,258,1290,41.8
2013-10-24,direct,(direct),0.0,21,21,0.0
2013-10-25,Affiliate,(organic/referral),4.05,27,54,0.2
2013-10-25,Bing,brand,4.4,4,16,0.53
2013-10-25,Bing,nonbrand,50.6,46,184,6.07
2013-10-25,Google,brand,32.4,24,120,3.89
2013-10-25,Google,nonbrand,317.25,235,1175,38.07
2013-10-25,direct,(direct),0.0,25,25,0.0
2013-10-26,Affiliate,(organic/referral),2.7,18,36,0.13
2013-10-26,Bing,brand,2.2,2,8,0.26
2013-10-26,Bing,nonbrand,29.7,27,108,3.56
2013-10-26,Google,brand,17.55,13,65,2.11
2013-10-26,Google,nonbrand,147.15,109,545,17.66
2013-10-26,direct,(direct),0.0,16,16,0.0
2013-10-27,Affiliate,(organic/referral),2.85,19,38,0.14
2013-10-27,Bing,brand,3.3,3,12,0.4
2013-10-27,Bing,nonbrand,18.7,17,68,2.24
2013-10-27,Google,brand,16.2,12,60,1.94
2013-10-27,Google,nonbrand,172.8,128,640,20.74
2013-10-27,direct,(direct),0.0,13,13,0.0
2013-10-28,Affiliate,(organic/referral),5.25,35,70,0.26
2013-10-28,Bing,brand,6.6,6,24,0.79
2013-10-28,Bing,nonbrand,47.3,43,172,5.68
2013-10-28,Google,brand,45.9,34,170,5.51
2013-10-28,Google,nonbrand,333.45,247,1235,40.01
2013-10-28,direct,(direct),0.0,32,32,0.0
2013-10-29,Affiliate,(organic/referral),6.3,42,84,0.32
2013-10-29,Bing,brand,6.6,6,24,0.79
2013-10-29,Bing,nonbrand,51.7,47,188,6.2
2013-10-29,Google,brand,35.1,26,130,4.21
2013-10-29,Google,nonbrand,349.65,259,1295,41.96
2013-10-29,direct,(direct),0.0,42,42,0.0
2013-10-30,Affiliate,(organic/referral),5.7,38,76,0.29
2013-10-30,Bing,brand,5.5,5,20,0.66
2013-10-30,Bing,nonbrand,66.0,60,240,7.92
2013-10-30,Google,brand,45.9,34,170,5.51
2013-10-30,Google,nonbrand,400.95,297,1485,48.11
2013-10-30,direct,(direct),0.0,29,29,0.0
2013-10-31,Affiliate,(organic/referral),4.35,29,58,0.22
2013-10-31,Bing,brand,7.7,7,28,0.92
2013-10-31,Bing,nonbrand,58.3,53,212,7.0
2013-10-31,Google,brand,39.15,29,145,4.7
2013-10-31,Google,nonbrand,376.65,279,1395,45.2
2013-10-31,direct,(direct),0.0,37,37,0.0
2013-11-01,Affiliate,(organic/referral),6.9,46,92,0.34
2013-11-01,Bing,brand,8.8,8,32,1.06
2013-11-01,Bing,nonbrand,52.8,48,192,6.34
2013-11-01,Google,brand,40.5,30,150,4.86
2013-11-01,Google,nonbrand,351.0,260,1300,42.12
2013-11-01,direct,(direct),0.0,34,34,0.0
2013-11-02,Affiliate,(organic/referral),2.4,16,32,0.12
2013-11-02,Bing,brand,1.1,1,4,0.13
2013-11-02,Bing,nonbrand,19.8,18,72,2.38
2013-11-02,Google,brand,18.9,14,70,2.27
2013-11-02,Google,nonbrand,151.2,112,560,18.14
2013-11-02,direct,(direct),0.0,14,14,0.0
2013-11-03,Affiliate,(organic/referral),3.75,25,50,0.19
2013-11-03,Bing,brand,2.2,2,8,0.26
2013-11-03,Bing,nonbrand,23.1,21,84,2.77
2013-11-03,Google,brand,16.2,12,60,1.94
2013-11-03,Google,nonbrand,162.0,120,600,19.44
2013-11-03,direct,(direct),0.0,17,17,0.0
2013-11-04,Affiliate,(organic/referral),6.15,41,82,0.31
2013-11-04,Bing,brand,7.7,7,28,0.92
2013-11-04,Bing,nonbrand,58.3,53,212,7.0
2013-11-04,Google,brand,28.35,21,105,3.4
2013-11-04,Google,nonbrand,372.6,276,1380,44.71
2013-11-04,direct,(direct),0.0,37,37,0.0
2013-11-05,Affiliate,(organic/referral),4.05,27,54,0.2
2013-11-05,Bing,brand,4.4,4,16,0.53
2013-11-05,Bing,nonbrand,36.3,33,132,4.36
2013-11-05,Google,brand,37.8,28,140,4.54
2013-11-05,Google,nonbrand,302.4,224,1120,36.29
2013-11-05,direct,(direct),0.0,36,36,0.0
2013-11-06,Affiliate,(organic/referral),5.85,39,78,0.29
2013-11-06,Bing,brand,7.7,7,28,0.92
2013-11-06,Bing,nonbrand,60.5,55,220,7.26
2013-11-06,Google,brand,35.1,26,130,4.21
2013-11-06,Google,nonbrand,371.25,275,1375,44.55
2013-11-06,direct,(direct),0.0,42,42,0.0
2013-11-07,Affiliate,(organic/referral),4.5,30,60,0.22
2013-11-07,Bing,brand,8.8,8,32,1.06
2013-11-07,Bing,nonbrand,49.5,45,180,5.94
2013-11-07,Google,brand,41.85,31,155,5.02
2013-11-07,Google,nonbrand,359.1,266,1330,43.09
2013-11-07,direct,(direct),0.0,30,30,0.0
2013-11-08,Affiliate,(organic/referral),4.5,30,60,0.22
2013-11-08,Bing,brand,6.6,6,24,0.79
2013-11-08,Bing,nonbrand,48.4,44,176,5.81
2013-11-08,Google,brand,35.1,26,130,4.21
2013-11-08,Google,nonbrand,303.75,225,1125,36.45
2013-11-08,direct,(direct),0.0,20,20,0.0
2013-11-09,Affiliate,(organic/referral),1.5,10,20,0.08
2013-11-09,Bing,brand,3.3,3,12,0.4
2013-11-09,Bing,nonbrand,14.3,13,52,1.72
2013-11-09,Google,brand,20.25,15,75,2.43
2013-11-09,Google,nonbrand,168.75,125,625,20.25
2013-11-09,direct,(direct),0.0,5,5,0.0
2013-11-10,Affiliate,(organic/referral),2.55,17,34,0.13
2013-11-10,Bing,brand,1.1,1,4,0.13
2013-11-10,Bing,nonbrand,27.5,25,100,3.3
2013-11-10,Google,brand,17.55,13,65,2.11
2013-11-10,Google,nonbrand,172.8,128,640,20.74
2013-11-10,direct,(direct),0.0,17,17,0.0
2013-11-11,Affiliate,(organic/referral),5.7,38,76,0.29
2013-11-11,Bing,brand,7.7,7,28,0.92
2013-11-11,Bing,nonbrand,50.6,46,184,6.07
2013-11-11,Google,brand,22.95,17,85,2.75
2013-11-11,Google,nonbrand,324.0,240,1200,38.88
2013-11-11,direct,(direct),0.0,36,36,0.0
2013-11-12,Affiliate,(organic/referral),4.65,31,62,0.23
2013-11-12,Bing,brand,8.8,8,32,1.06
2013-11-12,Bing,nonbrand,58.3,53,212,7.0
2013-11-12,Google,brand,36.45,27,135,4.37
2013-11-12,Google,nonbrand,345.6,256,1280,41.47
2013-11-12,direct,(direct),0.0,34,34,0.0
2013-11-13,Affiliate,(organic/referral),5.4,36,72,0.27
2013-11-13,Bing,brand,4.4,4,16,0.53
2013-11-13,Bing,nonbrand,48.4,44,176,5.81
2013-11-13,Google,brand,49.95,37,185,5.99
2013-11-13,Google,nonbrand,360.45,267,1335,43.25
2013-11-13,direct,(direct),0.0,33,33,0.0
2013-11-14,Affiliate,(organic/referral),4.05,27,54,0.2
2013-11-14,Bing,brand,4.4,4,16,0.53
2013-11-14,Bing,nonbrand,63.8,58,232,7.66
2013-11-14,Google,brand,36.45,27,135,4.37
2013-11-14,Google,nonbrand,338.85,251,1255,40.66
2013-11-14,direct,(direct),0.0,33,33,0.0
2013-11-15,Affiliate,(organic/referral),4.2,28,56,0.21
2013-11-15,Bing,brand,6.6,6,24,0.79
2013-11-15,Bing,nonbrand,47.3,43,172,5.68
2013-11-15,Google,brand,31.05,23,115,3.73
2013-11-15,Google,nonbrand,325.35,241,1205,39.04
2013-11-15,direct,(direct),0.0,30,30,0.0
2013-11-16,Affiliate,(organic/referral),1.8,12,24,0.09
2013-11-16,Bing,brand,2.2,2,8,0.26
2013-11-16,Bing,nonbrand,23.1,21,84,2.77
2013-11-16,Google,brand,16.2,12,60,1.94
2013-11-16,Google,nonbrand,153.9,114,570,18.47
2013-11-16,direct,(direct),0.0,13,13,0.0
2013-11-17,Affiliate,(organic/referral),2.4,16,32,0.12
2013-11-17,Bing,brand,2.2,2,8,0.26
2013-11-17,Bing,nonbrand,25.3,23,92,3.04
2013-11-17,Google,brand,17.55,13,65,2.11
2013-11-17,Google,nonbrand,153.9,114,570,18.47
2013-11-17,direct,(direct),0.0,22,22,0.0
2013-11-18,Affiliate,(organic/referral),4.65,31,62,0.23
2013-11-18,Bing,brand,5.5,5,20,0.66
2013-11-18,Bing,nonbrand,49.5,45,180,5.94
2013-11-18,Google,brand,40.5,30,150,4.86
2013-11-18,Google,nonbrand,332.1,246,1230,39.85
2013-11-18,direct,(direct),0.0,36,36,0.0
2013-11-19,Affiliate,(organic/referral),5.1,34,68,0.26
2013-11-19,Bing,brand,12.1,11,44,1.45
2013-11-19,Bing,nonbrand,57.2,52,208,6.86
2013-11-19,Google,brand,39.15,29,145,4.7
2013-11-19,Google,nonbrand,353.7,262,1310,42.44
2013-11-19,direct,(direct),0.0,30,30,0.0
2013-11-20,Affiliate,(organic/referral),5.7,38,76,0.29
2013-11-20,Bing,brand,7.7,7,28,0.92
2013-11-20,Bing,nonbrand,58.3,53,212,7.0
2013-11-20,Google,brand,52.65,39,195,6.32
2013-11-20,Google,nonbrand,378.0,280,1400,45.36
2013-11-20,direct,(direct),0.0,35,35,0.0
2013-11-21,Affiliate,(organic/referral),6.3,42,84,0.32
2013-11-21,Bing,brand,6.6,6,24,0.79
2013-11-21,Bing,nonbrand,49.5,45,180,5.94
2013-11-21,Google,brand,31.05,23,115,3.73
2013-11-21,Google,nonbrand,371.25,275,1375,44.55
2013-11-21,direct,(direct),0.0,24,24,0.0
2013-11-22,Affiliate,(organic/referral),4.95,33,66,0.25
2013-11-22,Bing,brand,11.0,10,40,1.32
2013-11-22,Bing,nonbrand,40.7,37,148,4.88
2013-11-22,Google,brand,39.15,29,145,4.7
2013-11-22,Google,nonbrand,324.0,240,1200,38.88
2013-11-22,direct,(direct),0.0,34,34,0.0
2013-11-23,Affiliate,(organic/referral),1.5,10,20,0.08
2013-11-23,Bing,nonbrand,18.7,17,68,2.24
2013-11-23,Google,brand,9.45,7,35,1.13
2013-11-23,Google,nonbrand,187.65,139,695,22.52
2013-11-23,direct,(direct),0.0,16,16,0.0
2013-11-24,Affiliate,(organic/referral),2.55,17,34,0.13
2013-11-24,Bing,brand,2.2,2,8,0.26
2013-11-24,Bing,nonbrand,28.6,26,104,3.43
2013-11-24,Google,brand,21.6,16,80,2.59
2013-11-24,Google,nonbrand,209.25,155,775,25.11
2013-11-24,direct,(direct),0.0,22,22,0.0
2013-11-25,Affiliate,(organic/referral),4.65,31,62,0.23
2013-11-25,Bing,brand,11.0,10,40,1.32
2013-11-25,Bing,nonbrand,60.5,55,220,7.26
2013-11-25,Google,brand,20.25,15,75,2.43
2013-11-25,Google,nonbrand,372.6,276,1380,44.71
2013-11-25,direct,(direct),0.0,43,43,0.0
2013-11-26,Affiliate,(organic/referral),4.05,27,54,0.2
2013-11-26,Bing,brand,4.4,4,16,0.53
2013-11-26,Bing,nonbrand,59.4,54,216,7.13
2013-11-26,Google,brand,29.7,22,110,3.56
2013-11-26,Google,nonbrand,449.55,333,1665,53.95
2013-11-26,direct,(direct),0.0,33,33,0.0
2013-11-27,Affiliate,(organic/referral),5.85,39,78,0.29
2013-11-27,Bing,brand,8.8,8,32,1.06
2013-11-27,Bing,nonbrand,57.2,52,208,6.86
2013-11-27,Google,brand,39.15,29,145,4.7
2013-11-27,Google,nonbrand,477.9,354,1770,57.35
2013-11-27,direct,(direct),0.0,25,25,0.0
2013-11-28,Affiliate,(organic/referral),5.55,37,74,0.28
2013-11-28,Bing,brand,11.0,10,40,1.32
2013-11-28,Bing,nonbrand,59.4,54,216,7.13
2013-11-28,Google,brand,45.9,34,170,5.51
2013-11-28,Google,nonbrand,382.05,283,1415,45.85
2013-11-28,direct,(direct),0.0,34,34,0.0
2013-11-29,Affiliate,(organic/referral),21.9,146,292,1.1
2013-11-29,Bing,brand,31.9,29,116,3.83
2013-11-29,Bing,nonbrand,563.2,512,2048,67.58
2013-11-29,Google,brand,159.3,118,590,19.12
2013-11-29,Google,nonbrand,4070.25,3015,15075,488.43
2013-11-29,direct,(direct),0.0,143,143,0.0
2013-11-30,Affiliate,(organic/referral),2.25,15,30,0.11
2013-11-30,Bing,brand,1.1,1,4,0.13
2013-11-30,Bing,nonbrand,26.4,24,96,3.17
2013-11-30,Google,brand,18.9,14,70,2.27
2013-11-30,Google,nonbrand,183.6,136,680,22.03
2013-11-30,direct,(direct),0.0,18,18,0.0
2013-12-01,Affiliate,(organic/referral),3.45,23,46,0.17
2013-12-01,Bing,brand,5.5,5,20,0.66
2013-12-01,Bing,nonbrand,25.3,23,92,3.04
2013-12-01,Google,brand,16.2,12,60,1.94
2013-12-01,Google,nonbrand,172.8,128,640,20.74
2013-12-01,direct,(direct),0.0,17,17,0.0
2013-12-02,Affiliate,(organic/referral),20.85,139,278,1.04
2013-12-02,Bing,brand,31.9,29,116,3.83
2013-12-02,Bing,nonbrand,485.1,441,1764,58.21
2013-12-02,Google,brand,136.35,101,505,16.36
2013-12-02,Google,nonbrand,2994.3,2218,11090,359.32
2013-12-02,direct,(direct),0.0,129,129,0.0
2013-12-03,Affiliate,(organic/referral),5.25,35,70,0.26
2013-12-03,Bing,brand,2.2,2,8,0.26
2013-12-03,Bing,nonbrand,50.6,46,184,6.07
2013-12-03,Google,brand,40.5,30,150,4.86
2013-12-03,Google,nonbrand,272.7,202,1010,32.72
2013-12-03,direct,(direct),0.0,38,38,0.0
2013-12-04,Affiliate,(organic/referral),7.05,47,94,0.35
2013-12-04,Bing,brand,12.1,11,44,1.45
2013-12-04,Bing,nonbrand,66.0,60,240,7.92
2013-12-04,Google,brand,62.1,46,230,7.45
2013-12-04,Google,nonbrand,348.3,258,1290,41.8
2013-12-04,direct,(direct),0.0,39,39,0.0
2013-12-05,Affiliate,(organic/referral),6.3,42,84,0.32
2013-12-05,Bing,brand,9.9,9,36,1.19
2013-12-05,Bing,nonbrand,49.5,45,180,5.94
2013-12-05,Google,brand,45.9,34,170,5.51
2013-12-05,Google,nonbrand,294.3,218,1090,35.32
2013-12-05,direct,(direct),0.0,29,29,0.0
2013-12-06,Affiliate,(organic/referral),4.95,33,66,0.25
2013-12-06,Bing,brand,4.4,4,16,0.53
2013-12-06,Bing,nonbrand,53.9,49,196,6.47
2013-12-06,Google,brand,31.05,23,115,3.73
2013-12-06,Google,nonbrand,260.55,193,965,31.27
2013-12-06,direct,(direct),0.0,30,30,0.0
2013-12-07,Affiliate,(organic/referral),2.7,18,36,0.13
2013-12-07,Bing,nonbrand,15.4,14,56,1.85
2013-12-07,Google,brand,16.2,12,60,1.94
2013-12-07,Google,nonbrand,135.0,100,500,16.2
2013-12-07,direct,(direct),0.0,21,21,0.0
2013-12-08,Affiliate,(organic/referral),3.15,21,42,0.16
2013-12-08,Bing,brand,7.7,7,28,0.92
2013-12-08,Bing,nonbrand,28.6,26,104,3.43
2013-12-08,Google,brand,28.35,21,105,3.4
2013-12-08,Google,nonbrand,195.75,145,725,23.49
2013-12-08,direct,(direct),0.0,24,24,0.0
2013-12-09,Affiliate,(organic/referral),7.35,49,98,0.37
2013-12-09,Bing,brand,9.9,9,36,1.19
2013-12-09,Bing,nonbrand,70.4,64,256,8.45
2013-12-09,Google,brand,54.0,40,200,6.48
2013-12-09,Google,nonbrand,468.45,347,1735,56.21
2013-12-09,direct,(direct),0.0,50,50,0.0
2013-12-10,Affiliate,(organic/referral),6.15,41,82,0.31
2013-12-10,Bing,brand,11.0,10,40,1.32
2013-12-10,Bing,nonbrand,74.8,68,272,8.98
2013-12-10,Google,brand,54.0,40,200,6.48
2013-12-10,Google,nonbrand,438.75,325,1625,52.65
2013-12-10,direct,(direct),0.0,47,47,0.0
2013-12-11,Affiliate,(organic/referral),8.1,54,108,0.4
2013-12-11,Bing,brand,13.2,12,48,1.58
2013-12-11,Bing,nonbrand,70.4,64,256,8.45
2013-12-11,Google,brand,49.95,37,185,5.99
2013-12-11,Google,nonbrand,475.2,352,1760,57.02
2013-12-11,direct,(direct),0.0,51,51,0.0
2013-12-12,Affiliate,(organic/referral),7.5,50,100,0.38
2013-12-12,Bing,brand,4.4,4,16,0.53
2013-12-12,Bing,nonbrand,67.1,61,244,8.05
2013-12-12,Google,brand,52.65,39,195,6.32
2013-12-12,Google,nonbrand,486.0,360,1800,58.32
2013-12-12,direct,(direct),0.0,49,49,0.0
2013-12-13,Affiliate,(organic/referral),6.6,44,88,0.33
2013-12-13,Bing,brand,8.8,8,32,1.06
2013-12-13,Bing,nonbrand,61.6,56,224,7.39
2013-12-13,Google,brand,62.1,46,230,7.45
2013-12-13,Google,nonbrand,407.7,302,1510,48.92
2013-12-13,direct,(direct),0.0,34,34,0.0
2013-12-14,Affiliate,(organic/referral),3.0,20,40,0.15
2013-12-14,Bing,brand,4.4,4,16,0.53
2013-12-14,Bing,nonbrand,35.2,32,128,4.22
2013-12-14,Google,brand,24.3,18,90,2.92
2013-12-14,Google,nonbrand,229.5,170,850,27.54
2013-12-14,direct,(direct),0.0,24,24,0.0
2013-12-15,Affiliate,(organic/referral),4.05,27,54,0.2
2013-12-15,Bing,brand,6.6,6,24,0.79
2013-12-15,Bing,nonbrand,41.8,38,152,5.02
2013-12-15,Google,brand,22.95,17,85,2.75
2013-12-15,Google,nonbrand,238.95,177,885,28.67
2013-12-15,direct,(direct),0.0,24,24,0.0
2013-12-16,Affiliate,(organic/referral),8.1,54,108,0.4
2013-12-16,Bing,brand,6.6,6,24,0.79
2013-12-16,Bing,nonbrand,68.2,62,248,8.18
2013-12-16,Google,brand,36.45,27,135,4.37
2013-12-16,Google,nonbrand,521.1,386,1930,62.53
2013-12-16,direct,(direct),0.0,49,49,0.0
2013-12-17,Affiliate,(organic/referral),8.1,54,108,0.4
2013-12-17,Bing,brand,13.2,12,48,1.58
2013-12-17,Bing,nonbrand,88.0,80,320,10.56
2013-12-17,Google,brand,44.55,33,165,5.35
2013-12-17,Google,nonbrand,508.95,377,1885,61.07
2013-12-17,direct,(direct),0.0,31,31,0.0
2013-12-18,Affiliate,(organic/referral),7.5,50,100,0.38
2013-12-18,Bing,brand,6.6,6,24,0.79
2013-12-18,Bing,nonbrand,102.3,93,372,12.28
2013-12-18,Google,brand,55.35,41,205,6.64
2013-12-18,Google,nonbrand,575.1,426,2130,69.01
2013-12-18,direct,(direct),0.0,46,46,0.0
2013-12-19,Affiliate,(organic/referral),6.15,41,82,0.31
2013-12-19,Bing,brand,9.9,9,36,1.19
2013-12-19,Bing,nonbrand,91.3,83,332,10.96
2013-12-19,Google,brand,43.2,32,160,5.18
2013-12-19,Google,nonbrand,550.8,408,2040,66.1
2013-12-19,direct,(direct),0.0,55,55,0.0
2013-12-20,Affiliate,(organic/referral),7.5,50,100,0.38
2013-12-20,Bing,brand,12.1,11,44,1.45
2013-12-20,Bing,nonbrand,67.1,61,244,8.05
2013-12-20,Google,brand,41.85,31,155,5.02
2013-12-20,Google,nonbrand,495.45,367,1835,59.45
2013-12-20,direct,(direct),0.0,37,37,0.0
2013-12-21,Affiliate,(organic/referral),4.65,31,62,0.23
2013-12-21,Bing,brand,6.6,6,24,0.79
2013-12-21,Bing,nonbrand,41.8,38,152,5.02
2013-12-21,Google,brand,25.65,19,95,3.08
2013-12-21,Google,nonbrand,263.25,195,975,31.59
2013-12-21,direct,(direct),0.0,25,25,0.0
2013-12-22,Affiliate,(organic/referral),2.1,14,28,0.11
2013-12-22,Bing,brand,6.6,6,24,0.79
2013-12-22,Bing,nonbrand,31.9,29,116,3.83
2013-12-22,Google,brand,28.35,21,105,3.4
2013-12-22,Google,nonbrand,216.0,160,800,25.92
2013-12-22,direct,(direct),0.0,24,24,0.0
2013-12-23,Affiliate,(organic/referral),8.1,54,108,0.4
2013-12-23,Bing,brand,9.9,9,36,1.19
2013-12-23,Bing,nonbrand,51.7,47,188,6.2
2013-12-23,Google,brand,48.6,36,180,5.83
2013-12-23,Google,nonbrand,394.2,292,1460,47.3
2013-12-23,direct,(direct),0.0,57,57,0.0
2013-12-24,Affiliate,(organic/referral),6.9,46,92,0.34
2013-12-24,Bing,brand,4.4,4,16,0.53
2013-12-24,Bing,nonbrand,72.6,66,264,8.71
2013-12-24,Google,brand,51.3,38,190,6.16
2013-12-24,Google,nonbrand,387.45,287,1435,46.49
2013-12-24,direct,(direct),0.0,53,53,0.0
2013-12-25,Affiliate,(organic/referral),7.95,53,106,0.4
2013-12-25,Bing,brand,9.9,9,36,1.19
2013-12-25,Bing,nonbrand,46.2,42,168,5.54
2013-12-25,Google,brand,68.85,51,255,8.26
2013-12-25,Google,nonbrand,346.95,257,1285,41.63
2013-12-25,direct,(direct),0.0,62,62,0.0
2013-12-26,Affiliate,(organic/referral),6.0,40,80,0.3
2013-12-26,Bing,brand,8.8,8,32,1.06
2013-12-26,Bing,nonbrand,59.4,54,216,7.13
2013-12-26,Google,brand,63.45,47,235,7.61
2013-12-26,Google,nonbrand,407.7,302,1510,48.92
2013-12-26,direct,(direct),0.0,42,42,0.0
2013-12-27,Affiliate,(organic/referral),7.05,47,94,0.35
2013-12-27,Bing,brand,7.7,7,28,0.92
2013-12-27,Bing,nonbrand,71.5,65,260,8.58
2013-12-27,Google,brand,47.25,35,175,5.67
2013-12-27,Google,nonbrand,396.9,294,1470,47.63
2013-12-27,direct,(direct),0.0,33,33,0.0
2013-12-28,Affiliate,(organic/referral),3.6,24,48,0.18
2013-12-28,Bing,brand,4.4,4,16,0.53
2013-12-28,Bing,nonbrand,29.7,27,108,3.56
2013-12-28,Google,brand,27.0,20,100,3.24
2013-12-28,Google,nonbrand,170.1,126,630,20.41
2013-12-28,direct,(direct),0.0,12,12,0.0
2013-12-29,Affiliate,(organic/referral),3.0,20,40,0.15
2013-12-29,Bing,brand,8.8,8,32,1.06
2013-12-29,Bing,nonbrand,3.3,3,12,0.4
2013-12-29,Google,brand,29.7,22,110,3.56
2013-12-29,Google,nonbrand,151.2,112,560,18.14
2013-12-29,direct,(direct),0.0,19,19,0.0
2013-12-30,Affiliate,(organic/referral),7.05,47,94,0.35
2013-12-30,Bing,brand,7.7,7,28,0.92
2013-12-30,Bing,nonbrand,22.0,20,80,2.64
2013-12-30,Google,brand,44.55,33,165,5.35
2013-12-30,Google,nonbrand,361.8,268,1340,43.42
2013-12-30,direct,(direct),0.0,36,36,0.0
2013-12-31,Affiliate,(organic/referral),8.4,56,112,0.42
2013-12-31,Bing,brand,12.1,11,44,1.45
2013-12-31,Bing,nonbrand,23.1,21,84,2.77
2013-12-31,Google,brand,48.6,36,180,5.83
2013-12-31,Google,nonbrand,364.5,270,1350,43.74
2013-12-31,direct,(direct),0.0,43,43,0.0
2014-01-01,Affiliate,(organic/referral),8.25,55,110,0.41
2014-01-01,Bing,brand,13.2,12,48,1.58
2014-01-01,Bing,nonbrand,45.1,41,164,5.41
2014-01-01,Google,brand,63.45,47,235,7.61
2014-01-01,Google,nonbrand,398.25,295,1475,47.79
2014-01-01,direct,(direct),0.0,46,46,0.0
2014-01-02,Affiliate,(organic/referral),8.1,54,108,0.4
2014-01-02,Bing,brand,11.0,10,40,1.32
2014-01-02,Bing,nonbrand,62.7,57,228,7.52
2014-01-02,Google,brand,44.55,33,165,5.35
2014-01-02,Google,nonbrand,364.5,270,1350,43.74
2014-01-02,direct,(direct),0.0,37,37,0.0
2014-01-03,Affiliate,(organic/referral),6.6,44,88,0.33
2014-01-03,Bing,brand,7.7,7,28,0.92
2014-01-03,Bing,nonbrand,44.0,40,160,5.28
2014-01-03,Google,brand,47.25,35,175,5.67
2014-01-03,Google,nonbrand,361.8,268,1340,43.42
2014-01-03,direct,(direct),0.0,29,29,0.0
2014-01-04,Affiliate,(organic/referral),3.3,22,44,0.16
2014-01-04,Bing,brand,2.2,2,8,0.26
2014-01-04,Bing,nonbrand,58.3,53,212,7.0
2014-01-04,Google,brand,21.6,16,80,2.59
2014-01-04,Google,nonbrand,157.95,117,585,18.95
2014-01-04,direct,(direct),0.0,20,20,0.0
2014-01-05,Affiliate,(organic/referral),3.0,20,40,0.15
2014-01-05,Bing,nonbrand,89.1,81,324,10.69
2014-01-05,Google,brand,24.3,18,90,2.92
2014-01-05,Google,nonbrand,199.8,148,740,23.98
2014-01-05,direct,(direct),0.0,23,23,0.0
2014-01-06,Affiliate,(organic/referral),5.1,34,68,0.26
2014-01-06,Bing,brand,7.7,7,28,0.92
2014-01-06,Bing,nonbrand,107.8,98,392,12.94
2014-01-06,Google,brand,49.95,37,185,5.99
2014-01-06,Google,nonbrand,363.15,269,1345,43.58
2014-01-06,direct,(direct),0.0,39,39,0.0
2014-01-07,Affiliate,(organic/referral),6.75,45,90,0.34
2014-01-07,Bing,brand,6.6,6,24,0.79
2014-01-07,Bing,nonbrand,74.8,68,272,8.98
2014-01-07,Google,brand,39.15,29,145,4.7
2014-01-07,Google,nonbrand,353.7,262,1310,42.44
2014-01-07,direct,(direct),0.0,42,42,0.0
2014-01-08,Affiliate,(organic/referral),6.9,46,92,0.34
2014-01-08,Bing,brand,15.4,14,56,1.85
2014-01-08,Bing,nonbrand,64.9,59,236,7.79
2014-01-08,Google,brand,39.15,29,145,4.7
2014-01-08,Google,nonbrand,409.05,303,1515,49.09
2014-01-08,direct,(direct),0.0,54,54,0.0
2014-01-09,Affiliate,(organic/referral),6.0,40,80,0.3
2014-01-09,Bing,brand,9.9,9,36,1.19
2014-01-09,Bing,nonbrand,64.9,59,236,7.79
2014-01-09,Google,brand,55.35,41,205,6.64
2014-01-09,Google,nonbrand,348.3,258,1290,41.8
2014-01-09,direct,(direct),0.0,53,53,0.0
2014-01-10,Affiliate,(organic/referral),6.9,46,92,0.34
2014-01-10,Bing,brand,9.9,9,36,1.19
2014-01-10,Bing,nonbrand,59.4,54,216,7.13
2014-01-10,Google,brand,33.75,25,125,4.05
2014-01-10,Google,nonbrand,369.9,274,1370,44.39
2014-01-10,direct,(direct),0.0,60,60,0.0
2014-01-11,Affiliate,(organic/referral),3.9,26,52,0.2
2014-01-11,Bing,brand,5.5,5,20,0.66
2014-01-11,Bing,nonbrand,35.2,32,128,4.22
2014-01-11,Google,brand,20.25,15,75,2.43
2014-01-11,Google,nonbrand,186.3,138,690,22.36
2014-01-11,direct,(direct),0.0,20,20,0.0
2014-01-12,Affiliate,(organic/referral),3.15,21,42,0.16
2014-01-12,Bing,brand,8.8,8,32,1.06
2014-01-12,Bing,nonbrand,35.2,32,128,4.22
2014-01-12,Google,brand,29.7,22,110,3.56
2014-01-12,Google,nonbrand,156.6,116,580,18.79
2014-01-12,Meta,pilot,41.8,44,264,5.02
2014-01-12,direct,(direct),0.0,29,29,0.0
2014-01-13,Affiliate,(organic/referral),9.75,65,130,0.49
2014-01-13,Bing,brand,13.2,12,48,1.58
2014-01-13,Bing,nonbrand,56.1,51,204,6.73
2014-01-13,Google,brand,55.35,41,205,6.64
2014-01-13,Google,nonbrand,352.35,261,1305,42.28
2014-01-13,Meta,pilot,88.35,93,558,10.6
2014-01-13,direct,(direct),0.0,41,41,0.0
2014-01-14,Affiliate,(organic/referral),6.6,44,88,0.33
2014-01-14,Bing,brand,13.2,12,48,1.58
2014-01-14,Bing,nonbrand,39.6,36,144,4.75
2014-01-14,Google,brand,43.2,32,160,5.18
2014-01-14,Google,nonbrand,383.4,284,1420,46.01
2014-01-14,Meta,pilot,96.9,102,612,11.63
2014-01-14,direct,(direct),0.0,38,38,0.0
2014-01-15,Affiliate,(organic/referral),7.95,53,106,0.4
2014-01-15,Bing,brand,13.2,12,48,1.58
2014-01-15,Bing,nonbrand,61.6,56,224,7.39
2014-01-15,Google,brand,64.8,48,240,7.78
2014-01-15,Google,nonbrand,369.9,274,1370,44.39
2014-01-15,Meta,pilot,95.95,101,606,11.51
2014-01-15,direct,(direct),0.0,53,53,0.0
2014-01-16,Affiliate,(organic/referral),6.15,41,82,0.31
2014-01-16,Bing,brand,8.8,8,32,1.06
2014-01-16,Bing,nonbrand,63.8,58,232,7.66
2014-01-16,Google,brand,63.45,47,235,7.61
2014-01-16,Google,nonbrand,369.9,274,1370,44.39
2014-01-16,Meta,pilot,85.5,90,540,10.26
2014-01-16,direct,(direct),0.0,55,55,0.0
2014-01-17,Affiliate,(organic/referral),7.8,52,104,0.39
2014-01-17,Bing,brand,7.7,7,28,0.92
2014-01-17,Bing,nonbrand,60.5,55,220,7.26
2014-01-17,Google,brand,43.2,32,160,5.18
2014-01-17,Google,nonbrand,361.8,268,1340,43.42
2014-01-17,Meta,pilot,78.85,83,498,9.46
2014-01-17,direct,(direct),0.0,52,52,0.0
2014-01-18,Affiliate,(organic/referral),4.5,30,60,0.22
2014-01-18,Bing,brand,6.6,6,24,0.79
2014-01-18,Bing,nonbrand,31.9,29,116,3.83
2014-01-18,Google,brand,28.35,21,105,3.4
2014-01-18,Google,nonbrand,183.6,136,680,22.03
2014-01-18,Meta,pilot,40.85,43,258,4.9
2014-01-18,direct,(direct),0.0,24,24,0.0
2014-01-19,Affiliate,(organic/referral),3.9,26,52,0.2
2014-01-19,Bing,brand,2.2,2,8,0.26
2014-01-19,Bing,nonbrand,25.3,23,92,3.04
2014-01-19,Google,brand,24.3,18,90,2.92
2014-01-19,Google,nonbrand,184.95,137,685,22.19
2014-01-19,Meta,pilot,50.35,53,318,6.04
2014-01-19,direct,(direct),0.0,33,33,0.0
2014-01-20,Affiliate,(organic/referral),9.0,60,120,0.45
2014-01-20,Bing,brand,7.7,7,28,0.92
2014-01-20,Bing,nonbrand,49.5,45,180,5.94
2014-01-20,Google,brand,59.4,44,220,7.13
2014-01-20,Google,nonbrand,363.15,269,1345,43.58
2014-01-20,Meta,pilot,75.05,79,474,9.01
2014-01-20,direct,(direct),0.0,42,42,0.0
2014-01-21,Affiliate,(organic/referral),7.95,53,106,0.4
2014-01-21,Bing,brand,13.2,12,48,1.58
2014-01-21,Bing,nonbrand,55.0,50,200,6.6
2014-01-21,Google,brand,67.5,50,250,8.1
2014-01-21,Google,nonbrand,357.75,265,1325,42.93
2014-01-21,Meta,pilot,84.55,89,534,10.15
2014-01-21,direct,(direct),0.0,49,49,0.0
2014-01-22,Affiliate,(organic/referral),8.4,56,112,0.42
2014-01-22,Bing,brand,14.3,13,52,1.72
2014-01-22,Bing,nonbrand,61.6,56,224,7.39
2014-01-22,Google,brand,62.1,46,230,7.45
2014-01-22,Google,nonbrand,396.9,294,1470,47.63
2014-01-22,Meta,pilot,84.55,89,534,10.15
2014-01-22,direct,(direct),0.0,48,48,0.0
2014-01-23,Affiliate,(organic/referral),7.95,53,106,0.4
2014-01-23,Bing,brand,11.0,10,40,1.32
2014-01-23,Bing,nonbrand,61.6,56,224,7.39
2014-01-23,Google,brand,56.7,42,210,6.8
2014-01-23,Google,nonbrand,338.85,251,1255,40.66
2014-01-23,Meta,pilot,95.95,101,606,11.51
2014-01-23,direct,(direct),0.0,52,52,0.0
2014-01-24,Affiliate,(organic/referral),8.85,59,118,0.44
2014-01-24,Bing,brand,9.9,9,36,1.19
2014-01-24,Bing,nonbrand,49.5,45,180,5.94
2014-01-24,Google,brand,55.35,41,205,6.64
2014-01-24,Google,nonbrand,338.85,251,1255,40.66
2014-01-24,Meta,pilot,82.65,87,522,9.92
2014-01-24,direct,(direct),0.0,50,50,0.0
2014-01-25,Affiliate,(organic/referral),4.2,28,56,0.21
2014-01-25,Bing,brand,6.6,6,24,0.79
2014-01-25,Bing,nonbrand,25.3,23,92,3.04
2014-01-25,Google,brand,35.1,26,130,4.21
2014-01-25,Google,nonbrand,168.75,125,625,20.25
2014-01-25,Meta,pilot,35.15,37,222,4.22
2014-01-25,direct,(direct),0.0,17,17,0.0
2014-01-26,Affiliate,(organic/referral),4.5,30,60,0.22
2014-01-26,Bing,brand,4.4,4,16,0.53
2014-01-26,Bing,nonbrand,31.9,29,116,3.83
2014-01-26,Google,brand,22.95,17,85,2.75
2014-01-26,Google,nonbrand,187.65,139,695,22.52
2014-01-26,Meta,pilot,53.2,56,336,6.38
2014-01-26,direct,(direct),0.0,33,33,0.0
2014-01-27,Affiliate,(organic/referral),8.85,59,118,0.44
2014-01-27,Bing,brand,15.4,14,56,1.85
2014-01-27,Bing,nonbrand,66.0,60,240,7.92
2014-01-27,Google,brand,70.2,52,260,8.42
2014-01-27,Google,nonbrand,387.45,287,1435,46.49
2014-01-27,Meta,pilot,91.2,96,576,10.94
2014-01-27,direct,(direct),0.0,52,52,0.0
2014-01-28,Affiliate,(organic/referral),8.7,58,116,0.44
2014-01-28,Bing,brand,11.0,10,40,1.32
2014-01-28,Bing,nonbrand,78.1,71,284,9.37
2014-01-28,Google,brand,64.8,48,240,7.78
2014-01-28,Google,nonbrand,423.9,314,1570,50.87
2014-01-28,Meta,pilot,91.2,96,576,10.94
2014-01-28,direct,(direct),0.0,48,48,0.0
2014-01-29,Affiliate,(organic/referral),10.2,68,136,0.51
2014-01-29,Bing,brand,14.3,13,52,1.72
2014-01-29,Bing,nonbrand,82.5,75,300,9.9
2014-01-29,Google,brand,62.1,46,230,7.45
2014-01-29,Google,nonbrand,441.45,327,1635,52.97
2014-01-29,Meta,pilot,92.15,97,582,11.06
2014-01-29,direct,(direct),0.0,69,69,0.0
2014-01-30,Affiliate,(organic/referral),7.2,48,96,0.36
2014-01-30,Bing,brand,6.6,6,24,0.79
2014-01-30,Bing,nonbrand,66.0,60,240,7.92
2014-01-30,Google,brand,72.9,54,270,8.75
2014-01-30,Google,nonbrand,445.5,330,1650,53.46
2014-01-30,Meta,pilot,85.5,90,540,10.26
2014-01-30,direct,(direct),0.0,70,70,0.0
2014-01-31,Affiliate,(organic/referral),10.2,68,136,0.51
2014-01-31,Bing,brand,11.0,10,40,1.32
2014-01-31,Bing,nonbrand,68.2,62,248,8.18
2014-01-31,Google,brand,74.25,55,275,8.91
2014-01-31,Google,nonbrand,399.6,296,1480,47.95
2014-01-31,Meta,pilot,87.4,92,552,10.49
2014-01-31,direct,(direct),0.0,42,42,0.0
2014-02-01,Affiliate,(organic/referral),4.5,30,60,0.22
2014-02-01,Bing,brand,4.4,4,16,0.53
2014-02-01,Bing,nonbrand,39.6,36,144,4.75
2014-02-01,Google,brand,27.0,20,100,3.24
2014-02-01,Google,nonbrand,178.2,132,660,21.38
2014-02-01,Meta,pilot,38.95,41,246,4.67
2014-02-01,direct,(direct),0.0,25,25,0.0
2014-02-02,Affiliate,(organic/referral),2.85,19,38,0.14
2014-02-02,Bing,brand,3.3,3,12,0.4
2014-02-02,Bing,nonbrand,29.7,27,108,3.56
2014-02-02,Google,brand,29.7,22,110,3.56
2014-02-02,Google,nonbrand,194.4,144,720,23.33
2014-02-02,Meta,pilot,39.9,42,252,4.79
2014-02-02,direct,(direct),0.0,27,27,0.0
2014-02-03,Affiliate,(organic/referral),9.0,60,120,0.45
2014-02-03,Bing,brand,11.0,10,40,1.32
2014-02-03,Bing,nonbrand,56.1,51,204,6.73
2014-02-03,Google,brand,60.75,45,225,7.29
2014-02-03,Google,nonbrand,379.35,281,1405,45.52
2014-02-03,Meta,pilot,97.85,103,618,11.74
2014-02-03,direct,(direct),0.0,46,46,0.0
2014-02-04,Affiliate,(organic/referral),11.25,75,150,0.56
2014-02-04,Bing,brand,7.7,7,28,0.92
2014-02-04,Bing,nonbrand,72.6,66,264,8.71
2014-02-04,Google,brand,63.45,47,235,7.61
2014-02-04,Google,nonbrand,405.0,300,1500,48.6
2014-02-04,Meta,pilot,91.2,96,576,10.94
2014-02-04,direct,(direct),0.0,63,63,0.0
2014-02-05,Affiliate,(organic/referral),8.1,54,108,0.4
2014-02-05,Bing,brand,11.0,10,40,1.32
2014-02-05,Bing,nonbrand,71.5,65,260,8.58
2014-02-05,Google,brand,59.4,44,220,7.13
2014-02-05,Google,nonbrand,457.65,339,1695,54.92
2014-02-05,Meta,pilot,91.2,96,576,10.94
2014-02-05,direct,(direct),0.0,62,62,0.0
2014-02-06,Affiliate,(organic/referral),9.0,60,120,0.45
2014-02-06,Bing,brand,7.7,7,28,0.92
2014-02-06,Bing,nonbrand,68.2,62,248,8.18
2014-02-06,Google,brand,52.65,39,195,6.32
2014-02-06,Google,nonbrand,444.15,329,1645,53.3
2014-02-06,Meta,pilot,106.4,112,672,12.77
2014-02-06,direct,(direct),0.0,36,36,0.0
2014-02-07,Affiliate,(organic/referral),8.85,59,118,0.44
2014-02-07,Bing,brand,9.9,9,36,1.19
2014-02-07,Bing,nonbrand,51.7,47,188,6.2
2014-02-07,Google,brand,54.0,40,200,6.48
2014-02-07,Google,nonbrand,371.25,275,1375,44.55
2014-02-07,Meta,pilot,90.25,95,570,10.83
2014-02-07,direct,(direct),0.0,43,43,0.0
2014-02-08,Affiliate,(organic/referral),5.1,34,68,0.26
2014-02-08,Bing,brand,7.7,7,28,0.92
2014-02-08,Bing,nonbrand,26.4,24,96,3.17
2014-02-08,Google,brand,35.1,26,130,4.21
2014-02-08,Google,nonbrand,182.25,135,675,21.87
2014-02-08,Meta,pilot,56.05,59,354,6.73
2014-02-08,direct,(direct),0.0,29,29,0.0
2014-02-09,Affiliate,(organic/referral),3.9,26,52,0.2
2014-02-09,Bing,brand,7.7,7,28,0.92
2014-02-09,Bing,nonbrand,48.4,44,176,5.81
2014-02-09,Google,brand,27.0,20,100,3.24
2014-02-09,Google,nonbrand,284.85,211,1055,34.18
2014-02-09,Meta,pilot,41.8,44,264,5.02
2014-02-09,direct,(direct),0.0,22,22,0.0
2014-02-10,Affiliate,(organic/referral),11.85,79,158,0.59
2014-02-10,Bing,brand,24.2,22,88,2.9
2014-02-10,Bing,nonbrand,97.9,89,356,11.75
2014-02-10,Google,brand,78.3,58,290,9.4
2014-02-10,Google,nonbrand,575.1,426,2130,69.01
2014-02-10,Meta,pilot,95.0,100,600,11.4
2014-02-10,direct,(direct),0.0,61,61,0.0
2014-02-11,Affiliate,(organic/referral),9.15,61,122,0.46
2014-02-11,Bing,brand,15.4,14,56,1.85
2014-02-11,Bing,nonbrand,97.9,89,356,11.75
2014-02-11,Google,brand,91.8,68,340,11.02
2014-02-11,Google,nonbrand,560.25,415,2075,67.23
2014-02-11,Meta,pilot,94.05,99,594,11.29
2014-02-11,direct,(direct),0.0,52,52,0.0
2014-02-12,Affiliate,(organic/referral),12.15,81,162,0.61
2014-02-12,Bing,brand,13.2,12,48,1.58
2014-02-12,Bing,nonbrand,119.9,109,436,14.39
2014-02-12,Google,brand,62.1,46,230,7.45
2014-02-12,Google,nonbrand,621.0,460,2300,74.52
2014-02-12,Meta,pilot,94.05,99,594,11.29
2014-02-12,direct,(direct),0.0,61,61,0.0
2014-02-13,Affiliate,(organic/referral),9.75,65,130,0.49
2014-02-13,Bing,brand,16.5,15,60,1.98
2014-02-13,Bing,nonbrand,93.5,85,340,11.22
2014-02-13,Google,brand,70.2,52,260,8.42
2014-02-13,Google,nonbrand,589.95,437,2185,70.79
2014-02-13,Meta,pilot,107.35,113,678,12.88
2014-02-13,direct,(direct),0.0,61,61,0.0
2014-02-14,Affiliate,(organic/referral),9.9,66,132,0.5
2014-02-14,Bing,brand,12.1,11,44,1.45
2014-02-14,Bing,nonbrand,91.3,83,332,10.96
2014-02-14,Google,brand,58.05,43,215,6.97
2014-02-14,Google,nonbrand,514.35,381,1905,61.72
2014-02-14,Meta,pilot,76.95,81,486,9.23
2014-02-14,direct,(direct),0.0,57,57,0.0
2014-02-15,Affiliate,(organic/referral),2.55,17,34,0.13
2014-02-15,Bing,brand,4.4,4,16,0.53
2014-02-15,Bing,nonbrand,57.2,52,208,6.86
2014-02-15,Google,brand,27.0,20,100,3.24
2014-02-15,Google,nonbrand,306.45,227,1135,36.77
2014-02-15,Meta,pilot,33.25,35,210,3.99
2014-02-15,direct,(direct),0.0,27,27,0.0
2014-02-16,Affiliate,(organic/referral),4.05,27,54,0.2
2014-02-16,Bing,brand,4.4,4,16,0.53
2014-02-16,Bing,nonbrand,30.8,28,112,3.7
2014-02-16,Google,brand,25.65,19,95,3.08
2014-02-16,Google,nonbrand,207.9,154,770,24.95
2014-02-16,Meta,pilot,37.05,39,234,4.45
2014-02-16,direct,(direct),0.0,20,20,0.0
2014-02-17,Affiliate,(organic/referral),9.15,61,122,0.46
2014-02-17,Bing,brand,5.5,5,20,0.66
2014-02-17,Bing,nonbrand,60.5,55,220,7.26
2014-02-17,Google,brand,49.95,37,185,5.99
2014-02-17,Google,nonbrand,419.85,311,1555,50.38
2014-02-17,Meta,pilot,84.55,89,534,10.15
2014-02-17,direct,(direct),0.0,62,62,0.0
2014-02-18,Affiliate,(organic/referral),9.3,62,124,0.46
2014-02-18,Bing,brand,9.9,9,36,1.19
2014-02-18,Bing,nonbrand,63.8,58,232,7.66
2014-02-18,Google,brand,67.5,50,250,8.1
2014-02-18,Google,nonbrand,433.35,321,1605,52.0
2014-02-18,Meta,pilot,81.7,86,516,9.8
2014-02-18,direct,(direct),0.0,57,57,0.0
2014-02-19,Affiliate,(organic/referral),8.85,59,118,0.44
2014-02-19,Bing,brand,19.8,18,72,2.38
2014-02-19,Bing,nonbrand,72.6,66,264,8.71
2014-02-19,Google,brand,59.4,44,220,7.13
2014-02-19,Google,nonbrand,503.55,373,1865,60.43
2014-02-19,Meta,pilot,111.15,117,702,13.34
2014-02-19,direct,(direct),0.0,53,53,0.0
2014-02-20,Affiliate,(organic/referral),9.0,60,120,0.45
2014-02-20,Bing,brand,17.6,16,64,2.11
2014-02-20,Bing,nonbrand,67.1,61,244,8.05
2014-02-20,Google,brand,62.1,46,230,7.45
2014-02-20,Google,nonbrand,436.05,323,1615,52.33
2014-02-20,Meta,pilot,89.3,94,564,10.72
2014-02-20,direct,(direct),0.0,56,56,0.0
2014-02-21,Affiliate,(organic/referral),9.45,63,126,0.47
2014-02-21,Bing,brand,14.3,13,52,1.72
2014-02-21,Bing,nonbrand,45.1,41,164,5.41
2014-02-21,Google,brand,63.45,47,235,7.61
2014-02-21,Google,nonbrand,448.2,332,1660,53.78
2014-02-21,Meta,pilot,79.8,84,504,9.58
2014-02-21,direct,(direct),0.0,54,54,0.0
2014-02-22,Affiliate,(organic/referral),5.55,37,74,0.28
2014-02-22,Bing,brand,4.4,4,16,0.53
2014-02-22,Bing,nonbrand,25.3,23,92,3.04
2014-02-22,Google,brand,25.65,19,95,3.08
2014-02-22,Google,nonbrand,195.75,145,725,23.49
2014-02-22,Meta,pilot,33.25,35,210,3.99
2014-02-22,direct,(direct),0.0,21,21,0.0
2014-02-23,Affiliate,(organic/referral),5.1,34,68,0.26
2014-02-23,Bing,brand,4.4,4,16,0.53
2014-02-23,Bing,nonbrand,30.8,28,112,3.7
2014-02-23,Google,brand,35.1,26,130,4.21
2014-02-23,Google,nonbrand,216.0,160,800,25.92
2014-02-23,Meta,pilot,37.05,39,234,4.45
2014-02-23,direct,(direct),0.0,33,33,0.0
2014-02-24,Affiliate,(organic/referral),9.9,66,132,0.5
2014-02-24,Bing,brand,5.5,5,20,0.66
2014-02-24,Bing,nonbrand,84.7,77,308,10.16
2014-02-24,Google,brand,51.3,38,190,6.16
2014-02-24,Google,nonbrand,430.65,319,1595,51.68
2014-02-24,Meta,pilot,84.55,89,534,10.15
2014-02-24,direct,(direct),0.0,57,57,0.0
2014-02-25,Affiliate,(organic/referral),10.95,73,146,0.55
2014-02-25,Bing,brand,9.9,9,36,1.19
2014-02-25,Bing,nonbrand,84.7,77,308,10.16
2014-02-25,Google,brand,58.05,43,215,6.97
2014-02-25,Google,nonbrand,403.65,299,1495,48.44
2014-02-25,Meta,pilot,91.2,96,576,10.94
2014-02-25,direct,(direct),0.0,60,60,0.0
2014-02-26,Affiliate,(organic/referral),10.05,67,134,0.5
2014-02-26,Bing,brand,13.2,12,48,1.58
2014-02-26,Bing,nonbrand,70.4,64,256,8.45
2014-02-26,Google,brand,48.6,36,180,5.83
2014-02-26,Google,nonbrand,483.3,358,1790,58.0
2014-02-26,Meta,pilot,83.6,88,528,10.03
2014-02-26,direct,(direct),0.0,61,61,0.0
2014-02-27,Affiliate,(organic/referral),9.75,65,130,0.49
2014-02-27,Bing,brand,18.7,17,68,2.24
2014-02-27,Bing,nonbrand,77.0,70,280,9.24
2014-02-27,Google,brand,72.9,54,270,8.75
2014-02-27,Google,nonbrand,464.4,344,1720,55.73
2014-02-27,Meta,pilot,79.8,84,504,9.58
2014-02-27,direct,(direct),0.0,51,51,0.0
2014-02-28,Affiliate,(organic/referral),6.9,46,92,0.34
2014-02-28,Bing,brand,13.2,12,48,1.58
2014-02-28,Bing,nonbrand,75.9,69,276,9.11
2014-02-28,Google,brand,55.35,41,205,6.64
2014-02-28,Google,nonbrand,394.2,292,1460,47.3
2014-02-28,Meta,pilot,77.9,82,492,9.35
2014-02-28,direct,(direct),0.0,56,56,0.0
2014-03-01,Affiliate,(organic/referral),3.15,21,42,0.16
2014-03-01,Bing,brand,5.5,5,20,0.66
2014-03-01,Bing,nonbrand,23.1,21,84,2.77
2014-03-01,Google,brand,36.45,27,135,4.37
2014-03-01,Google,nonbrand,214.65,159,795,25.76
2014-03-01,Meta,pilot,38.95,41,246,4.67
2014-03-01,direct,(direct),0.0,22,22,0.0
2014-03-02,Affiliate,(organic/referral),5.25,35,70,0.26
2014-03-02,Bing,brand,7.7,7,28,0.92
2014-03-02,Bing,nonbrand,37.4,34,136,4.49
2014-03-02,Google,brand,36.45,27,135,4.37
2014-03-02,Google,nonbrand,203.85,151,755,24.46
2014-03-02,Meta,pilot,48.45,51,306,5.81
2014-03-02,direct,(direct),0.0,27,27,0.0
2014-03-03,Affiliate,(organic/referral),7.65,51,102,0.38
2014-03-03,Bing,brand,13.2,12,48,1.58
2014-03-03,Bing,nonbrand,60.5,55,220,7.26
2014-03-03,Google,brand,44.55,33,165,5.35
2014-03-03,Google,nonbrand,371.25,275,1375,44.55
2014-03-03,Meta,pilot,88.35,93,558,10.6
2014-03-03,direct,(direct),0.0,51,51,0.0
2014-03-04,Affiliate,(organic/referral),8.4,56,112,0.42
2014-03-04,Bing,brand,12.1,11,44,1.45
2014-03-04,Bing,nonbrand,60.5,55,220,7.26
2014-03-04,Google,brand,62.1,46,230,7.45
2014-03-04,Google,nonbrand,464.4,344,1720,55.73
2014-03-04,Meta,pilot,96.9,102,612,11.63
2014-03-04,direct,(direct),0.0,62,62,0.0
2014-03-05,Affiliate,(organic/referral),10.65,71,142,0.53
2014-03-05,Bing,brand,11.0,10,40,1.32
2014-03-05,Bing,nonbrand,63.8,58,232,7.66
2014-03-05,Google,brand,76.95,57,285,9.23
2014-03-05,Google,nonbrand,468.45,347,1735,56.21
2014-03-05,Meta,pilot,104.5,110,660,12.54
2014-03-05,direct,(direct),0.0,72,72,0.0
2014-03-06,Affiliate,(organic/referral),11.25,75,150,0.56
2014-03-06,Bing,brand,9.9,9,36,1.19
2014-03-06,Bing,nonbrand,59.4,54,216,7.13
2014-03-06,Google,brand,62.1,46,230,7.45
2014-03-06,Google,nonbrand,441.45,327,1635,52.97
2014-03-06,Meta,pilot,95.0,100,600,11.4
2014-03-06,direct,(direct),0.0,58,58,0.0
2014-03-07,Affiliate,(organic/referral),8.1,54,108,0.4
2014-03-07,Bing,brand,8.8,8,32,1.06
2014-03-07,Bing,nonbrand,62.7,57,228,7.52
2014-03-07,Google,brand,56.7,42,210,6.8
2014-03-07,Google,nonbrand,355.05,263,1315,42.61
2014-03-07,Meta,pilot,104.5,110,660,12.54
2014-03-07,direct,(direct),0.0,48,48,0.0
2014-03-08,Affiliate,(organic/referral),4.8,32,64,0.24
2014-03-08,Bing,brand,5.5,5,20,0.66
2014-03-08,Bing,nonbrand,24.2,22,88,2.9
2014-03-08,Google,brand,28.35,21,105,3.4
2014-03-08,Google,nonbrand,213.3,158,790,25.6
2014-03-08,Meta,pilot,44.65,47,282,5.36
2014-03-08,direct,(direct),0.0,30,30,0.0
2014-03-09,Affiliate,(organic/referral),3.0,20,40,0.15
2014-03-09,Bing,brand,6.6,6,24,0.79
2014-03-09,Bing,nonbrand,34.1,31,124,4.09
2014-03-09,Google,brand,33.75,25,125,4.05
2014-03-09,Google,nonbrand,206.55,153,765,24.79
2014-03-09,Meta,pilot,41.8,44,264,5.02
2014-03-09,direct,(direct),0.0,22,22,0.0
2014-03-10,Affiliate,(organic/referral),8.25,55,110,0.41
2014-03-10,Bing,brand,11.0,10,40,1.32
2014-03-10,Bing,nonbrand,57.2,52,208,6.86
2014-03-10,Google,brand,74.25,55,275,8.91
2014-03-10,Google,nonbrand,434.7,322,1610,52.16
2014-03-10,Meta,pilot,84.55,89,534,10.15
2014-03-10,direct,(direct),0.0,51,51,0.0
2014-03-11,Affiliate,(organic/referral),9.0,60,120,0.45
2014-03-11,Bing,brand,17.6,16,64,2.11
2014-03-11,Bing,nonbrand,58.3,53,212,7.0
2014-03-11,Google,brand,71.55,53,265,8.59
2014-03-11,Google,nonbrand,426.6,316,1580,51.19
2014-03-11,Meta,pilot,85.5,90,540,10.26
2014-03-11,direct,(direct),0.0,53,53,0.0
2014-03-12,Affiliate,(organic/referral),11.55,77,154,0.58
2014-03-12,Bing,brand,20.9,19,76,2.51
2014-03-12,Bing,nonbrand,68.2,62,248,8.18
2014-03-12,Google,brand,66.15,49,245,7.94
2014-03-12,Google,nonbrand,461.7,342,1710,55.4
2014-03-12,Meta,pilot,111.15,117,702,13.34
2014-03-12,direct,(direct),0.0,74,74,0.0
2014-03-13,Affiliate,(organic/referral),9.15,61,122,0.46
2014-03-13,Bing,brand,11.0,10,40,1.32
2014-03-13,Bing,nonbrand,69.3,63,252,8.32
2014-03-13,Google,brand,59.4,44,220,7.13
2014-03-13,Google,nonbrand,452.25,335,1675,54.27
2014-03-13,Meta,pilot,98.8,104,624,11.86
2014-03-13,direct,(direct),0.0,67,67,0.0
2014-03-14,Affiliate,(organic/referral),7.65,51,102,0.38
2014-03-14,Bing,brand,9.9,9,36,1.19
2014-03-14,Bing,nonbrand,61.6,56,224,7.39
2014-03-14,Google,brand,59.4,44,220,7.13
2014-03-14,Google,nonbrand,387.45,287,1435,46.49
2014-03-14,Meta,pilot,91.2,96,576,10.94
2014-03-14,direct,(direct),0.0,65,65,0.0
2014-03-15,Affiliate,(organic/referral),4.65,31,62,0.23
2014-03-15,Bing,brand,9.9,9,36,1.19
2014-03-15,Bing,nonbrand,34.1,31,124,4.09
2014-03-15,Google,brand,37.8,28,140,4.54
2014-03-15,Google,nonbrand,225.45,167,835,27.05
2014-03-15,Meta,pilot,43.7,46,276,5.24
2014-03-15,direct,(direct),0.0,27,27,0.0
2014-03-16,Affiliate,(organic/referral),4.8,32,64,0.24
2014-03-16,Bing,brand,4.4,4,16,0.53
2014-03-16,Bing,nonbrand,36.3,33,132,4.36
2014-03-16,Google,brand,32.4,24,120,3.89
2014-03-16,Google,nonbrand,214.65,159,795,25.76
2014-03-16,direct,(direct),0.0,27,27,0.0
2014-03-17,Affiliate,(organic/referral),8.25,55,110,0.41
2014-03-17,Bing,brand,9.9,9,36,1.19
2014-03-17,Bing,nonbrand,86.9,79,316,10.43
2014-03-17,Google,brand,71.55,53,265,8.59
2014-03-17,Google,nonbrand,415.8,308,1540,49.9
2014-03-17,direct,(direct),0.0,39,39,0.0
2014-03-18,Affiliate,(organic/referral),8.25,55,110,0.41
2014-03-18,Bing,brand,14.3,13,52,1.72
2014-03-18,Bing,nonbrand,63.8,58,232,7.66
2014-03-18,Google,brand,67.5,50,250,8.1
2014-03-18,Google,nonbrand,481.95,357,1785,57.83
2014-03-18,direct,(direct),0.0,49,49,0.0
2014-03-19,Affiliate,(organic/referral),10.65,71,142,0.53
2014-03-19,Bing,brand,13.2,12,48,1.58
2014-03-19,Bing,nonbrand,106.7,97,388,12.8
2014-03-19,Google,brand,66.15,49,245,7.94
2014-03-19,Google,nonbrand,498.15,369,1845,59.78
2014-03-19,direct,(direct),0.0,67,67,0.0
2014-03-20,Affiliate,(organic/referral),8.85,59,118,0.44
2014-03-20,Bing,brand,9.9,9,36,1.19
2014-03-20,Bing,nonbrand,81.4,74,296,9.77
2014-03-20,Google,brand,70.2,52,260,8.42
2014-03-20,Google,nonbrand,403.65,299,1495,48.44
2014-03-20,direct,(direct),0.0,57,57,0.0
2014-03-21,Affiliate,(organic/referral),7.2,48,96,0.36
2014-03-21,Bing,brand,16.5,15,60,1.98
2014-03-21,Bing,nonbrand,60.5,55,220,7.26
2014-03-21,Google,brand,52.65,39,195,6.32
2014-03-21,Google,nonbrand,396.9,294,1470,47.63
2014-03-21,direct,(direct),0.0,51,51,0.0
2014-03-22,Affiliate,(organic/referral),3.3,22,44,0.16
2014-03-22,Bing,brand,3.3,3,12,0.4
2014-03-22,Bing,nonbrand,39.6,36,144,4.75
2014-03-22,Google,brand,24.3,18,90,2.92
2014-03-22,Google,nonbrand,190.35,141,705,22.84
2014-03-22,direct,(direct),0.0,25,25,0.0
2014-03-23,Affiliate,(organic/referral),4.5,30,60,0.22
2014-03-23,Bing,brand,7.7,7,28,0.92
2014-03-23,Bing,nonbrand,49.5,45,180,5.94
2014-03-23,Google,brand,20.25,15,75,2.43
2014-03-23,Google,nonbrand,182.25,135,675,21.87
2014-03-23,direct,(direct),0.0,32,32,0.0
2014-03-24,Affiliate,(organic/referral),10.2,68,136,0.51
2014-03-24,Bing,brand,11.0,10,40,1.32
2014-03-24,Bing,nonbrand,62.7,57,228,7.52
2014-03-24,Google,brand,45.9,34,170,5.51
2014-03-24,Google,nonbrand,434.7,322,1610,52.16
2014-03-24,direct,(direct),0.0,42,42,0.0
2014-03-25,Affiliate,(organic/referral),9.45,63,126,0.47
2014-03-25,Bing,brand,20.9,19,76,2.51
2014-03-25,Bing,nonbrand,69.3,63,252,8.32
2014-03-25,Google,brand,68.85,51,255,8.26
2014-03-25,Google,nonbrand,434.7,322,1610,52.16
2014-03-25,direct,(direct),0.0,56,56,0.0
2014-03-26,Affiliate,(organic/referral),9.45,63,126,0.47
2014-03-26,Bing,brand,9.9,9,36,1.19
2014-03-26,Bing,nonbrand,72.6,66,264,8.71
2014-03-26,Google,brand,60.75,45,225,7.29
2014-03-26,Google,nonbrand,499.5,370,1850,59.94
2014-03-26,direct,(direct),0.0,56,56,0.0
2014-03-27,Affiliate,(organic/referral),10.8,72,144,0.54
2014-03-27,Bing,brand,15.4,14,56,1.85
2014-03-27,Bing,nonbrand,63.8,58,232,7.66
2014-03-27,Google,brand,52.65,39,195,6.32
2014-03-27,Google,nonbrand,436.05,323,1615,52.33
2014-03-27,direct,(direct),0.0,55,55,0.0
2014-03-28,Affiliate,(organic/referral),9.3,62,124,0.46
2014-03-28,Bing,brand,11.0,10,40,1.32
2014-03-28,Bing,nonbrand,59.4,54,216,7.13
2014-03-28,Google,brand,40.5,30,150,4.86
2014-03-28,Google,nonbrand,388.8,288,1440,46.66
2014-03-28,direct,(direct),0.0,46,46,0.0
2014-03-29,Affiliate,(organic/referral),3.0,20,40,0.15
2014-03-29,Bing,brand,6.6,6,24,0.79
2014-03-29,Bing,nonbrand,28.6,26,104,3.43
2014-03-29,Google,brand,25.65,19,95,3.08
2014-03-29,Google,nonbrand,176.85,131,655,21.22
2014-03-29,direct,(direct),0.0,23,23,0.0
2014-03-30,Affiliate,(organic/referral),4.5,30,60,0.22
2014-03-30,Bing,brand,7.7,7,28,0.92
2014-03-30,Bing,nonbrand,56.1,51,204,6.73
2014-03-30,Google,brand,29.7,22,110,3.56
2014-03-30,Google,nonbrand,275.4,204,1020,33.05
2014-03-30,direct,(direct),0.0,23,23,0.0
2014-03-31,Affiliate,(organic/referral),9.15,61,122,0.46
2014-03-31,Bing,brand,8.8,8,32,1.06
2014-03-31,Bing,nonbrand,78.1,71,284,9.37
2014-03-31,Google,brand,67.5,50,250,8.1
2014-03-31,Google,nonbrand,477.9,354,1770,57.35
2014-03-31,direct,(direct),0.0,54,54,0.0
2014-04-01,Affiliate,(organic/referral),11.4,76,152,0.57
2014-04-01,Bing,brand,13.2,12,48,1.58
2014-04-01,Bing,nonbrand,93.5,85,340,11.22
2014-04-01,Google,brand,59.4,44,220,7.13
2014-04-01,Google,nonbrand,471.15,349,1745,56.54
2014-04-01,direct,(direct),0.0,69,69,0.0
2014-04-02,Affiliate,(organic/referral),10.05,67,134,0.5
2014-04-02,Bing,brand,14.3,13,52,1.72
2014-04-02,Bing,nonbrand,80.3,73,292,9.64
2014-04-02,Google,brand,81.0,60,300,9.72
2014-04-02,Google,nonbrand,554.85,411,2055,66.58
2014-04-02,direct,(direct),0.0,56,56,0.0
2014-04-03,Affiliate,(organic/referral),8.7,58,116,0.44
2014-04-03,Bing,brand,7.7,7,28,0.92
2014-04-03,Bing,nonbrand,89.1,81,324,10.69
2014-04-03,Google,brand,55.35,41,205,6.64
2014-04-03,Google,nonbrand,531.9,394,1970,63.83
2014-04-03,direct,(direct),0.0,55,55,0.0
2014-04-04,Affiliate,(organic/referral),8.4,56,112,0.42
2014-04-04,Bing,brand,14.3,13,52,1.72
2014-04-04,Bing,nonbrand,92.4,84,336,11.09
2014-04-04,Google,brand,59.4,44,220,7.13
2014-04-04,Google,nonbrand,475.2,352,1760,57.02
2014-04-04,direct,(direct),0.0,68,68,0.0
2014-04-05,Affiliate,(organic/referral),5.4,36,72,0.27
2014-04-05,Bing,brand,4.4,4,16,0.53
2014-04-05,Bing,nonbrand,42.9,39,156,5.15
2014-04-05,Google,brand,33.75,25,125,4.05
2014-04-05,Google,nonbrand,226.8,168,840,27.22
2014-04-05,direct,(direct),0.0,30,30,0.0
2014-04-06,Affiliate,(organic/referral),6.45,43,86,0.32
2014-04-06,Bing,brand,7.7,7,28,0.92
2014-04-06,Bing,nonbrand,29.7,27,108,3.56
2014-04-06,Google,brand,31.05,23,115,3.73
2014-04-06,Google,nonbrand,279.45,207,1035,33.53
2014-04-06,direct,(direct),0.0,32,32,0.0
2014-04-07,Affiliate,(organic/referral),11.85,79,158,0.59
2014-04-07,Bing,brand,8.8,8,32,1.06
2014-04-07,Bing,nonbrand,63.8,58,232,7.66
2014-04-07,Google,brand,66.15,49,245,7.94
2014-04-07,Google,nonbrand,545.4,404,2020,65.45
2014-04-07,direct,(direct),0.0,69,69,0.0
2014-04-08,Affiliate,(organic/referral),8.85,59,118,0.44
2014-04-08,Bing,brand,14.3,13,52,1.72
2014-04-08,Bing,nonbrand,90.2,82,328,10.82
2014-04-08,Google,brand,68.85,51,255,8.26
2014-04-08,Google,nonbrand,517.05,383,1915,62.05
2014-04-08,direct,(direct),0.0,71,71,0.0
2014-04-09,Affiliate,(organic/referral),9.6,64,128,0.48
2014-04-09,Bing,brand,7.7,7,28,0.92
2014-04-09,Bing,nonbrand,83.6,76,304,10.03
2014-04-09,Google,brand,83.7,62,310,10.04
2014-04-09,Google,nonbrand,626.4,464,2320,75.17
2014-04-09,direct,(direct),0.0,72,72,0.0
2014-04-10,Affiliate,(organic/referral),11.7,78,156,0.58
2014-04-10,Bing,brand,15.4,14,56,1.85
2014-04-10,Bing,nonbrand,89.1,81,324,10.69
2014-04-10,Google,brand,81.0,60,300,9.72
2014-04-10,Google,nonbrand,584.55,433,2165,70.15
2014-04-10,direct,(direct),0.0,67,67,0.0
2014-04-11,Affiliate,(organic/referral),10.5,70,140,0.52
2014-04-11,Bing,brand,6.6,6,24,0.79
2014-04-11,Bing,nonbrand,81.4,74,296,9.77
2014-04-11,Google,brand,67.5,50,250,8.1
2014-04-11,Google,nonbrand,511.65,379,1895,61.4
2014-04-11,direct,(direct),0.0,55,55,0.0
2014-04-12,Affiliate,(organic/referral),5.55,37,74,0.28
2014-04-12,Bing,brand,8.8,8,32,1.06
2014-04-12,Bing,nonbrand,33.0,30,120,3.96
2014-04-12,Google,brand,27.0,20,100,3.24
2014-04-12,Google,nonbrand,249.75,185,925,29.97
2014-04-12,direct,(direct),0.0,22,22,0.0
2014-04-13,Affiliate,(organic/referral),5.4,36,72,0.27
2014-04-13,Bing,brand,5.5,5,20,0.66
2014-04-13,Bing,nonbrand,36.3,33,132,4.36
2014-04-13,Google,brand,29.7,22,110,3.56
2014-04-13,Google,nonbrand,268.65,199,995,32.24
2014-04-13,direct,(direct),0.0,35,35,0.0
2014-04-14,Affiliate,(organic/referral),9.75,65,130,0.49
2014-04-14,Bing,brand,11.0,10,40,1.32
2014-04-14,Bing,nonbrand,110.0,100,400,13.2
2014-04-14,Google,brand,67.5,50,250,8.1
2014-04-14,Google,nonbrand,561.6,416,2080,67.39
2014-04-14,direct,(direct),0.0,66,66,0.0
2014-04-15,Affiliate,(organic/referral),10.2,68,136,0.51
2014-04-15,Bing,brand,7.7,7,28,0.92
2014-04-15,Bing,nonbrand,77.0,70,280,9.24
2014-04-15,Google,brand,60.75,45,225,7.29
2014-04-15,Google,nonbrand,540.0,400,2000,64.8
2014-04-15,direct,(direct),0.0,44,44,0.0
2014-04-16,Affiliate,(organic/referral),10.65,71,142,0.53
2014-04-16,Bing,brand,19.8,18,72,2.38
2014-04-16,Bing,nonbrand,91.3,83,332,10.96
2014-04-16,Google,brand,60.75,45,225,7.29
2014-04-16,Google,nonbrand,546.75,405,2025,65.61
2014-04-16,direct,(direct),0.0,61,61,0.0
2014-04-17,Affiliate,(organic/referral),11.55,77,154,0.58
2014-04-17,Bing,brand,12.1,11,44,1.45
2014-04-17,Bing,nonbrand,102.3,93,372,12.28
2014-04-17,Google,brand,75.6,56,280,9.07
2014-04-17,Google,nonbrand,572.4,424,2120,68.69
2014-04-17,direct,(direct),0.0,78,78,0.0
2014-04-18,Affiliate,(organic/referral),7.65,51,102,0.38
2014-04-18,Bing,brand,8.8,8,32,1.06
2014-04-18,Bing,nonbrand,77.0,70,280,9.24
2014-04-18,Google,brand,78.3,58,290,9.4
2014-04-18,Google,nonbrand,503.55,373,1865,60.43
2014-04-18,direct,(direct),0.0,55,55,0.0
2014-04-19,Affiliate,(organic/referral),6.6,44,88,0.33
2014-04-19,Bing,brand,3.3,3,12,0.4
2014-04-19,Bing,nonbrand,50.6,46,184,6.07
2014-04-19,Google,brand,25.65,19,95,3.08
2014-04-19,Google,nonbrand,234.9,174,870,28.19
2014-04-19,direct,(direct),0.0,23,23,0.0
2014-04-20,Affiliate,(organic/referral),5.25,35,70,0.26
2014-04-20,Bing,brand,7.7,7,28,0.92
2014-04-20,Bing,nonbrand,42.9,39,156,5.15
2014-04-20,Google,brand,36.45,27,135,4.37
2014-04-20,Google,nonbrand,247.05,183,915,29.65
2014-04-20,direct,(direct),0.0,31,31,0.0
2014-04-21,Affiliate,(organic/referral),11.1,74,148,0.56
2014-04-21,Bing,brand,13.2,12,48,1.58
2014-04-21,Bing,nonbrand,85.8,78,312,10.3
2014-04-21,Google,brand,78.3,58,290,9.4
2014-04-21,Google,nonbrand,530.55,393,1965,63.67
2014-04-21,direct,(direct),0.0,61,61,0.0
2014-04-22,Affiliate,(organic/referral),10.35,69,138,0.52
2014-04-22,Bing,brand,16.5,15,60,1.98
2014-04-22,Bing,nonbrand,81.4,74,296,9.77
2014-04-22,Google,brand,48.6,36,180,5.83
2014-04-22,Google,nonbrand,522.45,387,1935,62.69
2014-04-22,direct,(direct),0.0,52,52,0.0
2014-04-23,Affiliate,(organic/referral),12.6,84,168,0.63
2014-04-23,Bing,brand,15.4,14,56,1.85
2014-04-23,Bing,nonbrand,90.2,82,328,10.82
2014-04-23,Google,brand,83.7,62,310,10.04
2014-04-23,Google,nonbrand,600.75,445,2225,72.09
2014-04-23,direct,(direct),0.0,79,79,0.0
2014-04-24,Affiliate,(organic/referral),8.4,56,112,0.42
2014-04-24,Bing,brand,14.3,13,52,1.72
2014-04-24,Bing,nonbrand,71.5,65,260,8.58
2014-04-24,Google,brand,75.6,56,280,9.07
2014-04-24,Google,nonbrand,588.6,436,2180,70.63
2014-04-24,direct,(direct),0.0,66,66,0.0
2014-04-25,Affiliate,(organic/referral),8.25,55,110,0.41
2014-04-25,Bing,brand,14.3,13,52,1.72
2014-04-25,Bing,nonbrand,75.9,69,276,9.11
2014-04-25,Google,brand,66.15,49,245,7.94
2014-04-25,Google,nonbrand,530.55,393,1965,63.67
2014-04-25,direct,(direct),0.0,48,48,0.0
2014-04-26,Affiliate,(organic/referral),5.4,36,72,0.27
2014-04-26,Bing,brand,6.6,6,24,0.79
2014-04-26,Bing,nonbrand,36.3,33,132,4.36
2014-04-26,Google,brand,29.7,22,110,3.56
2014-04-26,Google,nonbrand,248.4,184,920,29.81
2014-04-26,direct,(direct),0.0,28,28,0.0
2014-04-27,Affiliate,(organic/referral),5.25,35,70,0.26
2014-04-27,Bing,brand,8.8,8,32,1.06
2014-04-27,Bing,nonbrand,37.4,34,136,4.49
2014-04-27,Google,brand,35.1,26,130,4.21
2014-04-27,Google,nonbrand,237.6,176,880,28.51
2014-04-27,direct,(direct),0.0,37,37,0.0
2014-04-28,Affiliate,(organic/referral),10.95,73,146,0.55
2014-04-28,Bing,brand,8.8,8,32,1.06
2014-04-28,Bing,nonbrand,89.1,81,324,10.69
2014-04-28,Google,brand,76.95,57,285,9.23
2014-04-28,Google,nonbrand,477.9,354,1770,57.35
2014-04-28,direct,(direct),0.0,64,64,0.0
2014-04-29,Affiliate,(organic/referral),9.0,60,120,0.45
2014-04-29,Bing,brand,19.8,18,72,2.38
2014-04-29,Bing,nonbrand,86.9,79,316,10.43
2014-04-29,Google,brand,71.55,53,265,8.59
2014-04-29,Google,nonbrand,558.9,414,2070,67.07
2014-04-29,direct,(direct),0.0,71,71,0.0
2014-04-30,Affiliate,(organic/referral),7.2,48,96,0.36
2014-04-30,Bing,brand,15.4,14,56,1.85
2014-04-30,Bing,nonbrand,97.9,89,356,11.75
2014-04-30,Google,brand,78.3,58,290,9.4
2014-04-30,Google,nonbrand,572.4,424,2120,68.69
2014-04-30,direct,(direct),0.0,81,81,0.0
2014-05-01,Affiliate,(organic/referral),11.85,79,158,0.59
2014-05-01,Bing,brand,14.3,13,52,1.72
2014-05-01,Bing,nonbrand,88.0,80,320,10.56
2014-05-01,Google,brand,72.9,54,270,8.75
2014-05-01,Google,nonbrand,533.25,395,1975,63.99
2014-05-01,direct,(direct),0.0,63,63,0.0
2014-05-02,Affiliate,(organic/referral),10.5,70,140,0.52
2014-05-02,Bing,brand,12.1,11,44,1.45
2014-05-02,Bing,nonbrand,97.9,89,356,11.75
2014-05-02,Google,brand,66.15,49,245,7.94
2014-05-02,Google,nonbrand,502.2,372,1860,60.26
2014-05-02,direct,(direct),0.0,58,58,0.0
2014-05-03,Affiliate,(organic/referral),2.85,19,38,0.14
2014-05-03,Bing,brand,3.3,3,12,0.4
2014-05-03,Bing,nonbrand,35.2,32,128,4.22
2014-05-03,Google,brand,36.45,27,135,4.37
2014-05-03,Google,nonbrand,221.4,164,820,26.57
2014-05-03,direct,(direct),0.0,25,25,0.0
2014-05-04,Affiliate,(organic/referral),3.9,26,52,0.2
2014-05-04,Bing,brand,8.8,8,32,1.06
2014-05-04,Bing,nonbrand,44.0,40,160,5.28
2014-05-04,Google,brand,33.75,25,125,4.05
2014-05-04,Google,nonbrand,267.3,198,990,32.08
2014-05-04,direct,(direct),0.0,20,20,0.0
2014-05-05,Affiliate,(organic/referral),10.05,67,134,0.5
2014-05-05,Bing,brand,9.9,9,36,1.19
2014-05-05,Bing,nonbrand,104.5,95,380,12.54
2014-05-05,Google,brand,79.65,59,295,9.56
2014-05-05,Google,nonbrand,579.15,429,2145,69.5
2014-05-05,direct,(direct),0.0,61,61,0.0
2014-05-06,Affiliate,(organic/referral),10.95,73,146,0.55
2014-05-06,Bing,brand,17.6,16,64,2.11
2014-05-06,Bing,nonbrand,103.4,94,376,12.41
2014-05-06,Google,brand,76.95,57,285,9.23
2014-05-06,Google,nonbrand,507.6,376,1880,60.91
2014-05-06,direct,(direct),0.0,60,60,0.0
2014-05-07,Affiliate,(organic/referral),10.65,71,142,0.53
2014-05-07,Bing,brand,15.4,14,56,1.85
2014-05-07,Bing,nonbrand,84.7,77,308,10.16
2014-05-07,Google,brand,85.05,63,315,10.21
2014-05-07,Google,nonbrand,546.75,405,2025,65.61
2014-05-07,direct,(direct),0.0,72,72,0.0
2014-05-08,Affiliate,(organic/referral),10.8,72,144,0.54
2014-05-08,Bing,brand,14.3,13,52,1.72
2014-05-08,Bing,nonbrand,90.2,82,328,10.82
2014-05-08,Google,brand,63.45,47,235,7.61
2014-05-08,Google,nonbrand,603.45,447,2235,72.41
2014-05-08,direct,(direct),0.0,68,68,0.0
2014-05-09,Affiliate,(organic/referral),10.8,72,144,0.54
2014-05-09,Bing,brand,12.1,11,44,1.45
2014-05-09,Bing,nonbrand,89.1,81,324,10.69
2014-05-09,Google,brand,70.2,52,260,8.42
2014-05-09,Google,nonbrand,508.95,377,1885,61.07
2014-05-09,direct,(direct),0.0,63,63,0.0
2014-05-10,Affiliate,(organic/referral),5.25,35,70,0.26
2014-05-10,Bing,brand,8.8,8,32,1.06
2014-05-10,Bing,nonbrand,34.1,31,124,4.09
2014-05-10,Google,brand,39.15,29,145,4.7
2014-05-10,Google,nonbrand,298.35,221,1105,35.8
2014-05-10,direct,(direct),0.0,35,35,0.0
2014-05-11,Affiliate,(organic/referral),5.85,39,78,0.29
2014-05-11,Bing,brand,7.7,7,28,0.92
2014-05-11,Bing,nonbrand,51.7,47,188,6.2
2014-05-11,Google,brand,29.7,22,110,3.56
2014-05-11,Google,nonbrand,290.25,215,1075,34.83
2014-05-11,direct,(direct),0.0,21,21,0.0
2014-05-12,Affiliate,(organic/referral),8.55,57,114,0.43
2014-05-12,Bing,brand,13.2,12,48,1.58
2014-05-12,Bing,nonbrand,69.3,63,252,8.32
2014-05-12,Google,brand,63.45,47,235,7.61
2014-05-12,Google,nonbrand,525.15,389,1945,63.02
2014-05-12,direct,(direct),0.0,68,68,0.0
2014-05-13,Affiliate,(organic/referral),12.9,86,172,0.64
2014-05-13,Bing,brand,8.8,8,32,1.06
2014-05-13,Bing,nonbrand,88.0,80,320,10.56
2014-05-13,Google,brand,75.6,56,280,9.07
2014-05-13,Google,nonbrand,542.7,402,2010,65.12
2014-05-13,direct,(direct),0.0,73,73,0.0
2014-05-14,Affiliate,(organic/referral),12.0,80,160,0.6
2014-05-14,Bing,brand,17.6,16,64,2.11
2014-05-14,Bing,nonbrand,99.0,90,360,11.88
2014-05-14,Google,brand,76.95,57,285,9.23
2014-05-14,Google,nonbrand,654.75,485,2425,78.57
2014-05-14,direct,(direct),0.0,64,64,0.0
2014-05-15,Affiliate,(organic/referral),10.5,70,140,0.52
2014-05-15,Bing,brand,13.2,12,48,1.58
2014-05-15,Bing,nonbrand,107.8,98,392,12.94
2014-05-15,Google,brand,66.15,49,245,7.94
2014-05-15,Google,nonbrand,615.6,456,2280,73.87
2014-05-15,direct,(direct),0.0,63,63,0.0
2014-05-16,Affiliate,(organic/referral),7.8,52,104,0.39
2014-05-16,Bing,brand,13.2,12,48,1.58
2014-05-16,Bing,nonbrand,104.5,95,380,12.54
2014-05-16,Google,brand,58.05,43,215,6.97
2014-05-16,Google,nonbrand,554.85,411,2055,66.58
2014-05-16,direct,(direct),0.0,70,70,0.0
2014-05-17,Affiliate,(organic/referral),4.35,29,58,0.22
2014-05-17,Bing,brand,12.1,11,44,1.45
2014-05-17,Bing,nonbrand,45.1,41,164,5.41
2014-05-17,Google,brand,25.65,19,95,3.08
2014-05-17,Google,nonbrand,261.9,194,970,31.43
2014-05-17,direct,(direct),0.0,24,24,0.0
2014-05-18,Affiliate,(organic/referral),7.2,48,96,0.36
2014-05-18,Bing,brand,9.9,9,36,1.19
2014-05-18,Bing,nonbrand,48.4,44,176,5.81
2014-05-18,Google,brand,28.35,21,105,3.4
2014-05-18,Google,nonbrand,259.2,192,960,31.1
2014-05-18,direct,(direct),0.0,27,27,0.0
2014-05-19,Affiliate,(organic/referral),8.25,55,110,0.41
2014-05-19,Bing,brand,12.1,11,44,1.45
2014-05-19,Bing,nonbrand,93.5,85,340,11.22
2014-05-19,Google,brand,87.75,65,325,10.53
2014-05-19,Google,nonbrand,584.55,433,2165,70.15
2014-05-19,direct,(direct),0.0,67,67,0.0
2014-05-20,Affiliate,(organic/referral),11.85,79,158,0.59
2014-05-20,Bing,brand,9.9,9,36,1.19
2014-05-20,Bing,nonbrand,69.3,63,252,8.32
2014-05-20,Google,brand,68.85,51,255,8.26
2014-05-20,Google,nonbrand,530.55,393,1965,63.67
2014-05-20,direct,(direct),0.0,50,50,0.0
2014-05-21,Affiliate,(organic/referral),12.6,84,168,0.63
2014-05-21,Bing,brand,8.8,8,32,1.06
2014-05-21,Bing,nonbrand,75.9,69,276,9.11
2014-05-21,Google,brand,68.85,51,255,8.26
2014-05-21,Google,nonbrand,584.55,433,2165,70.15
2014-05-21,direct,(direct),0.0,55,55,0.0
2014-05-22,Affiliate,(organic/referral),12.15,81,162,0.61
2014-05-22,Bing,brand,13.2,12,48,1.58
2014-05-22,Bing,nonbrand,92.4,84,336,11.09
2014-05-22,Google,brand,79.65,59,295,9.56
2014-05-22,Google,nonbrand,523.8,388,1940,62.86
2014-05-22,direct,(direct),0.0,86,86,0.0
2014-05-23,Affiliate,(organic/referral),9.75,65,130,0.49
2014-05-23,Bing,brand,12.1,11,44,1.45
2014-05-23,Bing,nonbrand,93.5,85,340,11.22
2014-05-23,Google,brand,58.05,43,215,6.97
2014-05-23,Google,nonbrand,542.7,402,2010,65.12
2014-05-23,direct,(direct),0.0,66,66,0.0
2014-05-24,Affiliate,(organic/referral),5.25,35,70,0.26
2014-05-24,Bing,brand,7.7,7,28,0.92
2014-05-24,Bing,nonbrand,37.4,34,136,4.49
2014-05-24,Google,brand,29.7,22,110,3.56
2014-05-24,Google,nonbrand,238.95,177,885,28.67
2014-05-24,direct,(direct),0.0,27,27,0.0
2014-05-25,Affiliate,(organic/referral),5.25,35,70,0.26
2014-05-25,Bing,brand,6.6,6,24,0.79
2014-05-25,Bing,nonbrand,39.6,36,144,4.75
2014-05-25,Google,brand,35.1,26,130,4.21
2014-05-25,Google,nonbrand,257.85,191,955,30.94
2014-05-25,direct,(direct),0.0,27,27,0.0
2014-05-26,Affiliate,(organic/referral),9.3,62,124,0.46
2014-05-26,Bing,brand,11.0,10,40,1.32
2014-05-26,Bing,nonbrand,45.1,41,164,5.41
2014-05-26,Google,brand,48.6,36,180,5.83
2014-05-26,Google,nonbrand,392.85,291,1455,47.14
2014-05-26,direct,(direct),0.0,62,62,0.0
2014-05-27,Affiliate,(organic/referral),11.55,77,154,0.58
2014-05-27,Bing,brand,12.1,11,44,1.45
2014-05-27,Bing,nonbrand,92.4,84,336,11.09
2014-05-27,Google,brand,79.65,59,295,9.56
2014-05-27,Google,nonbrand,562.95,417,2085,67.55
2014-05-27,direct,(direct),0.0,68,68,0.0
2014-05-28,Affiliate,(organic/referral),11.7,78,156,0.58
2014-05-28,Bing,brand,18.7,17,68,2.24
2014-05-28,Bing,nonbrand,86.9,79,316,10.43
2014-05-28,Google,brand,91.8,68,340,11.02
2014-05-28,Google,nonbrand,625.05,463,2315,75.01
2014-05-28,direct,(direct),0.0,77,77,0.0
2014-05-29,Affiliate,(organic/referral),11.4,76,152,0.57
2014-05-29,Bing,brand,17.6,16,64,2.11
2014-05-29,Bing,nonbrand,84.7,77,308,10.16
2014-05-29,Google,brand,79.65,59,295,9.56
2014-05-29,Google,nonbrand,554.85,411,2055,66.58
2014-05-29,direct,(direct),0.0,66,66,0.0
2014-05-30,Affiliate,(organic/referral),10.65,71,142,0.53
2014-05-30,Bing,brand,16.5,15,60,1.98
2014-05-30,Bing,nonbrand,67.1,61,244,8.05
2014-05-30,Google,brand,51.3,38,190,6.16
2014-05-30,Google,nonbrand,529.2,392,1960,63.5
2014-05-30,direct,(direct),0.0,60,60,0.0
2014-05-31,Affiliate,(organic/referral),6.9,46,92,0.34
2014-05-31,Bing,brand,5.5,5,20,0.66
2014-05-31,Bing,nonbrand,29.7,27,108,3.56
2014-05-31,Google,brand,40.5,30,150,4.86
2014-05-31,Google,nonbrand,243.0,180,900,29.16
2014-05-31,direct,(direct),0.0,29,29,0.0
2014-06-01,Affiliate,(organic/referral),6.15,41,82,0.31
2014-06-01,Bing,brand,5.5,5,20,0.66
2014-06-01,Bing,nonbrand,28.6,26,104,3.43
2014-06-01,Google,brand,47.25,35,175,5.67
2014-06-01,Google,nonbrand,249.75,185,925,29.97
2014-06-01,direct,(direct),0.0,28,28,0.0
2014-06-02,Affiliate,(organic/referral),10.05,67,134,0.5
2014-06-02,Bing,brand,13.2,12,48,1.58
2014-06-02,Bing,nonbrand,89.1,81,324,10.69
2014-06-02,Google,brand,86.4,64,320,10.37
2014-06-02,Google,nonbrand,540.0,400,2000,64.8
2014-06-02,direct,(direct),0.0,65,65,0.0
2014-06-03,Affiliate,(organic/referral),11.4,76,152,0.57
2014-06-03,Bing,brand,12.1,11,44,1.45
2014-06-03,Bing,nonbrand,71.5,65,260,8.58
2014-06-03,Google,brand,72.9,54,270,8.75
2014-06-03,Google,nonbrand,519.75,385,1925,62.37
2014-06-03,direct,(direct),0.0,64,64,0.0
2014-06-04,Affiliate,(organic/referral),11.55,77,154,0.58
2014-06-04,Bing,brand,17.6,16,64,2.11
2014-06-04,Bing,nonbrand,86.9,79,316,10.43
2014-06-04,Google,brand,63.45,47,235,7.61
2014-06-04,Google,nonbrand,544.05,403,2015,65.29
2014-06-04,direct,(direct),0.0,78,78,0.0
2014-06-05,Affiliate,(organic/referral),11.4,76,152,0.57
2014-06-05,Bing,brand,15.4,14,56,1.85
2014-06-05,Bing,nonbrand,67.1,61,244,8.05
2014-06-05,Google,brand,58.05,43,215,6.97
2014-06-05,Google,nonbrand,557.55,413,2065,66.91
2014-06-05,direct,(direct),0.0,69,69,0.0
2014-06-06,Affiliate,(organic/referral),8.4,56,112,0.42
2014-06-06,Bing,brand,14.3,13,52,1.72
2014-06-06,Bing,nonbrand,68.2,62,248,8.18
2014-06-06,Google,brand,66.15,49,245,7.94
2014-06-06,Google,nonbrand,514.35,381,1905,61.72
2014-06-06,direct,(direct),0.0,49,49,0.0
2014-06-07,Affiliate,(organic/referral),4.65,31,62,0.23
2014-06-07,Bing,brand,5.5,5,20,0.66
2014-06-07,Bing,nonbrand,24.2,22,88,2.9
2014-06-07,Google,brand,37.8,28,140,4.54
2014-06-07,Google,nonbrand,264.6,196,980,31.75
2014-06-07,direct,(direct),0.0,40,40,0.0
2014-06-08,Affiliate,(organic/referral),4.95,33,66,0.25
2014-06-08,Bing,brand,6.6,6,24,0.79
2014-06-08,Bing,nonbrand,35.2,32,128,4.22
2014-06-08,Google,brand,48.6,36,180,5.83
2014-06-08,Google,nonbrand,291.6,216,1080,34.99
2014-06-08,direct,(direct),0.0,33,33,0.0
2014-06-09,Affiliate,(organic/referral),10.95,73,146,0.55
2014-06-09,Bing,brand,11.0,10,40,1.32
2014-06-09,Bing,nonbrand,89.1,81,324,10.69
2014-06-09,Google,brand,68.85,51,255,8.26
2014-06-09,Google,nonbrand,567.0,420,2100,68.04
2014-06-09,direct,(direct),0.0,66,66,0.0
2014-06-10,Affiliate,(organic/referral),10.35,69,138,0.52
2014-06-10,Bing,brand,20.9,19,76,2.51
2014-06-10,Bing,nonbrand,97.9,89,356,11.75
2014-06-10,Google,brand,66.15,49,245,7.94
2014-06-10,Google,nonbrand,535.95,397,1985,64.31
2014-06-10,direct,(direct),0.0,56,56,0.0
2014-06-11,Affiliate,(organic/referral),11.25,75,150,0.56
2014-06-11,Bing,brand,15.4,14,56,1.85
2014-06-11,Bing,nonbrand,102.3,93,372,12.28
2014-06-11,Google,brand,75.6,56,280,9.07
2014-06-11,Google,nonbrand,592.65,439,2195,71.12
2014-06-11,direct,(direct),0.0,61,61,0.0
2014-06-12,Affiliate,(organic/referral),10.35,69,138,0.52
2014-06-12,Bing,brand,19.8,18,72,2.38
2014-06-12,Bing,nonbrand,83.6,76,304,10.03
2014-06-12,Google,brand,90.45,67,335,10.85
2014-06-12,Google,nonbrand,545.4,404,2020,65.45
2014-06-12,direct,(direct),0.0,67,67,0.0
2014-06-13,Affiliate,(organic/referral),7.35,49,98,0.37
2014-06-13,Bing,brand,17.6,16,64,2.11
2014-06-13,Bing,nonbrand,72.6,66,264,8.71
2014-06-13,Google,brand,68.85,51,255,8.26
2014-06-13,Google,nonbrand,529.2,392,1960,63.5
2014-06-13,direct,(direct),0.0,65,65,0.0
2014-06-14,Affiliate,(organic/referral),4.95,33,66,0.25
2014-06-14,Bing,brand,5.5,5,20,0.66
2014-06-14,Bing,nonbrand,42.9,39,156,5.15
2014-06-14,Google,brand,20.25,15,75,2.43
2014-06-14,Google,nonbrand,283.5,210,1050,34.02
2014-06-14,direct,(direct),0.0,35,35,0.0
2014-06-15,Affiliate,(organic/referral),4.65,31,62,0.23
2014-06-15,Bing,brand,5.5,5,20,0.66
2014-06-15,Bing,nonbrand,49.5,45,180,5.94
2014-06-15,Google,brand,40.5,30,150,4.86
2014-06-15,Google,nonbrand,298.35,221,1105,35.8
2014-06-15,direct,(direct),0.0,31,31,0.0
2014-06-16,Affiliate,(organic/referral),10.35,69,138,0.52
2014-06-16,Bing,brand,14.3,13,52,1.72
2014-06-16,Bing,nonbrand,92.4,84,336,11.09
2014-06-16,Google,brand,82.35,61,305,9.88
2014-06-16,Google,nonbrand,558.9,414,2070,67.07
2014-06-16,direct,(direct),0.0,70,70,0.0
2014-06-17,Affiliate,(organic/referral),10.5,70,140,0.52
2014-06-17,Bing,brand,14.3,13,52,1.72
2014-06-17,Bing,nonbrand,90.2,82,328,10.82
2014-06-17,Google,brand,83.7,62,310,10.04
2014-06-17,Google,nonbrand,567.0,420,2100,68.04
2014-06-17,direct,(direct),0.0,75,75,0.0
2014-06-18,Affiliate,(organic/referral),11.25,75,150,0.56
2014-06-18,Bing,brand,6.6,6,24,0.79
2014-06-18,Bing,nonbrand,97.9,89,356,11.75
2014-06-18,Google,brand,76.95,57,285,9.23
2014-06-18,Google,nonbrand,581.85,431,2155,69.82
2014-06-18,direct,(direct),0.0,53,53,0.0
2014-06-19,Affiliate,(organic/referral),11.85,79,158,0.59
2014-06-19,Bing,brand,18.7,17,68,2.24
2014-06-19,Bing,nonbrand,81.4,74,296,9.77
2014-06-19,Google,brand,70.2,52,260,8.42
2014-06-19,Google,nonbrand,535.95,397,1985,64.31
2014-06-19,direct,(direct),0.0,68,68,0.0
2014-06-20,Affiliate,(organic/referral),7.2,48,96,0.36
2014-06-20,Bing,brand,11.0,10,40,1.32
2014-06-20,Bing,nonbrand,100.1,91,364,12.01
2014-06-20,Google,brand,70.2,52,260,8.42
2014-06-20,Google,nonbrand,498.15,369,1845,59.78
2014-06-20,direct,(direct),0.0,54,54,0.0
2014-06-21,Affiliate,(organic/referral),4.8,32,64,0.24
2014-06-21,Bing,brand,6.6,6,24,0.79
2014-06-21,Bing,nonbrand,33.0,30,120,3.96
2014-06-21,Google,brand,37.8,28,140,4.54
2014-06-21,Google,nonbrand,271.35,201,1005,32.56
2014-06-21,direct,(direct),0.0,30,30,0.0
2014-06-22,Affiliate,(organic/referral),6.3,42,84,0.32
2014-06-22,Bing,brand,8.8,8,32,1.06
2014-06-22,Bing,nonbrand,51.7,47,188,6.2
2014-06-22,Google,brand,45.9,34,170,5.51
2014-06-22,Google,nonbrand,287.55,213,1065,34.51
2014-06-22,direct,(direct),0.0,35,35,0.0
2014-06-23,Affiliate,(organic/referral),13.5,90,180,0.68
2014-06-23,Bing,brand,15.4,14,56,1.85
2014-06-23,Bing,nonbrand,100.1,91,364,12.01
2014-06-23,Google,brand,85.05,63,315,10.21
2014-06-23,Google,nonbrand,522.45,387,1935,62.69
2014-06-23,direct,(direct),0.0,60,60,0.0
2014-06-24,Affiliate,(organic/referral),11.55,77,154,0.58
2014-06-24,Bing,brand,17.6,16,64,2.11
2014-06-24,Bing,nonbrand,94.6,86,344,11.35
2014-06-24,Google,brand,71.55,53,265,8.59
2014-06-24,Google,nonbrand,598.05,443,2215,71.77
2014-06-24,direct,(direct),0.0,71,71,0.0
2014-06-25,Affiliate,(organic/referral),13.05,87,174,0.65
2014-06-25,Bing,brand,17.6,16,64,2.11
2014-06-25,Bing,nonbrand,101.2,92,368,12.14
2014-06-25,Google,brand,81.0,60,300,9.72
2014-06-25,Google,nonbrand,652.05,483,2415,78.25
2014-06-25,direct,(direct),0.0,78,78,0.0
2014-06-26,Affiliate,(organic/referral),10.35,69,138,0.52
2014-06-26,Bing,brand,17.6,16,64,2.11
2014-06-26,Bing,nonbrand,97.9,89,356,11.75
2014-06-26,Google,brand,78.3,58,290,9.4
2014-06-26,Google,nonbrand,544.05,403,2015,65.29
2014-06-26,direct,(direct),0.0,74,74,0.0
2014-06-27,Affiliate,(organic/referral),10.35,69,138,0.52
2014-06-27,Bing,brand,11.0,10,40,1.32
2014-06-27,Bing,nonbrand,94.6,86,344,11.35
2014-06-27,Google,brand,75.6,56,280,9.07
2014-06-27,Google,nonbrand,530.55,393,1965,63.67
2014-06-27,direct,(direct),0.0,63,63,0.0
2014-06-28,Affiliate,(organic/referral),4.8,32,64,0.24
2014-06-28,Bing,brand,4.4,4,16,0.53
2014-06-28,Bing,nonbrand,39.6,36,144,4.75
2014-06-28,Google,brand,32.4,24,120,3.89
2014-06-28,Google,nonbrand,255.15,189,945,30.62
2014-06-28,direct,(direct),0.0,25,25,0.0
2014-06-29,Affiliate,(organic/referral),6.45,43,86,0.32
2014-06-29,Bing,brand,6.6,6,24,0.79
2014-06-29,Bing,nonbrand,55.0,50,200,6.6
2014-06-29,Google,brand,36.45,27,135,4.37
2014-06-29,Google,nonbrand,263.25,195,975,31.59
2014-06-29,direct,(direct),0.0,37,37,0.0
2014-06-30,Affiliate,(organic/referral),12.15,81,162,0.61
2014-06-30,Bing,brand,9.9,9,36,1.19
2014-06-30,Bing,nonbrand,118.8,108,432,14.26
2014-06-30,Google,brand,85.05,63,315,10.21
2014-06-30,Google,nonbrand,585.9,434,2170,70.31
2014-06-30,direct,(direct),0.0,52,52,0.0
2014-07-01,Affiliate,(organic/referral),10.65,71,142,0.53
2014-07-01,Bing,brand,15.4,14,56,1.85
2014-07-01,Bing,nonbrand,108.9,99,396,13.07
2014-07-01,Google,brand,68.85,51,255,8.26
2014-07-01,Google,nonbrand,561.6,416,2080,67.39
2014-07-01,direct,(direct),0.0,60,60,0.0
2014-07-02,Affiliate,(organic/referral),11.7,78,156,0.58
2014-07-02,Bing,brand,17.6,16,64,2.11
2014-07-02,Bing,nonbrand,94.6,86,344,11.35
2014-07-02,Google,brand,82.35,61,305,9.88
2014-07-02,Google,nonbrand,630.45,467,2335,75.65
2014-07-02,direct,(direct),0.0,74,74,0.0
2014-07-03,Affiliate,(organic/referral),12.75,85,170,0.64
2014-07-03,Bing,brand,14.3,13,52,1.72
2014-07-03,Bing,nonbrand,95.7,87,348,11.48
2014-07-03,Google,brand,82.35,61,305,9.88
2014-07-03,Google,nonbrand,619.65,459,2295,74.36
2014-07-03,direct,(direct),0.0,98,98,0.0
2014-07-04,Affiliate,(organic/referral),10.2,68,136,0.51
2014-07-04,Bing,brand,14.3,13,52,1.72
2014-07-04,Bing,nonbrand,84.7,77,308,10.16
2014-07-04,Google,brand,64.8,48,240,7.78
2014-07-04,Google,nonbrand,427.95,317,1585,51.35
2014-07-04,direct,(direct),0.0,45,45,0.0
2014-07-05,Affiliate,(organic/referral),4.8,32,64,0.24
2014-07-05,Bing,brand,9.9,9,36,1.19
2014-07-05,Bing,nonbrand,37.4,34,136,4.49
2014-07-05,Google,brand,28.35,21,105,3.4
2014-07-05,Google,nonbrand,256.5,190,950,30.78
2014-07-05,direct,(direct),0.0,44,44,0.0
2014-07-06,Affiliate,(organic/referral),4.5,30,60,0.22
2014-07-06,Bing,brand,7.7,7,28,0.92
2014-07-06,Bing,nonbrand,39.6,36,144,4.75
2014-07-06,Google,brand,29.7,22,110,3.56
2014-07-06,Google,nonbrand,283.5,210,1050,34.02
2014-07-06,direct,(direct),0.0,37,37,0.0
2014-07-07,Affiliate,(organic/referral),11.55,77,154,0.58
2014-07-07,Bing,brand,17.6,16,64,2.11
2014-07-07,Bing,nonbrand,82.5,75,300,9.9
2014-07-07,Google,brand,66.15,49,245,7.94
2014-07-07,Google,nonbrand,550.8,408,2040,66.1
2014-07-07,direct,(direct),0.0,60,60,0.0
2014-07-08,Affiliate,(organic/referral),10.8,72,144,0.54
2014-07-08,Bing,brand,11.0,10,40,1.32
2014-07-08,Bing,nonbrand,78.1,71,284,9.37
2014-07-08,Google,brand,76.95,57,285,9.23
2014-07-08,Google,nonbrand,567.0,420,2100,68.04
2014-07-08,direct,(direct),0.0,77,77,0.0
2014-07-09,Affiliate,(organic/referral),12.45,83,166,0.62
2014-07-09,Bing,brand,19.8,18,72,2.38
2014-07-09,Bing,nonbrand,90.2,82,328,10.82
2014-07-09,Google,brand,70.2,52,260,8.42
2014-07-09,Google,nonbrand,614.25,455,2275,73.71
2014-07-09,direct,(direct),0.0,72,72,0.0
2014-07-10,Affiliate,(organic/referral),12.0,80,160,0.6
2014-07-10,Bing,brand,18.7,17,68,2.24
2014-07-10,Bing,nonbrand,71.5,65,260,8.58
2014-07-10,Google,brand,83.7,62,310,10.04
2014-07-10,Google,nonbrand,573.75,425,2125,68.85
2014-07-10,direct,(direct),0.0,75,75,0.0
2014-07-11,Affiliate,(organic/referral),12.9,86,172,0.64
2014-07-11,Bing,brand,7.7,7,28,0.92
2014-07-11,Bing,nonbrand,83.6,76,304,10.03
2014-07-11,Google,brand,79.65,59,295,9.56
2014-07-11,Google,nonbrand,515.7,382,1910,61.88
2014-07-11,direct,(direct),0.0,82,82,0.0
2014-07-12,Affiliate,(organic/referral),4.8,32,64,0.24
2014-07-12,Bing,brand,6.6,6,24,0.79
2014-07-12,Bing,nonbrand,48.4,44,176,5.81
2014-07-12,Google,brand,35.1,26,130,4.21
2014-07-12,Google,nonbrand,271.35,201,1005,32.56
2014-07-12,direct,(direct),0.0,27,27,0.0
2014-07-13,Affiliate,(organic/referral),6.75,45,90,0.34
2014-07-13,Bing,brand,8.8,8,32,1.06
2014-07-13,Bing,nonbrand,30.8,28,112,3.7
2014-07-13,Google,brand,36.45,27,135,4.37
2014-07-13,Google,nonbrand,248.4,184,920,29.81
2014-07-13,direct,(direct),0.0,29,29,0.0
2014-07-14,Affiliate,(organic/referral),10.05,67,134,0.5
2014-07-14,Bing,brand,14.3,13,52,1.72
2014-07-14,Bing,nonbrand,88.0,80,320,10.56
2014-07-14,Google,brand,79.65,59,295,9.56
2014-07-14,Google,nonbrand,500.85,371,1855,60.1
2014-07-14,direct,(direct),0.0,68,68,0.0
2014-07-15,Affiliate,(organic/referral),10.05,67,134,0.5
2014-07-15,Bing,brand,18.7,17,68,2.24
2014-07-15,Bing,nonbrand,84.7,77,308,10.16
2014-07-15,Google,brand,91.8,68,340,11.02
2014-07-15,Google,nonbrand,561.6,416,2080,67.39
2014-07-15,direct,(direct),0.0,71,71,0.0
2014-07-16,Affiliate,(organic/referral),12.3,82,164,0.62
2014-07-16,Bing,brand,11.0,10,40,1.32
2014-07-16,Bing,nonbrand,85.8,78,312,10.3
2014-07-16,Google,brand,68.85,51,255,8.26
2014-07-16,Google,nonbrand,594.0,440,2200,71.28
2014-07-16,direct,(direct),0.0,78,78,0.0
2014-07-17,Affiliate,(organic/referral),10.05,67,134,0.5
2014-07-17,Bing,brand,19.8,18,72,2.38
2014-07-17,Bing,nonbrand,88.0,80,320,10.56
2014-07-17,Google,brand,91.8,68,340,11.02
2014-07-17,Google,nonbrand,560.25,415,2075,67.23
2014-07-17,direct,(direct),0.0,69,69,0.0
2014-07-18,Affiliate,(organic/referral),10.35,69,138,0.52
2014-07-18,Bing,brand,20.9,19,76,2.51
2014-07-18,Bing,nonbrand,92.4,84,336,11.09
2014-07-18,Google,brand,51.3,38,190,6.16
2014-07-18,Google,nonbrand,500.85,371,1855,60.1
2014-07-18,direct,(direct),0.0,53,53,0.0
2014-07-19,Affiliate,(organic/referral),4.95,33,66,0.25
2014-07-19,Bing,brand,4.4,4,16,0.53
2014-07-19,Bing,nonbrand,44.0,40,160,5.28
2014-07-19,Google,brand,41.85,31,155,5.02
2014-07-19,Google,nonbrand,303.75,225,1125,36.45
2014-07-19,direct,(direct),0.0,31,31,0.0
2014-07-20,Affiliate,(organic/referral),5.1,34,68,0.26
2014-07-20,Bing,brand,7.7,7,28,0.92
2014-07-20,Bing,nonbrand,41.8,38,152,5.02
2014-07-20,Google,brand,28.35,21,105,3.4
2014-07-20,Google,nonbrand,265.95,197,985,31.91
2014-07-20,direct,(direct),0.0,36,36,0.0
2014-07-21,Affiliate,(organic/referral),10.8,72,144,0.54
2014-07-21,Bing,brand,12.1,11,44,1.45
2014-07-21,Bing,nonbrand,86.9,79,316,10.43
2014-07-21,Google,brand,79.65,59,295,9.56
2014-07-21,Google,nonbrand,560.25,415,2075,67.23
2014-07-21,direct,(direct),0.0,87,87,0.0
2014-07-22,Affiliate,(organic/referral),12.75,85,170,0.64
2014-07-22,Bing,brand,18.7,17,68,2.24
2014-07-22,Bing,nonbrand,94.6,86,344,11.35
2014-07-22,Google,brand,74.25,55,275,8.91
2014-07-22,Google,nonbrand,592.65,439,2195,71.12
2014-07-22,direct,(direct),0.0,62,62,0.0
2014-07-23,Affiliate,(organic/referral),10.35,69,138,0.52
2014-07-23,Bing,brand,16.5,15,60,1.98
2014-07-23,Bing,nonbrand,81.4,74,296,9.77
2014-07-23,Google,brand,78.3,58,290,9.4
2014-07-23,Google,nonbrand,623.7,462,2310,74.84
2014-07-23,direct,(direct),0.0,64,64,0.0
2014-07-24,Affiliate,(organic/referral),14.4,96,192,0.72
2014-07-24,Bing,brand,12.1,11,44,1.45
2014-07-24,Bing,nonbrand,93.5,85,340,11.22
2014-07-24,Google,brand,90.45,67,335,10.85
2014-07-24,Google,nonbrand,572.4,424,2120,68.69
2014-07-24,direct,(direct),0.0,71,71,0.0
2014-07-25,Affiliate,(organic/referral),11.25,75,150,0.56
2014-07-25,Bing,brand,13.2,12,48,1.58
2014-07-25,Bing,nonbrand,89.1,81,324,10.69
2014-07-25,Google,brand,66.15,49,245,7.94
2014-07-25,Google,nonbrand,449.55,333,1665,53.95
2014-07-25,direct,(direct),0.0,68,68,0.0
2014-07-26,Affiliate,(organic/referral),5.85,39,78,0.29
2014-07-26,Bing,brand,6.6,6,24,0.79
2014-07-26,Bing,nonbrand,35.2,32,128,4.22
2014-07-26,Google,brand,27.0,20,100,3.24
2014-07-26,Google,nonbrand,265.95,197,985,31.91
2014-07-26,direct,(direct),0.0,30,30,0.0
2014-07-27,Affiliate,(organic/referral),3.9,26,52,0.2
2014-07-27,Bing,brand,4.4,4,16,0.53
2014-07-27,Bing,nonbrand,48.4,44,176,5.81
2014-07-27,Google,brand,32.4,24,120,3.89
2014-07-27,Google,nonbrand,253.8,188,940,30.46
2014-07-27,direct,(direct),0.0,21,21,0.0
2014-07-28,Affiliate,(organic/referral),11.4,76,152,0.57
2014-07-28,Bing,brand,15.4,14,56,1.85
2014-07-28,Bing,nonbrand,93.5,85,340,11.22
2014-07-28,Google,brand,93.15,69,345,11.18
2014-07-28,Google,nonbrand,541.35,401,2005,64.96
2014-07-28,direct,(direct),0.0,89,89,0.0
2014-07-29,Affiliate,(organic/referral),11.55,77,154,0.58
2014-07-29,Bing,brand,12.1,11,44,1.45
2014-07-29,Bing,nonbrand,83.6,76,304,10.03
2014-07-29,Google,brand,66.15,49,245,7.94
2014-07-29,Google,nonbrand,562.95,417,2085,67.55
2014-07-29,direct,(direct),0.0,76,76,0.0
2014-07-30,Affiliate,(organic/referral),9.9,66,132,0.5
2014-07-30,Bing,brand,7.7,7,28,0.92
2014-07-30,Bing,nonbrand,82.5,75,300,9.9
2014-07-30,Google,brand,89.1,66,330,10.69
2014-07-30,Google,nonbrand,599.4,444,2220,71.93
2014-07-30,direct,(direct),0.0,71,71,0.0
2014-07-31,Affiliate,(organic/referral),11.1,74,148,0.56
2014-07-31,Bing,brand,14.3,13,52,1.72
2014-07-31,Bing,nonbrand,82.5,75,300,9.9
2014-07-31,Google,brand,83.7,62,310,10.04
2014-07-31,Google,nonbrand,588.6,436,2180,70.63
2014-07-31,direct,(direct),0.0,73,73,0.0
2014-08-01,Affiliate,(organic/referral),9.3,62,124,0.46
2014-08-01,Bing,brand,17.6,16,64,2.11
2014-08-01,Bing,nonbrand,72.6,66,264,8.71
2014-08-01,Google,brand,72.9,54,270,8.75
2014-08-01,Google,nonbrand,530.55,393,1965,63.67
2014-08-01,direct,(direct),0.0,57,57,0.0
2014-08-02,Affiliate,(organic/referral),5.1,34,68,0.26
2014-08-02,Bing,brand,4.4,4,16,0.53
2014-08-02,Bing,nonbrand,39.6,36,144,4.75
2014-08-02,Google,brand,43.2,32,160,5.18
2014-08-02,Google,nonbrand,268.65,199,995,32.24
2014-08-02,direct,(direct),0.0,36,36,0.0
2014-08-03,Affiliate,(organic/referral),5.1,34,68,0.26
2014-08-03,Bing,brand,2.2,2,8,0.26
2014-08-03,Bing,nonbrand,50.6,46,184,6.07
2014-08-03,Google,brand,35.1,26,130,4.21
2014-08-03,Google,nonbrand,230.85,171,855,27.7
2014-08-03,direct,(direct),0.0,28,28,0.0
2014-08-04,Affiliate,(organic/referral),11.1,74,148,0.56
2014-08-04,Bing,brand,7.7,7,28,0.92
2014-08-04,Bing,nonbrand,106.7,97,388,12.8
2014-08-04,Google,brand,66.15,49,245,7.94
2014-08-04,Google,nonbrand,537.3,398,1990,64.48
2014-08-04,direct,(direct),0.0,76,76,0.0
2014-08-05,Affiliate,(organic/referral),10.05,67,134,0.5
2014-08-05,Bing,brand,13.2,12,48,1.58
2014-08-05,Bing,nonbrand,89.1,81,324,10.69
2014-08-05,Google,brand,66.15,49,245,7.94
2014-08-05,Google,nonbrand,533.25,395,1975,63.99
2014-08-05,direct,(direct),0.0,66,66,0.0
2014-08-06,Affiliate,(organic/referral),12.3,82,164,0.62
2014-08-06,Bing,brand,17.6,16,64,2.11
2014-08-06,Bing,nonbrand,77.0,70,280,9.24
2014-08-06,Google,brand,75.6,56,280,9.07
2014-08-06,Google,nonbrand,630.45,467,2335,75.65
2014-08-06,direct,(direct),0.0,72,72,0.0
2014-08-07,Affiliate,(organic/referral),9.6,64,128,0.48
2014-08-07,Bing,brand,28.6,26,104,3.43
2014-08-07,Bing,nonbrand,116.6,106,424,13.99
2014-08-07,Google,brand,85.05,63,315,10.21
2014-08-07,Google,nonbrand,553.5,410,2050,66.42
2014-08-07,direct,(direct),0.0,63,63,0.0
2014-08-08,Affiliate,(organic/referral),11.85,79,158,0.59
2014-08-08,Bing,brand,14.3,13,52,1.72
2014-08-08,Bing,nonbrand,88.0,80,320,10.56
2014-08-08,Google,brand,82.35,61,305,9.88
2014-08-08,Google,nonbrand,508.95,377,1885,61.07
2014-08-08,direct,(direct),0.0,59,59,0.0
2014-08-09,Affiliate,(organic/referral),4.2,28,56,0.21
2014-08-09,Bing,brand,9.9,9,36,1.19
2014-08-09,Bing,nonbrand,47.3,43,172,5.68
2014-08-09,Google,brand,47.25,35,175,5.67
2014-08-09,Google,nonbrand,238.95,177,885,28.67
2014-08-09,direct,(direct),0.0,30,30,0.0
2014-08-10,Affiliate,(organic/referral),4.5,30,60,0.22
2014-08-10,Bing,brand,8.8,8,32,1.06
2014-08-10,Bing,nonbrand,41.8,38,152,5.02
2014-08-10,Google,brand,18.9,14,70,2.27
2014-08-10,Google,nonbrand,252.45,187,935,30.29
2014-08-10,direct,(direct),0.0,34,34,0.0
2014-08-11,Affiliate,(organic/referral),10.05,67,134,0.5
2014-08-11,Bing,brand,25.3,23,92,3.04
2014-08-11,Bing,nonbrand,85.8,78,312,10.3
2014-08-11,Google,brand,74.25,55,275,8.91
2014-08-11,Google,nonbrand,506.25,375,1875,60.75
2014-08-11,direct,(direct),0.0,62,62,0.0
2014-08-12,Affiliate,(organic/referral),12.3,82,164,0.62
2014-08-12,Bing,brand,13.2,12,48,1.58
2014-08-12,Bing,nonbrand,74.8,68,272,8.98
2014-08-12,Google,brand,94.5,70,350,11.34
2014-08-12,Google,nonbrand,548.1,406,2030,65.77
2014-08-12,direct,(direct),0.0,74,74,0.0
2014-08-13,Affiliate,(organic/referral),12.3,82,164,0.62
2014-08-13,Bing,brand,9.9,9,36,1.19
2014-08-13,Bing,nonbrand,103.4,94,376,12.41
2014-08-13,Google,brand,83.7,62,310,10.04
2014-08-13,Google,nonbrand,598.05,443,2215,71.77
2014-08-13,direct,(direct),0.0,79,79,0.0
2014-08-14,Affiliate,(organic/referral),11.1,74,148,0.56
2014-08-14,Bing,brand,20.9,19,76,2.51
2014-08-14,Bing,nonbrand,88.0,80,320,10.56
2014-08-14,Google,brand,81.0,60,300,9.72
2014-08-14,Google,nonbrand,561.6,416,2080,67.39
2014-08-14,direct,(direct),0.0,73,73,0.0
2014-08-15,Affiliate,(organic/referral),12.0,80,160,0.6
2014-08-15,Bing,brand,6.6,6,24,0.79
2014-08-15,Bing,nonbrand,95.7,87,348,11.48
2014-08-15,Google,brand,90.45,67,335,10.85
2014-08-15,Google,nonbrand,471.15,349,1745,56.54
2014-08-15,direct,(direct),0.0,86,86,0.0
2014-08-16,Affiliate,(organic/referral),5.1,34,68,0.26
2014-08-16,Bing,brand,5.5,5,20,0.66
2014-08-16,Bing,nonbrand,41.8,38,152,5.02
2014-08-16,Google,brand,40.5,30,150,4.86
2014-08-16,Google,nonbrand,263.25,195,975,31.59
2014-08-16,direct,(direct),0.0,31,31,0.0
2014-08-17,Affiliate,(organic/referral),6.3,42,84,0.32
2014-08-17,Bing,brand,2.2,2,8,0.26
2014-08-17,Bing,nonbrand,46.2,42,168,5.54
2014-08-17,Google,brand,25.65,19,95,3.08
2014-08-17,Google,nonbrand,260.55,193,965,31.27
2014-08-17,Meta,desktop_targeted,24.7,26,156,2.96
2014-08-17,direct,(direct),0.0,44,44,0.0
2014-08-18,Affiliate,(organic/referral),12.9,86,172,0.64
2014-08-18,Bing,brand,11.0,10,40,1.32
2014-08-18,Bing,nonbrand,84.7,77,308,10.16
2014-08-18,Google,brand,67.5,50,250,8.1
2014-08-18,Google,nonbrand,554.85,411,2055,66.58
2014-08-18,Meta,desktop_targeted,28.5,30,180,3.42
2014-08-18,direct,(direct),0.0,68,68,0.0
2014-08-19,Affiliate,(organic/referral),13.95,93,186,0.7
2014-08-19,Bing,brand,12.1,11,44,1.45
2014-08-19,Bing,nonbrand,81.4,74,296,9.77
2014-08-19,Google,brand,86.4,64,320,10.37
2014-08-19,Google,nonbrand,546.75,405,2025,65.61
2014-08-19,Meta,desktop_targeted,31.35,33,198,3.76
2014-08-19,direct,(direct),0.0,73,73,0.0
2014-08-20,Affiliate,(organic/referral),13.2,88,176,0.66
2014-08-20,Bing,brand,16.5,15,60,1.98
2014-08-20,Bing,nonbrand,88.0,80,320,10.56
2014-08-20,Google,brand,85.05,63,315,10.21
2014-08-20,Google,nonbrand,615.6,456,2280,73.87
2014-08-20,Meta,desktop_targeted,38.95,41,246,4.67
2014-08-20,direct,(direct),0.0,92,92,0.0
2014-08-21,Affiliate,(organic/referral),11.1,74,148,0.56
2014-08-21,Bing,brand,22.0,20,80,2.64
2014-08-21,Bing,nonbrand,78.1,71,284,9.37
2014-08-21,Google,brand,97.2,72,360,11.66
2014-08-21,Google,nonbrand,522.45,387,1935,62.69
2014-08-21,Meta,desktop_targeted,36.1,38,228,4.33
2014-08-21,direct,(direct),0.0,77,77,0.0
2014-08-22,Affiliate,(organic/referral),12.0,80,160,0.6
2014-08-22,Bing,brand,16.5,15,60,1.98
2014-08-22,Bing,nonbrand,82.5,75,300,9.9
2014-08-22,Google,brand,86.4,64,320,10.37
2014-08-22,Google,nonbrand,513.0,380,1900,61.56
2014-08-22,Meta,desktop_targeted,29.45,31,186,3.53
2014-08-22,direct,(direct),0.0,71,71,0.0
2014-08-23,Affiliate,(organic/referral),3.9,26,52,0.2
2014-08-23,Bing,brand,7.7,7,28,0.92
2014-08-23,Bing,nonbrand,31.9,29,116,3.83
2014-08-23,Google,brand,35.1,26,130,4.21
2014-08-23,Google,nonbrand,251.1,186,930,30.13
2014-08-23,Meta,desktop_targeted,11.4,12,72,1.37
2014-08-23,direct,(direct),0.0,26,26,0.0
2014-08-24,Affiliate,(organic/referral),5.25,35,70,0.26
2014-08-24,Bing,brand,3.3,3,12,0.4
2014-08-24,Bing,nonbrand,38.5,35,140,4.62
2014-08-24,Google,brand,51.3,38,190,6.16
2014-08-24,Google,nonbrand,248.4,184,920,29.81
2014-08-24,Meta,desktop_targeted,20.9,22,132,2.51
2014-08-24,direct,(direct),0.0,32,32,0.0
2014-08-25,Affiliate,(organic/referral),11.55,77,154,0.58
2014-08-25,Bing,brand,14.3,13,52,1.72
2014-08-25,Bing,nonbrand,79.2,72,288,9.5
2014-08-25,Google,brand,82.35,61,305,9.88
2014-08-25,Google,nonbrand,585.9,434,2170,70.31
2014-08-25,Meta,desktop_targeted,38.0,40,240,4.56
2014-08-25,direct,(direct),0.0,81,81,0.0
2014-08-26,Affiliate,(organic/referral),12.9,86,172,0.64
2014-08-26,Bing,brand,17.6,16,64,2.11
2014-08-26,Bing,nonbrand,78.1,71,284,9.37
2014-08-26,Google,brand,82.35,61,305,9.88
2014-08-26,Google,nonbrand,604.8,448,2240,72.58
2014-08-26,Meta,desktop_targeted,21.85,23,138,2.62
2014-08-26,direct,(direct),0.0,74,74,0.0
2014-08-27,Affiliate,(organic/referral),13.65,91,182,0.68
2014-08-27,Bing,brand,7.7,7,28,0.92
2014-08-27,Bing,nonbrand,67.1,61,244,8.05
2014-08-27,Google,brand,83.7,62,310,10.04
2014-08-27,Google,nonbrand,522.45,387,1935,62.69
2014-08-27,Meta,desktop_targeted,23.75,25,150,2.85
2014-08-27,direct,(direct),0.0,87,87,0.0
2014-08-28,Affiliate,(organic/referral),9.45,63,126,0.47
2014-08-28,Bing,brand,13.2,12,48,1.58
2014-08-28,Bing,nonbrand,78.1,71,284,9.37
2014-08-28,Google,brand,81.0,60,300,9.72
2014-08-28,Google,nonbrand,588.6,436,2180,70.63
2014-08-28,Meta,desktop_targeted,22.8,24,144,2.74
2014-08-28,direct,(direct),0.0,78,78,0.0
2014-08-29,Affiliate,(organic/referral),10.05,67,134,0.5
2014-08-29,Bing,brand,9.9,9,36,1.19
2014-08-29,Bing,nonbrand,88.0,80,320,10.56
2014-08-29,Google,brand,79.65,59,295,9.56
2014-08-29,Google,nonbrand,523.8,388,1940,62.86
2014-08-29,Meta,desktop_targeted,36.1,38,228,4.33
2014-08-29,direct,(direct),0.0,64,64,0.0
2014-08-30,Affiliate,(organic/referral),4.65,31,62,0.23
2014-08-30,Bing,brand,5.5,5,20,0.66
2014-08-30,Bing,nonbrand,40.7,37,148,4.88
2014-08-30,Google,brand,48.6,36,180,5.83
2014-08-30,Google,nonbrand,256.5,190,950,30.78
2014-08-30,Meta,desktop_targeted,21.85,23,138,2.62
2014-08-30,direct,(direct),0.0,30,30,0.0
2014-08-31,Affiliate,(organic/referral),5.4,36,72,0.27
2014-08-31,Bing,brand,6.6,6,24,0.79
2014-08-31,Bing,nonbrand,41.8,38,152,5.02
2014-08-31,Google,brand,40.5,30,150,4.86
2014-08-31,Google,nonbrand,279.45,207,1035,33.53
2014-08-31,Meta,desktop_targeted,13.3,14,84,1.6
2014-08-31,direct,(direct),0.0,42,42,0.0
2014-09-01,Affiliate,(organic/referral),10.35,69,138,0.52
2014-09-01,Bing,brand,7.7,7,28,0.92
2014-09-01,Bing,nonbrand,70.4,64,256,8.45
2014-09-01,Google,brand,75.6,56,280,9.07
2014-09-01,Google,nonbrand,388.8,288,1440,46.66
2014-09-01,Meta,desktop_targeted,22.8,24,144,2.74
2014-09-01,direct,(direct),0.0,72,72,0.0
2014-09-02,Affiliate,(organic/referral),10.35,69,138,0.52
2014-09-02,Bing,brand,18.7,17,68,2.24
2014-09-02,Bing,nonbrand,72.6,66,264,8.71
2014-09-02,Google,brand,97.2,72,360,11.66
2014-09-02,Google,nonbrand,571.05,423,2115,68.53
2014-09-02,Meta,desktop_targeted,37.05,39,234,4.45
2014-09-02,direct,(direct),0.0,82,82,0.0
2014-09-03,Affiliate,(organic/referral),13.65,91,182,0.68
2014-09-03,Bing,brand,20.9,19,76,2.51
2014-09-03,Bing,nonbrand,95.7,87,348,11.48
2014-09-03,Google,brand,91.8,68,340,11.02
2014-09-03,Google,nonbrand,618.3,458,2290,74.2
2014-09-03,Meta,desktop_targeted,39.9,42,252,4.79
2014-09-03,direct,(direct),0.0,81,81,0.0
2014-09-04,Affiliate,(organic/referral),12.75,85,170,0.64
2014-09-04,Bing,brand,14.3,13,52,1.72
2014-09-04,Bing,nonbrand,104.5,95,380,12.54
2014-09-04,Google,brand,86.4,64,320,10.37
2014-09-04,Google,nonbrand,625.05,463,2315,75.01
2014-09-04,Meta,desktop_targeted,40.85,43,258,4.9
2014-09-04,direct,(direct),0.0,73,73,0.0
2014-09-05,Affiliate,(organic/referral),13.65,91,182,0.68
2014-09-05,Bing,brand,15.4,14,56,1.85
2014-09-05,Bing,nonbrand,83.6,76,304,10.03
2014-09-05,Google,brand,66.15,49,245,7.94
2014-09-05,Google,nonbrand,504.9,374,1870,60.59
2014-09-05,Meta,desktop_targeted,38.0,40,240,4.56
2014-09-05,direct,(direct),0.0,63,63,0.0
2014-09-06,Affiliate,(organic/referral),5.25,35,70,0.26
2014-09-06,Bing,brand,13.2,12,48,1.58
2014-09-06,Bing,nonbrand,48.4,44,176,5.81
2014-09-06,Google,brand,37.8,28,140,4.54
2014-09-06,Google,nonbrand,249.75,185,925,29.97
2014-09-06,Meta,desktop_targeted,13.3,14,84,1.6
2014-09-06,direct,(direct),0.0,32,32,0.0
2014-09-07,Affiliate,(organic/referral),3.9,26,52,0.2
2014-09-07,Bing,brand,7.7,7,28,0.92
2014-09-07,Bing,nonbrand,45.1,41,164,5.41
2014-09-07,Google,brand,31.05,23,115,3.73
2014-09-07,Google,nonbrand,275.4,204,1020,33.05
2014-09-07,Meta,desktop_targeted,19.0,20,120,2.28
2014-09-07,direct,(direct),0.0,29,29,0.0
2014-09-08,Affiliate,(organic/referral),10.95,73,146,0.55
2014-09-08,Bing,brand,17.6,16,64,2.11
2014-09-08,Bing,nonbrand,102.3,93,372,12.28
2014-09-08,Google,brand,70.2,52,260,8.42
2014-09-08,Google,nonbrand,592.65,439,2195,71.12
2014-09-08,Meta,desktop_targeted,30.4,32,192,3.65
2014-09-08,direct,(direct),0.0,85,85,0.0
2014-09-09,Affiliate,(organic/referral),12.0,80,160,0.6
2014-09-09,Bing,brand,13.2,12,48,1.58
2014-09-09,Bing,nonbrand,85.8,78,312,10.3
2014-09-09,Google,brand,82.35,61,305,9.88
2014-09-09,Google,nonbrand,560.25,415,2075,67.23
2014-09-09,Meta,desktop_targeted,24.7,26,156,2.96
2014-09-09,direct,(direct),0.0,69,69,0.0
2014-09-10,Affiliate,(organic/referral),13.05,87,174,0.65
2014-09-10,Bing,brand,19.8,18,72,2.38
2014-09-10,Bing,nonbrand,93.5,85,340,11.22
2014-09-10,Google,brand,89.1,66,330,10.69
2014-09-10,Google,nonbrand,604.8,448,2240,72.58
2014-09-10,Meta,desktop_targeted,34.2,36,216,4.1
2014-09-10,direct,(direct),0.0,73,73,0.0
2014-09-11,Affiliate,(organic/referral),13.5,90,180,0.68
2014-09-11,Bing,brand,15.4,14,56,1.85
2014-09-11,Bing,nonbrand,97.9,89,356,11.75
2014-09-11,Google,brand,93.15,69,345,11.18
2014-09-11,Google,nonbrand,594.0,440,2200,71.28
2014-09-11,Meta,desktop_targeted,30.4,32,192,3.65
2014-09-11,direct,(direct),0.0,84,84,0.0
2014-09-12,Affiliate,(organic/referral),11.1,74,148,0.56
2014-09-12,Bing,brand,17.6,16,64,2.11
2014-09-12,Bing,nonbrand,74.8,68,272,8.98
2014-09-12,Google,brand,87.75,65,325,10.53
2014-09-12,Google,nonbrand,503.55,373,1865,60.43
2014-09-12,Meta,desktop_targeted,32.3,34,204,3.88
2014-09-12,direct,(direct),0.0,82,82,0.0
2014-09-13,Affiliate,(organic/referral),6.45,43,86,0.32
2014-09-13,Bing,brand,6.6,6,24,0.79
2014-09-13,Bing,nonbrand,31.9,29,116,3.83
2014-09-13,Google,brand,43.2,32,160,5.18
2014-09-13,Google,nonbrand,240.3,178,890,28.84
2014-09-13,Meta,desktop_targeted,10.45,11,66,1.25
2014-09-13,direct,(direct),0.0,32,32,0.0
2014-09-14,Affiliate,(organic/referral),6.15,41,82,0.31
2014-09-14,Bing,brand,8.8,8,32,1.06
2014-09-14,Bing,nonbrand,47.3,43,172,5.68
2014-09-14,Google,brand,36.45,27,135,4.37
2014-09-14,Google,nonbrand,283.5,210,1050,34.02
2014-09-14,Meta,desktop_targeted,11.4,12,72,1.37
2014-09-14,direct,(direct),0.0,31,31,0.0
2014-09-15,Affiliate,(organic/referral),11.7,78,156,0.58
2014-09-15,Bing,brand,17.6,16,64,2.11
2014-09-15,Bing,nonbrand,97.9,89,356,11.75
2014-09-15,Google,brand,71.55,53,265,8.59
2014-09-15,Google,nonbrand,568.35,421,2105,68.2
2014-09-15,Meta,desktop_targeted,29.45,31,186,3.53
2014-09-15,direct,(direct),0.0,55,55,0.0
2014-09-16,Affiliate,(organic/referral),11.1,74,148,0.56
2014-09-16,Bing,brand,15.4,14,56,1.85
2014-09-16,Bing,nonbrand,88.0,80,320,10.56
2014-09-16,Google,brand,68.85,51,255,8.26
2014-09-16,Google,nonbrand,529.2,392,1960,63.5
2014-09-16,Meta,desktop_targeted,38.95,41,246,4.67
2014-09-16,direct,(direct),0.0,76,76,0.0
2014-09-17,Affiliate,(organic/referral),12.0,80,160,0.6
2014-09-17,Bing,brand,17.6,16,64,2.11
2014-09-17,Bing,nonbrand,97.9,89,356,11.75
2014-09-17,Google,brand,60.75,45,225,7.29
2014-09-17,Google,nonbrand,619.65,459,2295,74.36
2014-09-17,Meta,desktop_targeted,34.2,36,216,4.1
2014-09-17,direct,(direct),0.0,93,93,0.0
2014-09-18,Affiliate,(organic/referral),10.95,73,146,0.55
2014-09-18,Bing,brand,15.4,14,56,1.85
2014-09-18,Bing,nonbrand,93.5,85,340,11.22
2014-09-18,Google,brand,99.9,74,370,11.99
2014-09-18,Google,nonbrand,541.35,401,2005,64.96
2014-09-18,Meta,desktop_targeted,35.15,37,222,4.22
2014-09-18,direct,(direct),0.0,60,60,0.0
2014-09-19,Affiliate,(organic/referral),10.8,72,144,0.54
2014-09-19,Bing,brand,9.9,9,36,1.19
2014-09-19,Bing,nonbrand,84.7,77,308,10.16
2014-09-19,Google,brand,66.15,49,245,7.94
2014-09-19,Google,nonbrand,538.65,399,1995,64.64
2014-09-19,Meta,desktop_targeted,31.35,33,198,3.76
2014-09-19,direct,(direct),0.0,89,89,0.0
2014-09-20,Affiliate,(organic/referral),5.55,37,74,0.28
2014-09-20,Bing,brand,12.1,11,44,1.45
2014-09-20,Bing,nonbrand,44.0,40,160,5.28
2014-09-20,Google,brand,29.7,22,110,3.56
2014-09-20,Google,nonbrand,217.35,161,805,26.08
2014-09-20,Meta,desktop_targeted,12.35,13,78,1.48
2014-09-20,direct,(direct),0.0,39,39,0.0
2014-09-21,Affiliate,(organic/referral),7.5,50,100,0.38
2014-09-21,Bing,brand,2.2,2,8,0.26
2014-09-21,Bing,nonbrand,47.3,43,172,5.68
2014-09-21,Google,brand,48.6,36,180,5.83
2014-09-21,Google,nonbrand,265.95,197,985,31.91
2014-09-21,Meta,desktop_targeted,21.85,23,138,2.62
2014-09-21,direct,(direct),0.0,38,38,0.0
2014-09-22,Affiliate,(organic/referral),12.45,83,166,0.62
2014-09-22,Bing,brand,13.2,12,48,1.58
2014-09-22,Bing,nonbrand,69.3,63,252,8.32
2014-09-22,Google,brand,83.7,62,310,10.04
2014-09-22,Google,nonbrand,521.1,386,1930,62.53
2014-09-22,Meta,desktop_targeted,23.75,25,150,2.85
2014-09-22,direct,(direct),0.0,84,84,0.0
2014-09-23,Affiliate,(organic/referral),12.0,80,160,0.6
2014-09-23,Bing,brand,24.2,22,88,2.9
2014-09-23,Bing,nonbrand,91.3,83,332,10.96
2014-09-23,Google,brand,83.7,62,310,10.04
2014-09-23,Google,nonbrand,556.2,412,2060,66.74
2014-09-23,Meta,desktop_targeted,31.35,33,198,3.76
2014-09-23,direct,(direct),0.0,82,82,0.0
2014-09-24,Affiliate,(organic/referral),13.95,93,186,0.7
2014-09-24,Bing,brand,16.5,15,60,1.98
2014-09-24,Bing,nonbrand,78.1,71,284,9.37
2014-09-24,Google,brand,93.15,69,345,11.18
2014-09-24,Google,nonbrand,611.55,453,2265,73.39
2014-09-24,Meta,desktop_targeted,38.0,40,240,4.56
2014-09-24,direct,(direct),0.0,72,72,0.0
2014-09-25,Affiliate,(organic/referral),13.65,91,182,0.68
2014-09-25,Bing,brand,24.2,22,88,2.9
2014-09-25,Bing,nonbrand,86.9,79,316,10.43
2014-09-25,Google,brand,101.25,75,375,12.15
2014-09-25,Google,nonbrand,538.65,399,1995,64.64
2014-09-25,Meta,desktop_targeted,27.55,29,174,3.31
2014-09-25,direct,(direct),0.0,91,91,0.0
2014-09-26,Affiliate,(organic/referral),12.45,83,166,0.62
2014-09-26,Bing,brand,14.3,13,52,1.72
2014-09-26,Bing,nonbrand,85.8,78,312,10.3
2014-09-26,Google,brand,85.05,63,315,10.21
2014-09-26,Google,nonbrand,499.5,370,1850,59.94
2014-09-26,Meta,desktop_targeted,24.7,26,156,2.96
2014-09-26,direct,(direct),0.0,75,75,0.0
2014-09-27,Affiliate,(organic/referral),6.45,43,86,0.32
2014-09-27,Bing,brand,6.6,6,24,0.79
2014-09-27,Bing,nonbrand,41.8,38,152,5.02
2014-09-27,Google,brand,44.55,33,165,5.35
2014-09-27,Google,nonbrand,270.0,200,1000,32.4
2014-09-27,Meta,desktop_targeted,11.4,12,72,1.37
2014-09-27,direct,(direct),0.0,43,43,0.0
2014-09-28,Affiliate,(organic/referral),8.1,54,108,0.4
2014-09-28,Bing,brand,14.3,13,52,1.72
2014-09-28,Bing,nonbrand,42.9,39,156,5.15
2014-09-28,Google,brand,45.9,34,170,5.51
2014-09-28,Google,nonbrand,278.1,206,1030,33.37
2014-09-28,Meta,desktop_targeted,11.4,12,72,1.37
2014-09-28,direct,(direct),0.0,34,34,0.0
2014-09-29,Affiliate,(organic/referral),12.9,86,172,0.64
2014-09-29,Bing,brand,12.1,11,44,1.45
2014-09-29,Bing,nonbrand,80.3,73,292,9.64
2014-09-29,Google,brand,60.75,45,225,7.29
2014-09-29,Google,nonbrand,549.45,407,2035,65.93
2014-09-29,Meta,desktop_targeted,22.8,24,144,2.74
2014-09-29,direct,(direct),0.0,71,71,0.0
2014-09-30,Affiliate,(organic/referral),12.45,83,166,0.62
2014-09-30,Bing,brand,14.3,13,52,1.72
2014-09-30,Bing,nonbrand,90.2,82,328,10.82
2014-09-30,Google,brand,83.7,62,310,10.04
2014-09-30,Google,nonbrand,548.1,406,2030,65.77
2014-09-30,Meta,desktop_targeted,25.65,27,162,3.08
2014-09-30,direct,(direct),0.0,73,73,0.0
2014-10-01,Affiliate,(organic/referral),14.1,94,188,0.7
2014-10-01,Bing,brand,20.9,19,76,2.51
2014-10-01,Bing,nonbrand,71.5,65,260,8.58
2014-10-01,Google,brand,106.65,79,395,12.8
2014-10-01,Google,nonbrand,648.0,480,2400,77.76
2014-10-01,Meta,desktop_targeted,30.4,32,192,3.65
2014-10-01,direct,(direct),0.0,79,79,0.0
2014-10-02,Affiliate,(organic/referral),14.85,99,198,0.74
2014-10-02,Bing,brand,17.6,16,64,2.11
2014-10-02,Bing,nonbrand,75.9,69,276,9.11
2014-10-02,Google,brand,79.65,59,295,9.56
2014-10-02,Google,nonbrand,561.6,416,2080,67.39
2014-10-02,Meta,desktop_targeted,29.45,31,186,3.53
2014-10-02,direct,(direct),0.0,79,79,0.0
2014-10-03,Affiliate,(organic/referral),9.75,65,130,0.49
2014-10-03,Bing,brand,17.6,16,64,2.11
2014-10-03,Bing,nonbrand,70.4,64,256,8.45
2014-10-03,Google,brand,86.4,64,320,10.37
2014-10-03,Google,nonbrand,525.15,389,1945,63.02
2014-10-03,Meta,desktop_targeted,32.3,34,204,3.88
2014-10-03,direct,(direct),0.0,80,80,0.0
2014-10-04,Affiliate,(organic/referral),6.15,41,82,0.31
2014-10-04,Bing,brand,13.2,12,48,1.58
2014-10-04,Bing,nonbrand,34.1,31,124,4.09
2014-10-04,Google,brand,45.9,34,170,5.51
2014-10-04,Google,nonbrand,265.95,197,985,31.91
2014-10-04,Meta,desktop_targeted,11.4,12,72,1.37
2014-10-04,direct,(direct),0.0,33,33,0.0
2014-10-05,Affiliate,(organic/referral),5.1,34,68,0.26
2014-10-05,Bing,brand,5.5,5,20,0.66
2014-10-05,Bing,nonbrand,44.0,40,160,5.28
2014-10-05,Google,brand,43.2,32,160,5.18
2014-10-05,Google,nonbrand,274.05,203,1015,32.89
2014-10-05,Meta,desktop_targeted,18.05,19,114,2.17
2014-10-05,direct,(direct),0.0,27,27,0.0
2014-10-06,Affiliate,(organic/referral),13.2,88,176,0.66
2014-10-06,Bing,brand,12.1,11,44,1.45
2014-10-06,Bing,nonbrand,80.3,73,292,9.64
2014-10-06,Google,brand,94.5,70,350,11.34
2014-10-06,Google,nonbrand,550.8,408,2040,66.1
2014-10-06,Meta,desktop_targeted,37.05,39,234,4.45
2014-10-06,direct,(direct),0.0,77,77,0.0
2014-10-07,Affiliate,(organic/referral),13.65,91,182,0.68
2014-10-07,Bing,brand,23.1,21,84,2.77
2014-10-07,Bing,nonbrand,80.3,73,292,9.64
2014-10-07,Google,brand,91.8,68,340,11.02
2014-10-07,Google,nonbrand,592.65,439,2195,71.12
2014-10-07,Meta,desktop_targeted,36.1,38,228,4.33
2014-10-07,direct,(direct),0.0,70,70,0.0
2014-10-08,Affiliate,(organic/referral),15.9,106,212,0.8
2014-10-08,Bing,brand,15.4,14,56,1.85
2014-10-08,Bing,nonbrand,102.3,93,372,12.28
2014-10-08,Google,brand,90.45,67,335,10.85
2014-10-08,Google,nonbrand,639.9,474,2370,76.79
2014-10-08,Meta,desktop_targeted,34.2,36,216,4.1
2014-10-08,direct,(direct),0.0,87,87,0.0
2014-10-09,Affiliate,(organic/referral),12.9,86,172,0.64
2014-10-09,Bing,brand,20.9,19,76,2.51
2014-10-09,Bing,nonbrand,82.5,75,300,9.9
2014-10-09,Google,brand,103.95,77,385,12.47
2014-10-09,Google,nonbrand,557.55,413,2065,66.91
2014-10-09,Meta,desktop_targeted,43.7,46,276,5.24
2014-10-09,direct,(direct),0.0,88,88,0.0
2014-10-10,Affiliate,(organic/referral),11.55,77,154,0.58
2014-10-10,Bing,brand,13.2,12,48,1.58
2014-10-10,Bing,nonbrand,91.3,83,332,10.96
2014-10-10,Google,brand,76.95,57,285,9.23
2014-10-10,Google,nonbrand,529.2,392,1960,63.5
2014-10-10,Meta,desktop_targeted,31.35,33,198,3.76
2014-10-10,direct,(direct),0.0,71,71,0.0
2014-10-11,Affiliate,(organic/referral),6.9,46,92,0.34
2014-10-11,Bing,brand,8.8,8,32,1.06
2014-10-11,Bing,nonbrand,46.2,42,168,5.54
2014-10-11,Google,brand,35.1,26,130,4.21
2014-10-11,Google,nonbrand,259.2,192,960,31.1
2014-10-11,Meta,desktop_targeted,17.1,18,108,2.05
2014-10-11,direct,(direct),0.0,38,38,0.0
2014-10-12,Affiliate,(organic/referral),7.65,51,102,0.38
2014-10-12,Bing,brand,11.0,10,40,1.32
2014-10-12,Bing,nonbrand,41.8,38,152,5.02
2014-10-12,Google,brand,41.85,31,155,5.02
2014-10-12,Google,nonbrand,252.45,187,935,30.29
2014-10-12,Meta,desktop_targeted,13.3,14,84,1.6
2014-10-12,direct,(direct),0.0,41,41,0.0
2014-10-13,Affiliate,(organic/referral),13.35,89,178,0.67
2014-10-13,Bing,brand,18.7,17,68,2.24
2014-10-13,Bing,nonbrand,99.0,90,360,11.88
2014-10-13,Google,brand,68.85,51,255,8.26
2014-10-13,Google,nonbrand,564.3,418,2090,67.72
2014-10-13,Meta,desktop_targeted,38.0,40,240,4.56
2014-10-13,direct,(direct),0.0,81,81,0.0
2014-10-14,Affiliate,(organic/referral),13.65,91,182,0.68
2014-10-14,Bing,brand,16.5,15,60,1.98
2014-10-14,Bing,nonbrand,85.8,78,312,10.3
2014-10-14,Google,brand,95.85,71,355,11.5
2014-10-14,Google,nonbrand,576.45,427,2135,69.17
2014-10-14,Meta,desktop_targeted,50.35,53,318,6.04
2014-10-14,direct,(direct),0.0,97,97,0.0
2014-10-15,Affiliate,(organic/referral),13.35,89,178,0.67
2014-10-15,Bing,brand,24.2,22,88,2.9
2014-10-15,Bing,nonbrand,102.3,93,372,12.28
2014-10-15,Google,brand,101.25,75,375,12.15
2014-10-15,Google,nonbrand,616.95,457,2285,74.03
2014-10-15,Meta,desktop_targeted,42.75,45,270,5.13
2014-10-15,direct,(direct),0.0,76,76,0.0
2014-10-16,Affiliate,(organic/referral),15.6,104,208,0.78
2014-10-16,Bing,brand,19.8,18,72,2.38
2014-10-16,Bing,nonbrand,104.5,95,380,12.54
2014-10-16,Google,brand,97.2,72,360,11.66
2014-10-16,Google,nonbrand,670.95,497,2485,80.51
2014-10-16,Meta,desktop_targeted,50.35,53,318,6.04
2014-10-16,direct,(direct),0.0,74,74,0.0
2014-10-17,Affiliate,(organic/referral),12.45,83,166,0.62
2014-10-17,Bing,brand,17.6,16,64,2.11
2014-10-17,Bing,nonbrand,84.7,77,308,10.16
2014-10-17,Google,brand,68.85,51,255,8.26
2014-10-17,Google,nonbrand,527.85,391,1955,63.34
2014-10-17,Meta,desktop_targeted,33.25,35,210,3.99
2014-10-17,direct,(direct),0.0,86,86,0.0
2014-10-18,Affiliate,(organic/referral),6.15,41,82,0.31
2014-10-18,Bing,brand,8.8,8,32,1.06
2014-10-18,Bing,nonbrand,47.3,43,172,5.68
2014-10-18,Google,brand,52.65,39,195,6.32
2014-10-18,Google,nonbrand,259.2,192,960,31.1
2014-10-18,Meta,desktop_targeted,14.25,15,90,1.71
2014-10-18,direct,(direct),0.0,31,31,0.0
2014-10-19,Affiliate,(organic/referral),6.0,40,80,0.3
2014-10-19,Bing,brand,7.7,7,28,0.92
2014-10-19,Bing,nonbrand,53.9,49,196,6.47
2014-10-19,Google,brand,47.25,35,175,5.67
2014-10-19,Google,nonbrand,268.65,199,995,32.24
2014-10-19,Meta,desktop_targeted,23.75,25,150,2.85
2014-10-19,direct,(direct),0.0,39,39,0.0
2014-10-20,Affiliate,(organic/referral),13.8,92,184,0.69
2014-10-20,Bing,brand,15.4,14,56,1.85
2014-10-20,Bing,nonbrand,99.0,90,360,11.88
2014-10-20,Google,brand,86.4,64,320,10.37
2014-10-20,Google,nonbrand,594.0,440,2200,71.28
2014-10-20,Meta,desktop_targeted,43.7,46,276,5.24
2014-10-20,direct,(direct),0.0,88,88,0.0
2014-10-21,Affiliate,(organic/referral),11.85,79,158,0.59
2014-10-21,Bing,brand,23.1,21,84,2.77
2014-10-21,Bing,nonbrand,100.1,91,364,12.01
2014-10-21,Google,brand,87.75,65,325,10.53
2014-10-21,Google,nonbrand,567.0,420,2100,68.04
2014-10-21,Meta,desktop_targeted,45.6,48,288,5.47
2014-10-21,direct,(direct),0.0,75,75,0.0
2014-10-22,Affiliate,(organic/referral),12.75,85,170,0.64
2014-10-22,Bing,brand,23.1,21,84,2.77
2014-10-22,Bing,nonbrand,97.9,89,356,11.75
2014-10-22,Google,brand,106.65,79,395,12.8
2014-10-22,Google,nonbrand,665.55,493,2465,79.87
2014-10-22,Meta,desktop_targeted,50.35,53,318,6.04
2014-10-22,direct,(direct),0.0,102,102,0.0
2014-10-23,Affiliate,(organic/referral),15.6,104,208,0.78
2014-10-23,Bing,brand,13.2,12,48,1.58
2014-10-23,Bing,nonbrand,84.7,77,308,10.16
2014-10-23,Google,brand,82.35,61,305,9.88
2014-10-23,Google,nonbrand,600.75,445,2225,72.09
2014-10-23,Meta,desktop_targeted,42.75,45,270,5.13
2014-10-23,direct,(direct),0.0,76,76,0.0
2014-10-24,Affiliate,(organic/referral),12.9,86,172,0.64
2014-10-24,Bing,brand,7.7,7,28,0.92
2014-10-24,Bing,nonbrand,80.3,73,292,9.64
2014-10-24,Google,brand,75.6,56,280,9.07
2014-10-24,Google,nonbrand,517.05,383,1915,62.05
2014-10-24,Meta,desktop_targeted,43.7,46,276,5.24
2014-10-24,direct,(direct),0.0,76,76,0.0
2014-10-25,Affiliate,(organic/referral),6.0,40,80,0.3
2014-10-25,Bing,brand,8.8,8,32,1.06
2014-10-25,Bing,nonbrand,46.2,42,168,5.54
2014-10-25,Google,brand,52.65,39,195,6.32
2014-10-25,Google,nonbrand,267.3,198,990,32.08
2014-10-25,Meta,desktop_targeted,15.2,16,96,1.82
2014-10-25,direct,(direct),0.0,46,46,0.0
2014-10-26,Affiliate,(organic/referral),7.05,47,94,0.35
2014-10-26,Bing,brand,6.6,6,24,0.79
2014-10-26,Bing,nonbrand,42.9,39,156,5.15
2014-10-26,Google,brand,56.7,42,210,6.8
2014-10-26,Google,nonbrand,249.75,185,925,29.97
2014-10-26,Meta,desktop_targeted,19.0,20,120,2.28
2014-10-26,direct,(direct),0.0,27,27,0.0
2014-10-27,Affiliate,(organic/referral),13.2,88,176,0.66
2014-10-27,Bing,brand,18.7,17,68,2.24
2014-10-27,Bing,nonbrand,88.0,80,320,10.56
2014-10-27,Google,brand,82.35,61,305,9.88
2014-10-27,Google,nonbrand,567.0,420,2100,68.04
2014-10-27,Meta,desktop_targeted,55.1,58,348,6.61
2014-10-27,direct,(direct),0.0,60,60,0.0
2014-10-28,Affiliate,(organic/referral),11.1,74,148,0.56
2014-10-28,Bing,brand,17.6,16,64,2.11
2014-10-28,Bing,nonbrand,71.5,65,260,8.58
2014-10-28,Google,brand,91.8,68,340,11.02
2014-10-28,Google,nonbrand,576.45,427,2135,69.17
2014-10-28,Meta,desktop_targeted,44.65,47,282,5.36
2014-10-28,direct,(direct),0.0,80,80,0.0
2014-10-29,Affiliate,(organic/referral),15.6,104,208,0.78
2014-10-29,Bing,brand,15.4,14,56,1.85
2014-10-29,Bing,nonbrand,108.9,99,396,13.07
2014-10-29,Google,brand,86.4,64,320,10.37
2014-10-29,Google,nonbrand,606.15,449,2245,72.74
2014-10-29,Meta,desktop_targeted,59.85,63,378,7.18
2014-10-29,direct,(direct),0.0,109,109,0.0
2014-10-30,Affiliate,(organic/referral),15.15,101,202,0.76
2014-10-30,Bing,brand,23.1,21,84,2.77
2014-10-30,Bing,nonbrand,103.4,94,376,12.41
2014-10-30,Google,brand,83.7,62,310,10.04
2014-10-30,Google,nonbrand,567.0,420,2100,68.04
2014-10-30,Meta,desktop_targeted,43.7,46,276,5.24
2014-10-30,direct,(direct),0.0,85,85,0.0
2014-10-31,Affiliate,(organic/referral),10.35,69,138,0.52
2014-10-31,Bing,brand,17.6,16,64,2.11
2014-10-31,Bing,nonbrand,92.4,84,336,11.09
2014-10-31,Google,brand,67.5,50,250,8.1
2014-10-31,Google,nonbrand,538.65,399,1995,64.64
2014-10-31,Meta,desktop_targeted,40.85,43,258,4.9
2014-10-31,direct,(direct),0.0,63,63,0.0
2014-11-01,Affiliate,(organic/referral),5.55,37,74,0.28
2014-11-01,Bing,brand,9.9,9,36,1.19
2014-11-01,Bing,nonbrand,57.2,52,208,6.86
2014-11-01,Google,brand,36.45,27,135,4.37
2014-11-01,Google,nonbrand,260.55,193,965,31.27
2014-11-01,Meta,desktop_targeted,23.75,25,150,2.85
2014-11-01,direct,(direct),0.0,27,27,0.0
2014-11-02,Affiliate,(organic/referral),4.95,33,66,0.25
2014-11-02,Bing,brand,6.6,6,24,0.79
2014-11-02,Bing,nonbrand,44.0,40,160,5.28
2014-11-02,Google,brand,39.15,29,145,4.7
2014-11-02,Google,nonbrand,274.05,203,1015,32.89
2014-11-02,Meta,desktop_targeted,13.3,14,84,1.6
2014-11-02,direct,(direct),0.0,52,52,0.0
2014-11-03,Affiliate,(organic/referral),13.05,87,174,0.65
2014-11-03,Bing,brand,19.8,18,72,2.38
2014-11-03,Bing,nonbrand,73.7,67,268,8.84
2014-11-03,Google,brand,90.45,67,335,10.85
2014-11-03,Google,nonbrand,542.7,402,2010,65.12
2014-11-03,Meta,desktop_targeted,49.4,52,312,5.93
2014-11-03,direct,(direct),0.0,82,82,0.0
2014-11-04,Affiliate,(organic/referral),13.65,91,182,0.68
2014-11-04,Bing,brand,6.6,6,24,0.79
2014-11-04,Bing,nonbrand,78.1,71,284,9.37
2014-11-04,Google,brand,75.6,56,280,9.07
2014-11-04,Google,nonbrand,541.35,401,2005,64.96
2014-11-04,Meta,desktop_targeted,47.5,50,300,5.7
2014-11-04,direct,(direct),0.0,90,90,0.0
2014-11-05,Affiliate,(organic/referral),15.3,102,204,0.76
2014-11-05,Bing,brand,23.1,21,84,2.77
2014-11-05,Bing,nonbrand,88.0,80,320,10.56
2014-11-05,Google,brand,103.95,77,385,12.47
2014-11-05,Google,nonbrand,584.55,433,2165,70.15
2014-11-05,Meta,desktop_targeted,62.7,66,396,7.52
2014-11-05,direct,(direct),0.0,96,96,0.0
2014-11-06,Affiliate,(organic/referral),15.9,106,212,0.8
2014-11-06,Bing,brand,13.2,12,48,1.58
2014-11-06,Bing,nonbrand,93.5,85,340,11.22
2014-11-06,Google,brand,97.2,72,360,11.66
2014-11-06,Google,nonbrand,575.1,426,2130,69.01
2014-11-06,Meta,desktop_targeted,43.7,46,276,5.24
2014-11-06,direct,(direct),0.0,78,78,0.0
2014-11-07,Affiliate,(organic/referral),15.6,104,208,0.78
2014-11-07,Bing,brand,13.2,12,48,1.58
2014-11-07,Bing,nonbrand,80.3,73,292,9.64
2014-11-07,Google,brand,78.3,58,290,9.4
2014-11-07,Google,nonbrand,554.85,411,2055,66.58
2014-11-07,Meta,desktop_targeted,58.9,62,372,7.07
2014-11-07,direct,(direct),0.0,82,82,0.0
2014-11-08,Affiliate,(organic/referral),7.05,47,94,0.35
2014-11-08,Bing,brand,11.0,10,40,1.32
2014-11-08,Bing,nonbrand,39.6,36,144,4.75
2014-11-08,Google,brand,44.55,33,165,5.35
2014-11-08,Google,nonbrand,255.15,189,945,30.62
2014-11-08,Meta,desktop_targeted,19.95,21,126,2.39
2014-11-08,direct,(direct),0.0,41,41,0.0
2014-11-09,Affiliate,(organic/referral),6.3,42,84,0.32
2014-11-09,Bing,brand,13.2,12,48,1.58
2014-11-09,Bing,nonbrand,68.2,62,248,8.18
2014-11-09,Google,brand,47.25,35,175,5.67
2014-11-09,Google,nonbrand,313.2,232,1160,37.58
2014-11-09,Meta,desktop_targeted,24.7,26,156,2.96
2014-11-09,direct,(direct),0.0,42,42,0.0
2014-11-10,Affiliate,(organic/referral),13.35,89,178,0.67
2014-11-10,Bing,brand,23.1,21,84,2.77
2014-11-10,Bing,nonbrand,110.0,100,400,13.2
2014-11-10,Google,brand,91.8,68,340,11.02
2014-11-10,Google,nonbrand,706.05,523,2615,84.73
2014-11-10,Meta,desktop_targeted,47.5,50,300,5.7
2014-11-10,direct,(direct),0.0,80,80,0.0
2014-11-11,Affiliate,(organic/referral),15.15,101,202,0.76
2014-11-11,Bing,brand,12.1,11,44,1.45
2014-11-11,Bing,nonbrand,101.2,92,368,12.14
2014-11-11,Google,brand,125.55,93,465,15.07
2014-11-11,Google,nonbrand,645.3,478,2390,77.44
2014-11-11,Meta,desktop_targeted,59.85,63,378,7.18
2014-11-11,direct,(direct),0.0,85,85,0.0
2014-11-12,Affiliate,(organic/referral),15.9,106,212,0.8
2014-11-12,Bing,brand,9.9,9,36,1.19
2014-11-12,Bing,nonbrand,130.9,119,476,15.71
2014-11-12,Google,brand,101.25,75,375,12.15
2014-11-12,Google,nonbrand,676.35,501,2505,81.16
2014-11-12,Meta,desktop_targeted,56.05,59,354,6.73
2014-11-12,direct,(direct),0.0,105,105,0.0
2014-11-13,Affiliate,(organic/referral),15.6,104,208,0.78
2014-11-13,Bing,brand,23.1,21,84,2.77
2014-11-13,Bing,nonbrand,119.9,109,436,14.39
2014-11-13,Google,brand,110.7,82,410,13.28
2014-11-13,Google,nonbrand,677.7,502,2510,81.32
2014-11-13,Meta,desktop_targeted,31.35,33,198,3.76
2014-11-13,direct,(direct),0.0,100,100,0.0
2014-11-14,Affiliate,(organic/referral),11.1,74,148,0.56
2014-11-14,Bing,brand,23.1,21,84,2.77
2014-11-14,Bing,nonbrand,110.0,100,400,13.2
2014-11-14,Google,brand,102.6,76,380,12.31
2014-11-14,Google,nonbrand,633.15,469,2345,75.98
2014-11-14,Meta,desktop_targeted,41.8,44,264,5.02
2014-11-14,direct,(direct),0.0,107,107,0.0
2014-11-15,Affiliate,(organic/referral),7.95,53,106,0.4
2014-11-15,Bing,brand,5.5,5,20,0.66
2014-11-15,Bing,nonbrand,51.7,47,188,6.2
2014-11-15,Google,brand,40.5,30,150,4.86
2014-11-15,Google,nonbrand,283.5,210,1050,34.02
2014-11-15,Meta,desktop_targeted,24.7,26,156,2.96
2014-11-15,direct,(direct),0.0,45,45,0.0
2014-11-16,Affiliate,(organic/referral),8.7,58,116,0.44
2014-11-16,Bing,brand,9.9,9,36,1.19
2014-11-16,Bing,nonbrand,53.9,49,196,6.47
2014-11-16,Google,brand,55.35,41,205,6.64
2014-11-16,Google,nonbrand,325.35,241,1205,39.04
2014-11-16,Meta,desktop_targeted,27.55,29,174,3.31
2014-11-16,direct,(direct),0.0,50,50,0.0
2014-11-17,Affiliate,(organic/referral),10.95,73,146,0.55
2014-11-17,Bing,brand,13.2,12,48,1.58
2014-11-17,Bing,nonbrand,110.0,100,400,13.2
2014-11-17,Google,brand,83.7,62,310,10.04
2014-11-17,Google,nonbrand,675.0,500,2500,81.0
2014-11-17,Meta,desktop_targeted,49.4,52,312,5.93
2014-11-17,direct,(direct),0.0,94,94,0.0
2014-11-18,Affiliate,(organic/referral),13.95,93,186,0.7
2014-11-18,Bing,brand,19.8,18,72,2.38
2014-11-18,Bing,nonbrand,117.7,107,428,14.12
2014-11-18,Google,brand,116.1,86,430,13.93
2014-11-18,Google,nonbrand,684.45,507,2535,82.13
2014-11-18,Meta,desktop_targeted,57.0,60,360,6.84
2014-11-18,direct,(direct),0.0,76,76,0.0
2014-11-19,Affiliate,(organic/referral),13.65,91,182,0.68
2014-11-19,Bing,brand,20.9,19,76,2.51
2014-11-19,Bing,nonbrand,134.2,122,488,16.1
2014-11-19,Google,brand,109.35,81,405,13.12
2014-11-19,Google,nonbrand,643.95,477,2385,77.27
2014-11-19,Meta,desktop_targeted,54.15,57,342,6.5
2014-11-19,direct,(direct),0.0,88,88,0.0
2014-11-20,Affiliate,(organic/referral),16.95,113,226,0.85
2014-11-20,Bing,brand,16.5,15,60,1.98
2014-11-20,Bing,nonbrand,125.4,114,456,15.05
2014-11-20,Google,brand,94.5,70,350,11.34
2014-11-20,Google,nonbrand,665.55,493,2465,79.87
2014-11-20,Meta,desktop_targeted,57.0,60,360,6.84
2014-11-20,direct,(direct),0.0,115,115,0.0
2014-11-21,Affiliate,(organic/referral),12.9,86,172,0.64
2014-11-21,Bing,brand,20.9,19,76,2.51
2014-11-21,Bing,nonbrand,117.7,107,428,14.12
2014-11-21,Google,brand,93.15,69,345,11.18
2014-11-21,Google,nonbrand,581.85,431,2155,69.82
2014-11-21,Meta,desktop_targeted,40.85,43,258,4.9
2014-11-21,direct,(direct),0.0,76,76,0.0
2014-11-22,Affiliate,(organic/referral),6.45,43,86,0.32
2014-11-22,Bing,brand,11.0,10,40,1.32
2014-11-22,Bing,nonbrand,61.6,56,224,7.39
2014-11-22,Google,brand,31.05,23,115,3.73
2014-11-22,Google,nonbrand,306.45,227,1135,36.77
2014-11-22,Meta,desktop_targeted,22.8,24,144,2.74
2014-11-22,direct,(direct),0.0,50,50,0.0
2014-11-23,Affiliate,(organic/referral),4.05,27,54,0.2
2014-11-23,Bing,brand,12.1,11,44,1.45
2014-11-23,Bing,nonbrand,35.2,32,128,4.22
2014-11-23,Google,brand,32.4,24,120,3.89
2014-11-23,Google,nonbrand,248.4,184,920,29.81
2014-11-23,Meta,desktop_targeted,20.9,22,132,2.51
2014-11-23,direct,(direct),0.0,44,44,0.0
2014-11-24,Affiliate,(organic/referral),10.05,67,134,0.5
2014-11-24,Bing,brand,11.0,10,40,1.32
2014-11-24,Bing,nonbrand,75.9,69,276,9.11
2014-11-24,Google,brand,105.3,78,390,12.64
2014-11-24,Google,nonbrand,494.1,366,1830,59.29
2014-11-24,Meta,desktop_targeted,40.85,43,258,4.9
2014-11-24,direct,(direct),0.0,59,59,0.0
2014-11-25,Affiliate,(organic/referral),9.75,65,130,0.49
2014-11-25,Bing,brand,18.7,17,68,2.24
2014-11-25,Bing,nonbrand,94.6,86,344,11.35
2014-11-25,Google,brand,81.0,60,300,9.72
2014-11-25,Google,nonbrand,483.3,358,1790,58.0
2014-11-25,Meta,desktop_targeted,28.5,30,180,3.42
2014-11-25,direct,(direct),0.0,60,60,0.0
2014-11-26,Affiliate,(organic/referral),10.05,67,134,0.5
2014-11-26,Bing,brand,14.3,13,52,1.72
2014-11-26,Bing,nonbrand,84.7,77,308,10.16
2014-11-26,Google,brand,74.25,55,275,8.91
2014-11-26,Google,nonbrand,538.65,399,1995,64.64
2014-11-26,Meta,desktop_targeted,44.65,47,282,5.36
2014-11-26,direct,(direct),0.0,57,57,0.0
2014-11-27,Affiliate,(organic/referral),11.55,77,154,0.58
2014-11-27,Bing,brand,16.5,15,60,1.98
2014-11-27,Bing,nonbrand,95.7,87,348,11.48
2014-11-27,Google,brand,98.55,73,365,11.83
2014-11-27,Google,nonbrand,527.85,391,1955,63.34
2014-11-27,Meta,desktop_targeted,32.3,34,204,3.88
2014-11-27,direct,(direct),0.0,55,55,0.0
2014-11-28,Affiliate,(organic/referral),25.95,173,346,1.3
2014-11-28,Bing,brand,67.1,61,244,8.05
2014-11-28,Bing,nonbrand,752.4,684,2736,90.29
2014-11-28,Google,brand,317.25,235,1175,38.07
2014-11-28,Google,nonbrand,4729.05,3503,17515,567.49
2014-11-28,Meta,desktop_targeted,348.65,367,2202,41.84
2014-11-28,direct,(direct),0.0,152,152,0.0
2014-11-29,Affiliate,(organic/referral),5.4,36,72,0.27
2014-11-29,Bing,brand,4.4,4,16,0.53
2014-11-29,Bing,nonbrand,30.8,28,112,3.7
2014-11-29,Google,brand,41.85,31,155,5.02
2014-11-29,Google,nonbrand,211.95,157,785,25.43
2014-11-29,Meta,desktop_targeted,11.4,12,72,1.37
2014-11-29,direct,(direct),0.0,37,37,0.0
2014-11-30,Affiliate,(organic/referral),7.2,48,96,0.36
2014-11-30,Bing,brand,11.0,10,40,1.32
2014-11-30,Bing,nonbrand,29.7,27,108,3.56
2014-11-30,Google,brand,36.45,27,135,4.37
2014-11-30,Google,nonbrand,174.15,129,645,20.9
2014-11-30,Meta,desktop_targeted,9.5,10,60,1.14
2014-11-30,direct,(direct),0.0,36,36,0.0
2014-12-01,Affiliate,(organic/referral),30.0,200,400,1.5
2014-12-01,Bing,brand,70.4,64,256,8.45
2014-12-01,Bing,nonbrand,647.9,589,2356,77.75
2014-12-01,Google,brand,324.0,240,1200,38.88
2014-12-01,Google,nonbrand,3993.3,2958,14790,479.2
2014-12-01,Meta,desktop_targeted,314.45,331,1986,37.73
2014-12-01,direct,(direct),0.0,144,144,0.0
2014-12-02,Affiliate,(organic/referral),9.9,66,132,0.5
2014-12-02,Bing,brand,22.0,20,80,2.64
2014-12-02,Bing,nonbrand,70.4,64,256,8.45
2014-12-02,Google,brand,81.0,60,300,9.72
2014-12-02,Google,nonbrand,427.95,317,1585,51.35
2014-12-02,Meta,desktop_targeted,23.75,25,150,2.85
2014-12-02,direct,(direct),0.0,76,76,0.0
2014-12-03,Affiliate,(organic/referral),13.35,89,178,0.67
2014-12-03,Bing,brand,15.4,14,56,1.85
2014-12-03,Bing,nonbrand,80.3,73,292,9.64
2014-12-03,Google,brand,85.05,63,315,10.21
2014-12-03,Google,nonbrand,410.4,304,1520,49.25
2014-12-03,Meta,desktop_targeted,20.9,22,132,2.51
2014-12-03,direct,(direct),0.0,71,71,0.0
2014-12-04,Affiliate,(organic/referral),11.7,78,156,0.58
2014-12-04,Bing,brand,13.2,12,48,1.58
2014-12-04,Bing,nonbrand,66.0,60,240,7.92
2014-12-04,Google,brand,108.0,80,400,12.96
2014-12-04,Google,nonbrand,402.3,298,1490,48.28
2014-12-04,Meta,desktop_targeted,24.7,26,156,2.96
2014-12-04,direct,(direct),0.0,75,75,0.0
2014-12-05,Affiliate,(organic/referral),10.8,72,144,0.54
2014-12-05,Bing,brand,13.2,12,48,1.58
2014-12-05,Bing,nonbrand,75.9,69,276,9.11
2014-12-05,Google,brand,91.8,68,340,11.02
2014-12-05,Google,nonbrand,382.05,283,1415,45.85
2014-12-05,Meta,desktop_targeted,34.2,36,216,4.1
2014-12-05,direct,(direct),0.0,64,64,0.0
2014-12-06,Affiliate,(organic/referral),4.35,29,58,0.22
2014-12-06,Bing,brand,15.4,14,56,1.85
2014-12-06,Bing,nonbrand,27.5,25,100,3.3
2014-12-06,Google,brand,25.65,19,95,3.08
2014-12-06,Google,nonbrand,164.7,122,610,19.76
2014-12-06,Meta,desktop_targeted,6.65,7,42,0.8
2014-12-06,direct,(direct),0.0,37,37,0.0
2014-12-07,Affiliate,(organic/referral),10.05,67,134,0.5
2014-12-07,Bing,brand,11.0,10,40,1.32
2014-12-07,Bing,nonbrand,55.0,50,200,6.6
2014-12-07,Google,brand,63.45,47,235,7.61
2014-12-07,Google,nonbrand,396.9,294,1470,47.63
2014-12-07,Meta,desktop_targeted,32.3,34,204,3.88
2014-12-07,direct,(direct),0.0,51,51,0.0
2014-12-08,Affiliate,(organic/referral),16.05,107,214,0.8
2014-12-08,Bing,brand,17.6,16,64,2.11
2014-12-08,Bing,nonbrand,112.2,102,408,13.46
2014-12-08,Google,brand,141.75,105,525,17.01
2014-12-08,Google,nonbrand,737.1,546,2730,88.45
2014-12-08,Meta,desktop_targeted,54.15,57,342,6.5
2014-12-08,direct,(direct),0.0,110,110,0.0
2014-12-09,Affiliate,(organic/referral),19.8,132,264,0.99
2014-12-09,Bing,brand,23.1,21,84,2.77
2014-12-09,Bing,nonbrand,122.1,111,444,14.65
2014-12-09,Google,brand,149.85,111,555,17.98
2014-12-09,Google,nonbrand,766.8,568,2840,92.02
2014-12-09,Meta,desktop_targeted,72.2,76,456,8.66
2014-12-09,direct,(direct),0.0,105,105,0.0
2014-12-10,Affiliate,(organic/referral),19.65,131,262,0.98
2014-12-10,Bing,brand,29.7,27,108,3.56
2014-12-10,Bing,nonbrand,133.1,121,484,15.97
2014-12-10,Google,brand,124.2,92,460,14.9
2014-12-10,Google,nonbrand,819.45,607,3035,98.33
2014-12-10,Meta,desktop_targeted,66.5,70,420,7.98
2014-12-10,direct,(direct),0.0,118,118,0.0
2014-12-11,Affiliate,(organic/referral),16.95,113,226,0.85
2014-12-11,Bing,brand,31.9,29,116,3.83
2014-12-11,Bing,nonbrand,117.7,107,428,14.12
2014-12-11,Google,brand,85.05,63,315,10.21
2014-12-11,Google,nonbrand,789.75,585,2925,94.77
2014-12-11,Meta,desktop_targeted,50.35,53,318,6.04
2014-12-11,direct,(direct),0.0,121,121,0.0
2014-12-12,Affiliate,(organic/referral),16.95,113,226,0.85
2014-12-12,Bing,brand,22.0,20,80,2.64
2014-12-12,Bing,nonbrand,118.8,108,432,14.26
2014-12-12,Google,brand,117.45,87,435,14.09
2014-12-12,Google,nonbrand,726.3,538,2690,87.16
2014-12-12,Meta,desktop_targeted,57.0,60,360,6.84
2014-12-12,direct,(direct),0.0,98,98,0.0
2014-12-13,Affiliate,(organic/referral),8.1,54,108,0.4
2014-12-13,Bing,brand,12.1,11,44,1.45
2014-12-13,Bing,nonbrand,53.9,49,196,6.47
2014-12-13,Google,brand,58.05,43,215,6.97
2014-12-13,Google,nonbrand,390.15,289,1445,46.82
2014-12-13,Meta,desktop_targeted,37.05,39,234,4.45
2014-12-13,direct,(direct),0.0,65,65,0.0
2014-12-14,Affiliate,(organic/referral),8.4,56,112,0.42
2014-12-14,Bing,brand,13.2,12,48,1.58
2014-12-14,Bing,nonbrand,52.8,48,192,6.34
2014-12-14,Google,brand,55.35,41,205,6.64
2014-12-14,Google,nonbrand,357.75,265,1325,42.93
2014-12-14,Meta,desktop_targeted,35.15,37,222,4.22
2014-12-14,direct,(direct),0.0,64,64,0.0
2014-12-15,Affiliate,(organic/referral),15.75,105,210,0.79
2014-12-15,Bing,brand,26.4,24,96,3.17
2014-12-15,Bing,nonbrand,118.8,108,432,14.26
2014-12-15,Google,brand,105.3,78,390,12.64
2014-12-15,Google,nonbrand,746.55,553,2765,89.59
2014-12-15,Meta,desktop_targeted,68.4,72,432,8.21
2014-12-15,direct,(direct),0.0,100,100,0.0
2014-12-16,Affiliate,(organic/referral),18.0,120,240,0.9
2014-12-16,Bing,brand,23.1,21,84,2.77
2014-12-16,Bing,nonbrand,116.6,106,424,13.99
2014-12-16,Google,brand,101.25,75,375,12.15
2014-12-16,Google,nonbrand,727.65,539,2695,87.32
2014-12-16,Meta,desktop_targeted,69.35,73,438,8.32
2014-12-16,direct,(direct),0.0,120,120,0.0
2014-12-17,Affiliate,(organic/referral),18.9,126,252,0.94
2014-12-17,Bing,brand,20.9,19,76,2.51
2014-12-17,Bing,nonbrand,145.2,132,528,17.42
2014-12-17,Google,brand,129.6,96,480,15.55
2014-12-17,Google,nonbrand,858.6,636,3180,103.03
2014-12-17,Meta,desktop_targeted,73.15,77,462,8.78
2014-12-17,direct,(direct),0.0,105,105,0.0
2014-12-18,Affiliate,(organic/referral),19.35,129,258,0.97
2014-12-18,Bing,brand,27.5,25,100,3.3
2014-12-18,Bing,nonbrand,124.3,113,452,14.92
2014-12-18,Google,brand,132.3,98,490,15.88
2014-12-18,Google,nonbrand,764.1,566,2830,91.69
2014-12-18,Meta,desktop_targeted,60.8,64,384,7.3
2014-12-18,direct,(direct),0.0,119,119,0.0
2014-12-19,Affiliate,(organic/referral),16.2,108,216,0.81
2014-12-19,Bing,brand,17.6,16,64,2.11
2014-12-19,Bing,nonbrand,123.2,112,448,14.78
2014-12-19,Google,brand,99.9,74,370,11.99
2014-12-19,Google,nonbrand,739.8,548,2740,88.78
2014-12-19,Meta,desktop_targeted,52.25,55,330,6.27
2014-12-19,direct,(direct),0.0,91,91,0.0
2014-12-20,Affiliate,(organic/referral),7.8,52,104,0.39
2014-12-20,Bing,brand,14.3,13,52,1.72
2014-12-20,Bing,nonbrand,47.3,43,172,5.68
2014-12-20,Google,brand,62.1,46,230,7.45
2014-12-20,Google,nonbrand,340.2,252,1260,40.82
2014-12-20,Meta,desktop_targeted,21.85,23,138,2.62
2014-12-20,direct,(direct),0.0,57,57,0.0
2014-12-21,Affiliate,(organic/referral),9.9,66,132,0.5
2014-12-21,Bing,brand,8.8,8,32,1.06
2014-12-21,Bing,nonbrand,62.7,57,228,7.52
2014-12-21,Google,brand,79.65,59,295,9.56
2014-12-21,Google,nonbrand,365.85,271,1355,43.9
2014-12-21,Meta,desktop_targeted,33.25,35,210,3.99
2014-12-21,direct,(direct),0.0,55,55,0.0
2014-12-22,Affiliate,(organic/referral),15.15,101,202,0.76
2014-12-22,Bing,brand,22.0,20,80,2.64
2014-12-22,Bing,nonbrand,101.2,92,368,12.14
2014-12-22,Google,brand,116.1,86,430,13.93
2014-12-22,Google,nonbrand,799.2,592,2960,95.9
2014-12-22,Meta,desktop_targeted,61.75,65,390,7.41
2014-12-22,direct,(direct),0.0,100,100,0.0
2014-12-23,Affiliate,(organic/referral),17.55,117,234,0.88
2014-12-23,Bing,brand,24.2,22,88,2.9
2014-12-23,Bing,nonbrand,127.6,116,464,15.31
2014-12-23,Google,brand,97.2,72,360,11.66
2014-12-23,Google,nonbrand,714.15,529,2645,85.7
2014-12-23,Meta,desktop_targeted,75.05,79,474,9.01
2014-12-23,direct,(direct),0.0,117,117,0.0
2014-12-24,Affiliate,(organic/referral),19.8,132,264,0.99
2014-12-24,Bing,brand,36.3,33,132,4.36
2014-12-24,Bing,nonbrand,110.0,100,400,13.2
2014-12-24,Google,brand,126.9,94,470,15.23
2014-12-24,Google,nonbrand,847.8,628,3140,101.74
2014-12-24,Meta,desktop_targeted,82.65,87,522,9.92
2014-12-24,direct,(direct),0.0,132,132,0.0
2014-12-25,Affiliate,(organic/referral),19.65,131,262,0.98
2014-12-25,Bing,brand,22.0,20,80,2.64
2014-12-25,Bing,nonbrand,95.7,87,348,11.48
2014-12-25,Google,brand,124.2,92,460,14.9
2014-12-25,Google,nonbrand,657.45,487,2435,78.89
2014-12-25,Meta,desktop_targeted,55.1,58,348,6.61
2014-12-25,direct,(direct),0.0,99,99,0.0
2014-12-26,Affiliate,(organic/referral),19.5,130,260,0.98
2014-12-26,Bing,brand,14.3,13,52,1.72
2014-12-26,Bing,nonbrand,115.5,105,420,13.86
2014-12-26,Google,brand,112.05,83,415,13.45
2014-12-26,Google,nonbrand,719.55,533,2665,86.35
2014-12-26,Meta,desktop_targeted,52.25,55,330,6.27
2014-12-26,direct,(direct),0.0,107,107,0.0
2014-12-27,Affiliate,(organic/referral),9.0,60,120,0.45
2014-12-27,Bing,brand,12.1,11,44,1.45
2014-12-27,Bing,nonbrand,62.7,57,228,7.52
2014-12-27,Google,brand,67.5,50,250,8.1
2014-12-27,Google,nonbrand,363.15,269,1345,43.58
2014-12-27,Meta,desktop_targeted,29.45,31,186,3.53
2014-12-27,direct,(direct),0.0,48,48,0.0
2014-12-28,Affiliate,(organic/referral),5.7,38,76,0.29
2014-12-28,Bing,brand,18.7,17,68,2.24
2014-12-28,Bing,nonbrand,38.5,35,140,4.62
2014-12-28,Google,brand,55.35,41,205,6.64
2014-12-28,Google,nonbrand,324.0,240,1200,38.88
2014-12-28,direct,(direct),0.0,56,56,0.0
2014-12-29,Affiliate,(organic/referral),14.4,96,192,0.72
2014-12-29,Bing,brand,24.2,22,88,2.9
2014-12-29,Bing,nonbrand,63.8,58,232,7.66
2014-12-29,Google,brand,124.2,92,460,14.9
2014-12-29,Google,nonbrand,662.85,491,2455,79.54
2014-12-29,direct,(direct),0.0,105,105,0.0
2014-12-30,Affiliate,(organic/referral),17.25,115,230,0.86
2014-12-30,Bing,brand,16.5,15,60,1.98
2014-12-30,Bing,nonbrand,74.8,68,272,8.98
2014-12-30,Google,brand,116.1,86,430,13.93
2014-12-30,Google,nonbrand,672.3,498,2490,80.68
2014-12-30,direct,(direct),0.0,100,100,0.0
2014-12-31,Affiliate,(organic/referral),16.2,108,216,0.81
2014-12-31,Bing,brand,18.7,17,68,2.24
2014-12-31,Bing,nonbrand,90.2,82,328,10.82
2014-12-31,Google,brand,130.95,97,485,15.71
2014-12-31,Google,nonbrand,719.55,533,2665,86.35
2014-12-31,direct,(direct),0.0,102,102,0.0
2015-01-01,Affiliate,(organic/referral),17.55,117,234,0.88
2015-01-01,Bing,brand,15.4,14,56,1.85
2015-01-01,Bing,nonbrand,89.1,81,324,10.69
2015-01-01,Google,brand,121.5,90,450,14.58
2015-01-01,Google,nonbrand,712.8,528,2640,85.54
2015-01-01,direct,(direct),0.0,110,110,0.0
2015-01-02,Affiliate,(organic/referral),16.5,110,220,0.82
2015-01-02,Bing,brand,19.8,18,72,2.38
2015-01-02,Bing,nonbrand,114.4,104,416,13.73
2015-01-02,Google,brand,114.75,85,425,13.77
2015-01-02,Google,nonbrand,625.05,463,2315,75.01
2015-01-02,direct,(direct),0.0,108,108,0.0
2015-01-03,Affiliate,(organic/referral),7.8,52,104,0.39
2015-01-03,Bing,brand,7.7,7,28,0.92
2015-01-03,Bing,nonbrand,66.0,60,240,7.92
2015-01-03,Google,brand,36.45,27,135,4.37
2015-01-03,Google,nonbrand,344.25,255,1275,41.31
2015-01-03,direct,(direct),0.0,61,61,0.0
2015-01-04,Affiliate,(organic/referral),8.1,54,108,0.4
2015-01-04,Bing,brand,7.7,7,28,0.92
2015-01-04,Bing,nonbrand,102.3,93,372,12.28
2015-01-04,Google,brand,85.05,63,315,10.21
2015-01-04,Google,nonbrand,306.45,227,1135,36.77
2015-01-04,direct,(direct),0.0,44,44,0.0
2015-01-05,Affiliate,(organic/referral),17.4,116,232,0.87
2015-01-05,Bing,brand,24.2,22,88,2.9
2015-01-05,Bing,nonbrand,147.4,134,536,17.69
2015-01-05,Google,brand,162.0,120,600,19.44
2015-01-05,Google,nonbrand,699.3,518,2590,83.92
2015-01-05,direct,(direct),0.0,103,103,0.0
2015-01-06,Affiliate,(organic/referral),19.65,131,262,0.98
2015-01-06,Bing,brand,22.0,20,80,2.64
2015-01-06,Bing,nonbrand,147.4,134,536,17.69
2015-01-06,Google,brand,98.55,73,365,11.83
2015-01-06,Google,nonbrand,645.3,478,2390,77.44
2015-01-06,direct,(direct),0.0,104,104,0.0
2015-01-07,Affiliate,(organic/referral),19.05,127,254,0.95
2015-01-07,Bing,brand,26.4,24,96,3.17
2015-01-07,Bing,nonbrand,146.3,133,532,17.56
2015-01-07,Google,brand,133.65,99,495,16.04
2015-01-07,Google,nonbrand,791.1,586,2930,94.93
2015-01-07,direct,(direct),0.0,119,119,0.0
2015-01-08,Affiliate,(organic/referral),18.75,125,250,0.94
2015-01-08,Bing,brand,23.1,21,84,2.77
2015-01-08,Bing,nonbrand,117.7,107,428,14.12
2015-01-08,Google,brand,112.05,83,415,13.45
2015-01-08,Google,nonbrand,761.4,564,2820,91.37
2015-01-08,direct,(direct),0.0,111,111,0.0
2015-01-09,Affiliate,(organic/referral),16.65,111,222,0.83
2015-01-09,Bing,brand,24.2,22,88,2.9
2015-01-09,Bing,nonbrand,104.5,95,380,12.54
2015-01-09,Google,brand,94.5,70,350,11.34
2015-01-09,Google,nonbrand,637.2,472,2360,76.46
2015-01-09,direct,(direct),0.0,95,95,0.0
2015-01-10,Affiliate,(organic/referral),9.3,62,124,0.46
2015-01-10,Bing,brand,9.9,9,36,1.19
2015-01-10,Bing,nonbrand,34.1,31,124,4.09
2015-01-10,Google,brand,67.5,50,250,8.1
2015-01-10,Google,nonbrand,341.55,253,1265,40.99
2015-01-10,direct,(direct),0.0,58,58,0.0
2015-01-11,Affiliate,(organic/referral),7.2,48,96,0.36
2015-01-11,Bing,brand,5.5,5,20,0.66
2015-01-11,Bing,nonbrand,40.7,37,148,4.88
2015-01-11,Google,brand,55.35,41,205,6.64
2015-01-11,Google,nonbrand,372.6,276,1380,44.71
2015-01-11,direct,(direct),0.0,65,65,0.0
2015-01-12,Affiliate,(organic/referral),17.4,116,232,0.87
2015-01-12,Bing,brand,25.3,23,92,3.04
2015-01-12,Bing,nonbrand,103.4,94,376,12.41
2015-01-12,Google,brand,114.75,85,425,13.77
2015-01-12,Google,nonbrand,670.95,497,2485,80.51
2015-01-12,direct,(direct),0.0,107,107,0.0
2015-01-13,Affiliate,(organic/referral),18.75,125,250,0.94
2015-01-13,Bing,brand,18.7,17,68,2.24
2015-01-13,Bing,nonbrand,103.4,94,376,12.41
2015-01-13,Google,brand,136.35,101,505,16.36
2015-01-13,Google,nonbrand,706.05,523,2615,84.73
2015-01-13,direct,(direct),0.0,102,102,0.0
2015-01-14,Affiliate,(organic/referral),17.7,118,236,0.88
2015-01-14,Bing,brand,33.0,30,120,3.96
2015-01-14,Bing,nonbrand,95.7,87,348,11.48
2015-01-14,Google,brand,126.9,94,470,15.23
2015-01-14,Google,nonbrand,747.9,554,2770,89.75
2015-01-14,direct,(direct),0.0,138,138,0.0
2015-01-15,Affiliate,(organic/referral),16.8,112,224,0.84
2015-01-15,Bing,brand,26.4,24,96,3.17
2015-01-15,Bing,nonbrand,116.6,106,424,13.99
2015-01-15,Google,brand,129.6,96,480,15.55
2015-01-15,Google,nonbrand,712.8,528,2640,85.54
2015-01-15,direct,(direct),0.0,107,107,0.0
2015-01-16,Affiliate,(organic/referral),15.45,103,206,0.77
2015-01-16,Bing,brand,17.6,16,64,2.11
2015-01-16,Bing,nonbrand,111.1,101,404,13.33
2015-01-16,Google,brand,95.85,71,355,11.5
2015-01-16,Google,nonbrand,684.45,507,2535,82.13
2015-01-16,direct,(direct),0.0,89,89,0.0
2015-01-17,Affiliate,(organic/referral),7.5,50,100,0.38
2015-01-17,Bing,brand,12.1,11,44,1.45
2015-01-17,Bing,nonbrand,61.6,56,224,7.39
2015-01-17,Google,brand,45.9,34,170,5.51
2015-01-17,Google,nonbrand,309.15,229,1145,37.1
2015-01-17,direct,(direct),0.0,44,44,0.0
2015-01-18,Affiliate,(organic/referral),7.5,50,100,0.38
2015-01-18,Bing,brand,12.1,11,44,1.45
2015-01-18,Bing,nonbrand,52.8,48,192,6.34
2015-01-18,Google,brand,45.9,34,170,5.51
2015-01-18,Google,nonbrand,341.55,253,1265,40.99
2015-01-18,direct,(direct),0.0,64,64,0.0
2015-01-19,Affiliate,(organic/referral),18.0,120,240,0.9
2015-01-19,Bing,brand,18.7,17,68,2.24
2015-01-19,Bing,nonbrand,123.2,112,448,14.78
2015-01-19,Google,brand,126.9,94,470,15.23
2015-01-19,Google,nonbrand,688.5,510,2550,82.62
2015-01-19,direct,(direct),0.0,100,100,0.0
2015-01-20,Affiliate,(organic/referral),17.1,114,228,0.86
2015-01-20,Bing,brand,24.2,22,88,2.9
2015-01-20,Bing,nonbrand,132.0,120,480,15.84
2015-01-20,Google,brand,121.5,90,450,14.58
2015-01-20,Google,nonbrand,641.25,475,2375,76.95
2015-01-20,direct,(direct),0.0,101,101,0.0
2015-01-21,Affiliate,(organic/referral),20.25,135,270,1.01
2015-01-21,Bing,brand,24.2,22,88,2.9
2015-01-21,Bing,nonbrand,128.7,117,468,15.44
2015-01-21,Google,brand,135.0,100,500,16.2
2015-01-21,Google,nonbrand,729.0,540,2700,87.48
2015-01-21,direct,(direct),0.0,102,102,0.0
2015-01-22,Affiliate,(organic/referral),18.9,126,252,0.94
2015-01-22,Bing,brand,36.3,33,132,4.36
2015-01-22,Bing,nonbrand,114.4,104,416,13.73
2015-01-22,Google,brand,122.85,91,455,14.74
2015-01-22,Google,nonbrand,700.65,519,2595,84.08
2015-01-22,direct,(direct),0.0,117,117,0.0
2015-01-23,Affiliate,(organic/referral),15.75,105,210,0.79
2015-01-23,Bing,brand,15.4,14,56,1.85
2015-01-23,Bing,nonbrand,112.2,102,408,13.46
2015-01-23,Google,brand,113.4,84,420,13.61
2015-01-23,Google,nonbrand,664.2,492,2460,79.7
2015-01-23,direct,(direct),0.0,102,102,0.0
2015-01-24,Affiliate,(organic/referral),7.8,52,104,0.39
2015-01-24,Bing,brand,6.6,6,24,0.79
2015-01-24,Bing,nonbrand,57.2,52,208,6.86
2015-01-24,Google,brand,66.15,49,245,7.94
2015-01-24,Google,nonbrand,382.05,283,1415,45.85
2015-01-24,direct,(direct),0.0,58,58,0.0
2015-01-25,Affiliate,(organic/referral),8.25,55,110,0.41
2015-01-25,Bing,brand,7.7,7,28,0.92
2015-01-25,Bing,nonbrand,47.3,43,172,5.68
2015-01-25,Google,brand,59.4,44,220,7.13
2015-01-25,Google,nonbrand,321.3,238,1190,38.56
2015-01-25,direct,(direct),0.0,49,49,0.0
2015-01-26,Affiliate,(organic/referral),21.45,143,286,1.07
2015-01-26,Bing,brand,20.9,19,76,2.51
2015-01-26,Bing,nonbrand,88.0,80,320,10.56
2015-01-26,Google,brand,113.4,84,420,13.61
2015-01-26,Google,nonbrand,750.6,556,2780,90.07
2015-01-26,direct,(direct),0.0,113,113,0.0
2015-01-27,Affiliate,(organic/referral),16.5,110,220,0.82
2015-01-27,Bing,brand,15.4,14,56,1.85
2015-01-27,Bing,nonbrand,117.7,107,428,14.12
2015-01-27,Google,brand,129.6,96,480,15.55
2015-01-27,Google,nonbrand,739.8,548,2740,88.78
2015-01-27,direct,(direct),0.0,120,120,0.0
2015-01-28,Affiliate,(organic/referral),18.9,126,252,0.94
2015-01-28,Bing,brand,26.4,24,96,3.17
2015-01-28,Bing,nonbrand,110.0,100,400,13.2
2015-01-28,Google,brand,129.6,96,480,15.55
2015-01-28,Google,nonbrand,780.3,578,2890,93.64
2015-01-28,direct,(direct),0.0,112,112,0.0
2015-01-29,Affiliate,(organic/referral),19.2,128,256,0.96
2015-01-29,Bing,brand,26.4,24,96,3.17
2015-01-29,Bing,nonbrand,111.1,101,404,13.33
2015-01-29,Google,brand,144.45,107,535,17.33
2015-01-29,Google,nonbrand,729.0,540,2700,87.48
2015-01-29,direct,(direct),0.0,119,119,0.0
2015-01-30,Affiliate,(organic/referral),16.05,107,214,0.8
2015-01-30,Bing,brand,19.8,18,72,2.38
2015-01-30,Bing,nonbrand,84.7,77,308,10.16
2015-01-30,Google,brand,99.9,74,370,11.99
2015-01-30,Google,nonbrand,642.6,476,2380,77.11
2015-01-30,direct,(direct),0.0,95,95,0.0
2015-01-31,Affiliate,(organic/referral),7.05,47,94,0.35
2015-01-31,Bing,brand,11.0,10,40,1.32
2015-01-31,Bing,nonbrand,42.9,39,156,5.15
2015-01-31,Google,brand,49.95,37,185,5.99
2015-01-31,Google,nonbrand,351.0,260,1300,42.12
2015-01-31,direct,(direct),0.0,57,57,0.0
2015-02-01,Affiliate,(organic/referral),7.5,50,100,0.38
2015-02-01,Bing,brand,8.8,8,32,1.06
2015-02-01,Bing,nonbrand,71.5,65,260,8.58
2015-02-01,Google,brand,54.0,40,200,6.48
2015-02-01,Google,nonbrand,282.15,209,1045,33.86
2015-02-01,direct,(direct),0.0,56,56,0.0
2015-02-02,Affiliate,(organic/referral),16.35,109,218,0.82
2015-02-02,Bing,brand,24.2,22,88,2.9
2015-02-02,Bing,nonbrand,121.0,110,440,14.52
2015-02-02,Google,brand,128.25,95,475,15.39
2015-02-02,Google,nonbrand,668.25,495,2475,80.19
2015-02-02,direct,(direct),0.0,114,114,0.0
2015-02-03,Affiliate,(organic/referral),19.35,129,258,0.97
2015-02-03,Bing,brand,14.3,13,52,1.72
2015-02-03,Bing,nonbrand,106.7,97,388,12.8
2015-02-03,Google,brand,136.35,101,505,16.36
2015-02-03,Google,nonbrand,726.3,538,2690,87.16
2015-02-03,direct,(direct),0.0,105,105,0.0
2015-02-04,Affiliate,(organic/referral),18.0,120,240,0.9
2015-02-04,Bing,brand,26.4,24,96,3.17
2015-02-04,Bing,nonbrand,118.8,108,432,14.26
2015-02-04,Google,brand,121.5,90,450,14.58
2015-02-04,Google,nonbrand,731.7,542,2710,87.8
2015-02-04,direct,(direct),0.0,119,119,0.0
2015-02-05,Affiliate,(organic/referral),16.65,111,222,0.83
2015-02-05,Bing,brand,36.3,33,132,4.36
2015-02-05,Bing,nonbrand,112.2,102,408,13.46
2015-02-05,Google,brand,124.2,92,460,14.9
2015-02-05,Google,nonbrand,666.9,494,2470,80.03
2015-02-05,direct,(direct),0.0,114,114,0.0
2015-02-06,Affiliate,(organic/referral),18.3,122,244,0.92
2015-02-06,Bing,brand,19.8,18,72,2.38
2015-02-06,Bing,nonbrand,115.5,105,420,13.86
2015-02-06,Google,brand,102.6,76,380,12.31
2015-02-06,Google,nonbrand,643.95,477,2385,77.27
2015-02-06,direct,(direct),0.0,100,100,0.0
2015-02-07,Affiliate,(organic/referral),7.65,51,102,0.38
2015-02-07,Bing,brand,5.5,5,20,0.66
2015-02-07,Bing,nonbrand,70.4,64,256,8.45
2015-02-07,Google,brand,60.75,45,225,7.29
2015-02-07,Google,nonbrand,333.45,247,1235,40.01
2015-02-07,direct,(direct),0.0,57,57,0.0
2015-02-08,Affiliate,(organic/referral),8.85,59,118,0.44
2015-02-08,Bing,brand,12.1,11,44,1.45
2015-02-08,Bing,nonbrand,71.5,65,260,8.58
2015-02-08,Google,brand,47.25,35,175,5.67
2015-02-08,Google,nonbrand,423.9,314,1570,50.87
2015-02-08,direct,(direct),0.0,55,55,0.0
2015-02-09,Affiliate,(organic/referral),13.8,92,184,0.69
2015-02-09,Bing,brand,33.0,30,120,3.96
2015-02-09,Bing,nonbrand,135.3,123,492,16.24
2015-02-09,Google,brand,125.55,93,465,15.07
2015-02-09,Google,nonbrand,843.75,625,3125,101.25
2015-02-09,direct,(direct),0.0,104,104,0.0
2015-02-10,Affiliate,(organic/referral),19.8,132,264,0.99
2015-02-10,Bing,brand,26.4,24,96,3.17
2015-02-10,Bing,nonbrand,137.5,125,500,16.5
2015-02-10,Google,brand,135.0,100,500,16.2
2015-02-10,Google,nonbrand,837.0,620,3100,100.44
2015-02-10,direct,(direct),0.0,118,118,0.0
2015-02-11,Affiliate,(organic/referral),19.5,130,260,0.98
2015-02-11,Bing,brand,28.6,26,104,3.43
2015-02-11,Bing,nonbrand,148.5,135,540,17.82
2015-02-11,Google,brand,136.35,101,505,16.36
2015-02-11,Google,nonbrand,967.95,717,3585,116.15
2015-02-11,direct,(direct),0.0,115,115,0.0
2015-02-12,Affiliate,(organic/referral),19.8,132,264,0.99
2015-02-12,Bing,brand,23.1,21,84,2.77
2015-02-12,Bing,nonbrand,171.6,156,624,20.59
2015-02-12,Google,brand,133.65,99,495,16.04
2015-02-12,Google,nonbrand,920.7,682,3410,110.48
2015-02-12,direct,(direct),0.0,121,121,0.0
2015-02-13,Affiliate,(organic/referral),18.75,125,250,0.94
2015-02-13,Bing,brand,17.6,16,64,2.11
2015-02-13,Bing,nonbrand,132.0,120,480,15.84
2015-02-13,Google,brand,120.15,89,445,14.42
2015-02-13,Google,nonbrand,799.2,592,2960,95.9
2015-02-13,direct,(direct),0.0,102,102,0.0
2015-02-14,Affiliate,(organic/referral),9.3,62,124,0.46
2015-02-14,Bing,brand,9.9,9,36,1.19
2015-02-14,Bing,nonbrand,69.3,63,252,8.32
2015-02-14,Google,brand,54.0,40,200,6.48
2015-02-14,Google,nonbrand,411.75,305,1525,49.41
2015-02-14,direct,(direct),0.0,52,52,0.0
2015-02-15,Affiliate,(organic/referral),9.15,61,122,0.46
2015-02-15,Bing,brand,9.9,9,36,1.19
2015-02-15,Bing,nonbrand,47.3,43,172,5.68
2015-02-15,Google,brand,49.95,37,185,5.99
2015-02-15,Google,nonbrand,344.25,255,1275,41.31
2015-02-15,direct,(direct),0.0,49,49,0.0
2015-02-16,Affiliate,(organic/referral),18.6,124,248,0.93
2015-02-16,Bing,brand,18.7,17,68,2.24
2015-02-16,Bing,nonbrand,118.8,108,432,14.26
2015-02-16,Google,brand,120.15,89,445,14.42
2015-02-16,Google,nonbrand,633.15,469,2345,75.98
2015-02-16,direct,(direct),0.0,97,97,0.0
2015-02-17,Affiliate,(organic/referral),16.8,112,224,0.84
2015-02-17,Bing,brand,20.9,19,76,2.51
2015-02-17,Bing,nonbrand,107.8,98,392,12.94
2015-02-17,Google,brand,126.9,94,470,15.23
2015-02-17,Google,nonbrand,702.0,520,2600,84.24
2015-02-17,direct,(direct),0.0,117,117,0.0
2015-02-18,Affiliate,(organic/referral),17.55,117,234,0.88
2015-02-18,Bing,brand,31.9,29,116,3.83
2015-02-18,Bing,nonbrand,115.5,105,420,13.86
2015-02-18,Google,brand,128.25,95,475,15.39
2015-02-18,Google,nonbrand,778.95,577,2885,93.47
2015-02-18,direct,(direct),0.0,114,114,0.0
2015-02-19,Affiliate,(organic/referral),20.1,134,268,1.0
2015-02-19,Bing,brand,29.7,27,108,3.56
2015-02-19,Bing,nonbrand,113.3,103,412,13.6
2015-02-19,Google,brand,112.05,83,415,13.45
2015-02-19,Google,nonbrand,716.85,531,2655,86.02
2015-02-19,direct,(direct),0.0,122,122,0.0
2015-02-20,Affiliate,(organic/referral),17.25,115,230,0.86
2015-02-20,Bing,brand,18.7,17,68,2.24
2015-02-20,Bing,nonbrand,96.8,88,352,11.62
2015-02-20,Google,brand,133.65,99,495,16.04
2015-02-20,Google,nonbrand,673.65,499,2495,80.84
2015-02-20,direct,(direct),0.0,98,98,0.0
2015-02-21,Affiliate,(organic/referral),7.95,53,106,0.4
2015-02-21,Bing,brand,6.6,6,24,0.79
2015-02-21,Bing,nonbrand,46.2,42,168,5.54
2015-02-21,Google,brand,60.75,45,225,7.29
2015-02-21,Google,nonbrand,337.5,250,1250,40.5
2015-02-21,direct,(direct),0.0,48,48,0.0
2015-02-22,Affiliate,(organic/referral),8.85,59,118,0.44
2015-02-22,Bing,brand,9.9,9,36,1.19
2015-02-22,Bing,nonbrand,56.1,51,204,6.73
2015-02-22,Google,brand,47.25,35,175,5.67
2015-02-22,Google,nonbrand,306.45,227,1135,36.77
2015-02-22,direct,(direct),0.0,51,51,0.0
2015-02-23,Affiliate,(organic/referral),14.1,94,188,0.7
2015-02-23,Bing,brand,17.6,16,64,2.11
2015-02-23,Bing,nonbrand,102.3,93,372,12.28
2015-02-23,Google,brand,117.45,87,435,14.09
2015-02-23,Google,nonbrand,707.4,524,2620,84.89
2015-02-23,direct,(direct),0.0,108,108,0.0
2015-02-24,Affiliate,(organic/referral),16.35,109,218,0.82
2015-02-24,Bing,brand,23.1,21,84,2.77
2015-02-24,Bing,nonbrand,99.0,90,360,11.88
2015-02-24,Google,brand,121.5,90,450,14.58
2015-02-24,Google,nonbrand,730.35,541,2705,87.64
2015-02-24,direct,(direct),0.0,106,106,0.0
2015-02-25,Affiliate,(organic/referral),17.55,117,234,0.88
2015-02-25,Bing,brand,34.1,31,124,4.09
2015-02-25,Bing,nonbrand,149.6,136,544,17.95
2015-02-25,Google,brand,124.2,92,460,14.9
2015-02-25,Google,nonbrand,807.3,598,2990,96.88
2015-02-25,direct,(direct),0.0,125,125,0.0
2015-02-26,Affiliate,(organic/referral),17.55,117,234,0.88
2015-02-26,Bing,brand,14.3,13,52,1.72
2015-02-26,Bing,nonbrand,141.9,129,516,17.03
2015-02-26,Google,brand,135.0,100,500,16.2
2015-02-26,Google,nonbrand,683.1,506,2530,81.97
2015-02-26,direct,(direct),0.0,111,111,0.0
2015-02-27,Affiliate,(organic/referral),15.75,105,210,0.79
2015-02-27,Bing,brand,22.0,20,80,2.64
2015-02-27,Bing,nonbrand,97.9,89,356,11.75
2015-02-27,Google,brand,94.5,70,350,11.34
2015-02-27,Google,nonbrand,625.05,463,2315,75.01
2015-02-27,direct,(direct),0.0,95,95,0.0
2015-02-28,Affiliate,(organic/referral),6.15,41,82,0.31
2015-02-28,Bing,brand,16.5,15,60,1.98
2015-02-28,Bing,nonbrand,68.2,62,248,8.18
2015-02-28,Google,brand,59.4,44,220,7.13
2015-02-28,Google,nonbrand,292.95,217,1085,35.15
2015-02-28,direct,(direct),0.0,49,49,0.0
2015-03-01,Affiliate,(organic/referral),10.05,67,134,0.5
2015-03-01,Bing,brand,9.9,9,36,1.19
2015-03-01,Bing,nonbrand,49.5,45,180,5.94
2015-03-01,Google,brand,58.05,43,215,6.97
2015-03-01,Google,nonbrand,368.55,273,1365,44.23
2015-03-01,direct,(direct),0.0,61,61,0.0
2015-03-02,Affiliate,(organic/referral),15.75,105,210,0.79
2015-03-02,Bing,brand,27.5,25,100,3.3
2015-03-02,Bing,nonbrand,99.0,90,360,11.88
2015-03-02,Google,brand,133.65,99,495,16.04
2015-03-02,Google,nonbrand,660.15,489,2445,79.22
2015-03-02,direct,(direct),0.0,123,123,0.0
2015-03-03,Affiliate,(organic/referral),17.7,118,236,0.88
2015-03-03,Bing,brand,22.0,20,80,2.64
2015-03-03,Bing,nonbrand,94.6,86,344,11.35
2015-03-03,Google,brand,116.1,86,430,13.93
2015-03-03,Google,nonbrand,726.3,538,2690,87.16
2015-03-03,direct,(direct),0.0,88,88,0.0
2015-03-04,Affiliate,(organic/referral),20.1,134,268,1.0
2015-03-04,Bing,brand,23.1,21,84,2.77
2015-03-04,Bing,nonbrand,129.8,118,472,15.58
2015-03-04,Google,brand,136.35,101,505,16.36
2015-03-04,Google,nonbrand,783.0,580,2900,93.96
2015-03-04,direct,(direct),0.0,119,119,0.0
2015-03-05,Affiliate,(organic/referral),18.9,126,252,0.94
2015-03-05,Bing,brand,25.3,23,92,3.04
2015-03-05,Bing,nonbrand,116.6,106,424,13.99
2015-03-05,Google,brand,122.85,91,455,14.74
2015-03-05,Google,nonbrand,766.8,568,2840,92.02
2015-03-05,direct,(direct),0.0,115,115,0.0
2015-03-06,Affiliate,(organic/referral),20.1,134,268,1.0
2015-03-06,Bing,brand,33.0,30,120,3.96
2015-03-06,Bing,nonbrand,111.1,101,404,13.33
2015-03-06,Google,brand,129.6,96,480,15.55
2015-03-06,Google,nonbrand,657.45,487,2435,78.89
2015-03-06,direct,(direct),0.0,117,117,0.0
2015-03-07,Affiliate,(organic/referral),8.85,59,118,0.44
2015-03-07,Bing,brand,14.3,13,52,1.72
2015-03-07,Bing,nonbrand,48.4,44,176,5.81
2015-03-07,Google,brand,54.0,40,200,6.48
2015-03-07,Google,nonbrand,364.5,270,1350,43.74
2015-03-07,direct,(direct),0.0,45,45,0.0
2015-03-08,Affiliate,(organic/referral),8.55,57,114,0.43
2015-03-08,Bing,brand,12.1,11,44,1.45
2015-03-08,Bing,nonbrand,64.9,59,236,7.79
2015-03-08,Google,brand,72.9,54,270,8.75
2015-03-08,Google,nonbrand,305.1,226,1130,36.61
2015-03-08,direct,(direct),0.0,45,45,0.0
2015-03-09,Affiliate,(organic/referral),14.4,96,192,0.72
2015-03-09,Bing,brand,22.0,20,80,2.64
2015-03-09,Bing,nonbrand,107.8,98,392,12.94
2015-03-09,Google,brand,106.65,79,395,12.8
2015-03-09,Google,nonbrand,774.9,574,2870,92.99
2015-03-09,direct,(direct),0.0,106,106,0.0
2015-03-10,Affiliate,(organic/referral),17.85,119,238,0.89
2015-03-10,Bing,brand,19.8,18,72,2.38
2015-03-10,Bing,nonbrand,97.9,89,356,11.75
2015-03-10,Google,brand,105.3,78,390,12.64
2015-03-10,Google,nonbrand,766.8,568,2840,92.02
2015-03-10,direct,(direct),0.0,112,112,0.0
2015-03-11,Affiliate,(organic/referral),19.65,131,262,0.98
2015-03-11,Bing,brand,24.2,22,88,2.9
2015-03-11,Bing,nonbrand,108.9,99,396,13.07
2015-03-11,Google,brand,99.9,74,370,11.99
2015-03-11,Google,nonbrand,760.05,563,2815,91.21
2015-03-11,direct,(direct),0.0,105,105,0.0
2015-03-12,Affiliate,(organic/referral),18.3,122,244,0.92
2015-03-12,Bing,brand,14.3,13,52,1.72
2015-03-12,Bing,nonbrand,111.1,101,404,13.33
2015-03-12,Google,brand,130.95,97,485,15.71
2015-03-12,Google,nonbrand,731.7,542,2710,87.8
2015-03-12,direct,(direct),0.0,116,116,0.0
2015-03-13,Affiliate,(organic/referral),15.45,103,206,0.77
2015-03-13,Bing,brand,22.0,20,80,2.64
2015-03-13,Bing,nonbrand,110.0,100,400,13.2
2015-03-13,Google,brand,124.2,92,460,14.9
2015-03-13,Google,nonbrand,630.45,467,2335,75.65
2015-03-13,direct,(direct),0.0,96,96,0.0
2015-03-14,Affiliate,(organic/referral),7.65,51,102,0.38
2015-03-14,Bing,brand,13.2,12,48,1.58
2015-03-14,Bing,nonbrand,46.2,42,168,5.54
2015-03-14,Google,brand,64.8,48,240,7.78
2015-03-14,Google,nonbrand,345.6,256,1280,41.47
2015-03-14,direct,(direct),0.0,53,53,0.0
2015-03-15,Affiliate,(organic/referral),9.0,60,120,0.45
2015-03-15,Bing,brand,7.7,7,28,0.92
2015-03-15,Bing,nonbrand,41.8,38,152,5.02
2015-03-15,Google,brand,51.3,38,190,6.16
2015-03-15,Google,nonbrand,313.2,232,1160,37.58
2015-03-15,direct,(direct),0.0,44,44,0.0
2015-03-16,Affiliate,(organic/referral),18.3,122,244,0.92
2015-03-16,Bing,brand,22.0,20,80,2.64
2015-03-16,Bing,nonbrand,72.6,66,264,8.71
2015-03-16,Google,brand,153.9,114,570,18.47
2015-03-16,Google,nonbrand,729.0,540,2700,87.48
2015-03-16,direct,(direct),0.0,75,75,0.0
2015-03-17,Affiliate,(organic/referral),21.15,141,282,1.06
2015-03-17,Bing,brand,27.5,25,100,3.3
2015-03-17,Bing,nonbrand,56.1,51,204,6.73
2015-03-17,Google,brand,112.05,83,415,13.45
2015-03-17,Google,nonbrand,722.25,535,2675,86.67
2015-03-17,direct,(direct),0.0,89,89,0.0
2015-03-18,Affiliate,(organic/referral),21.75,145,290,1.09
2015-03-18,Bing,brand,20.9,19,76,2.51
2015-03-18,Bing,nonbrand,72.6,66,264,8.71
2015-03-18,Google,brand,121.5,90,450,14.58
2015-03-18,Google,nonbrand,789.75,585,2925,94.77
2015-03-18,direct,(direct),0.0,110,110,0.0
2015-03-19,Affiliate,(organic/referral),3.75,25,50,0.19
2015-03-19,Bing,brand,1.1,1,4,0.13
2015-03-19,Bing,nonbrand,15.4,14,56,1.85
2015-03-19,Google,brand,17.55,13,65,2.11
2015-03-19,Google,nonbrand,120.15,89,445,14.42
2015-03-19,direct,(direct),0.0,9,9,0.0
